"Fecha","ID_Tienda","Tipo_Tienda","Ventas_Totales_Tienda","Inflacion_IPC","Tasa_Desempleo","Diagnostico_Desempleo","Diagnostico_Inflacion"
"2010-02-05",1,A,1643690.9,211.0963582,8.106,Estrés Moderado,Inflación Alta
"2010-02-12",1,A,1641957.44,211.2421698,8.106,Estrés Moderado,Inflación Alta
"2010-02-19",1,A,1611968.17,211.2891429,8.106,Estrés Moderado,Inflación Alta
"2010-02-26",1,A,1409727.59,211.3196429,8.106,Estrés Moderado,Inflación Alta
"2010-03-05",1,A,1554806.68,211.3501429,8.106,Estrés Moderado,Inflación Alta
"2010-03-12",1,A,1439541.59,211.3806429,8.106,Estrés Moderado,Inflación Alta
"2010-03-19",1,A,1472515.79,211.215635,8.106,Estrés Moderado,Inflación Alta
"2010-03-26",1,A,1404429.92,211.0180424,8.106,Estrés Moderado,Inflación Alta
"2010-04-02",1,A,1594968.28,210.8204499,7.808,Estrés Moderado,Inflación Alta
"2010-04-09",1,A,1545418.53,210.6228574,7.808,Estrés Moderado,Inflación Alta
"2010-04-16",1,A,1466058.28,210.4887,7.808,Estrés Moderado,Inflación Alta
"2010-04-23",1,A,1391256.12,210.4391228,7.808,Estrés Moderado,Inflación Alta
"2010-04-30",1,A,1425100.71,210.3895456,7.808,Estrés Moderado,Inflación Alta
"2010-05-07",1,A,1603955.1199999999,210.3399684,7.808,Estrés Moderado,Inflación Alta
"2010-05-14",1,A,1494251.5,210.3374261,7.808,Estrés Moderado,Inflación Alta
"2010-05-21",1,A,1399662.07,210.6170934,7.808,Estrés Moderado,Inflación Alta
"2010-05-28",1,A,1432069.95,210.8967606,7.808,Estrés Moderado,Inflación Alta
"2010-06-04",1,A,1615524.71,211.1764278,7.808,Estrés Moderado,Inflación Alta
"2010-06-11",1,A,1542561.09,211.4560951,7.808,Estrés Moderado,Inflación Alta
"2010-06-18",1,A,1503284.06,211.4537719,7.808,Estrés Moderado,Inflación Alta
"2010-06-25",1,A,1422711.6,211.3386526,7.808,Estrés Moderado,Inflación Alta
"2010-07-02",1,A,1492418.14,211.2235333,7.787,Estrés Moderado,Inflación Alta
"2010-07-09",1,A,1546074.18,211.108414,7.787,Estrés Moderado,Inflación Alta
"2010-07-16",1,A,1448938.92,211.1003854,7.787,Estrés Moderado,Inflación Alta
"2010-07-23",1,A,1385065.2,211.2351443,7.787,Estrés Moderado,Inflación Alta
"2010-07-30",1,A,1371986.6,211.3699032,7.787,Estrés Moderado,Inflación Alta
"2010-08-06",1,A,1605491.78,211.5046621,7.787,Estrés Moderado,Inflación Alta
"2010-08-13",1,A,1508237.76,211.6394211,7.787,Estrés Moderado,Inflación Alta
"2010-08-20",1,A,1513080.49,211.6033633,7.787,Estrés Moderado,Inflación Alta
"2010-08-27",1,A,1449142.92,211.5673056,7.787,Estrés Moderado,Inflación Alta
"2010-09-03",1,A,1540163.53,211.5312479,7.787,Estrés Moderado,Inflación Alta
"2010-09-10",1,A,1507460.69,211.4951902,7.787,Estrés Moderado,Inflación Alta
"2010-09-17",1,A,1430378.67,211.5224596,7.787,Estrés Moderado,Inflación Alta
"2010-09-24",1,A,1351791.03,211.5972246,7.787,Estrés Moderado,Inflación Alta
"2010-10-01",1,A,1453329.5,211.6719895,7.838,Estrés Moderado,Inflación Alta
"2010-10-08",1,A,1508239.93,211.7467544,7.838,Estrés Moderado,Inflación Alta
"2010-10-15",1,A,1459409.1,211.8137436,7.838,Estrés Moderado,Inflación Alta
"2010-10-22",1,A,1345454.0,211.8612937,7.838,Estrés Moderado,Inflación Alta
"2010-10-29",1,A,1384209.22,211.9088438,7.838,Estrés Moderado,Inflación Alta
"2010-11-05",1,A,1551659.28,211.9563939,7.838,Estrés Moderado,Inflación Alta
"2010-11-12",1,A,1494479.49,212.003944,7.838,Estrés Moderado,Inflación Alta
"2010-11-19",1,A,1483784.18,211.8896737,7.838,Estrés Moderado,Inflación Alta
"2010-11-26",1,A,1955624.11,211.7484333,7.838,Estrés Moderado,Inflación Alta
"2010-12-03",1,A,1548033.78,211.607193,7.838,Estrés Moderado,Inflación Alta
"2010-12-10",1,A,1682614.26,211.4659526,7.838,Estrés Moderado,Inflación Alta
"2010-12-17",1,A,1891034.93,211.4053124,7.838,Estrés Moderado,Inflación Alta
"2010-12-24",1,A,2387950.2,211.4051222,7.838,Estrés Moderado,Inflación Alta
"2010-12-31",1,A,1367320.01,211.4049321,7.838,Estrés Moderado,Inflación Alta
"2011-01-07",1,A,1444732.28,211.4047419,7.742,Estrés Moderado,Inflación Alta
"2011-01-14",1,A,1391013.96,211.4574109,7.742,Estrés Moderado,Inflación Alta
"2011-01-21",1,A,1327405.42,211.8272343,7.742,Estrés Moderado,Inflación Alta
"2011-01-28",1,A,1316899.31,212.1970577,7.742,Estrés Moderado,Inflación Alta
"2011-02-04",1,A,1606629.58,212.5668812,7.742,Estrés Moderado,Inflación Alta
"2011-02-11",1,A,1649614.93,212.9367046,7.742,Estrés Moderado,Inflación Alta
"2011-02-18",1,A,1686842.78,213.2478853,7.742,Estrés Moderado,Inflación Alta
"2011-02-25",1,A,1456800.28,213.535609,7.742,Estrés Moderado,Inflación Alta
"2011-03-04",1,A,1636263.41,213.8233327,7.742,Estrés Moderado,Inflación Alta
"2011-03-11",1,A,1553191.63,214.1110564,7.742,Estrés Moderado,Inflación Alta
"2011-03-18",1,A,1576818.06,214.3627114,7.742,Estrés Moderado,Inflación Alta
"2011-03-25",1,A,1541102.3800000001,214.5999389,7.742,Estrés Moderado,Inflación Alta
"2011-04-01",1,A,1495064.75,214.8371664,7.682,Estrés Moderado,Inflación Alta
"2011-04-08",1,A,1614259.35,215.0743939,7.682,Estrés Moderado,Inflación Alta
"2011-04-15",1,A,1559889.0,215.2918561,7.682,Estrés Moderado,Inflación Alta
"2011-04-22",1,A,1564819.81,215.4599053,7.682,Estrés Moderado,Inflación Alta
"2011-04-29",1,A,1455090.69,215.6279544,7.682,Estrés Moderado,Inflación Alta
"2011-05-06",1,A,1629391.28,215.7960035,7.682,Estrés Moderado,Inflación Alta
"2011-05-13",1,A,1604775.58,215.9640526,7.682,Estrés Moderado,Inflación Alta
"2011-05-20",1,A,1428218.27,215.7339202,7.682,Estrés Moderado,Inflación Alta
"2011-05-27",1,A,1466046.67,215.5037878,7.682,Estrés Moderado,Inflación Alta
"2011-06-03",1,A,1635078.41,215.2736553,7.682,Estrés Moderado,Inflación Alta
"2011-06-10",1,A,1588948.32,215.0435229,7.682,Estrés Moderado,Inflación Alta
"2011-06-17",1,A,1532114.86,214.9980596,7.682,Estrés Moderado,Inflación Alta
"2011-06-24",1,A,1438830.15,215.0910982,7.682,Estrés Moderado,Inflación Alta
"2011-07-01",1,A,1488538.09,215.1841368,7.962,Estrés Moderado,Inflación Alta
"2011-07-08",1,A,1534849.64,215.2771754,7.962,Estrés Moderado,Inflación Alta
"2011-07-15",1,A,1455119.97,215.3611087,7.962,Estrés Moderado,Inflación Alta
"2011-07-22",1,A,1396926.82,215.4222784,7.962,Estrés Moderado,Inflación Alta
"2011-07-29",1,A,1352219.79,215.4834482,7.962,Estrés Moderado,Inflación Alta
"2011-08-05",1,A,1624383.75,215.544618,7.962,Estrés Moderado,Inflación Alta
"2011-08-12",1,A,1525147.09,215.6057878,7.962,Estrés Moderado,Inflación Alta
"2011-08-19",1,A,1530761.43,215.6693107,7.962,Estrés Moderado,Inflación Alta
"2011-08-26",1,A,1464693.46,215.7332258,7.962,Estrés Moderado,Inflación Alta
"2011-09-02",1,A,1550229.22,215.7971409,7.962,Estrés Moderado,Inflación Alta
"2011-09-09",1,A,1540471.24,215.861056,7.962,Estrés Moderado,Inflación Alta
"2011-09-16",1,A,1514259.78,216.0410526,7.962,Estrés Moderado,Inflación Alta
"2011-09-23",1,A,1380020.27,216.3758246,7.962,Estrés Moderado,Inflación Alta
"2011-09-30",1,A,1394561.83,216.7105965,7.962,Estrés Moderado,Inflación Alta
"2011-10-07",1,A,1630989.95,217.0453684,7.866,Estrés Moderado,Inflación Alta
"2011-10-14",1,A,1493525.93,217.3552733,7.866,Estrés Moderado,Inflación Alta
"2011-10-21",1,A,1502562.78,217.5159762,7.866,Estrés Moderado,Inflación Alta
"2011-10-28",1,A,1445249.09,217.6766791,7.866,Estrés Moderado,Inflación Alta
"2011-11-04",1,A,1697229.58,217.837382,7.866,Estrés Moderado,Inflación Alta
"2011-11-11",1,A,1594938.89,217.9980849,7.866,Estrés Moderado,Inflación Alta
"2011-11-18",1,A,1539483.7,218.2205088,7.866,Estrés Moderado,Inflación Alta
"2011-11-25",1,A,2033320.66,218.4676211,7.866,Estrés Moderado,Inflación Alta
"2011-12-02",1,A,1584083.95,218.7147333,7.866,Estrés Moderado,Inflación Alta
"2011-12-09",1,A,1799682.38,218.9618456,7.866,Estrés Moderado,Inflación Alta
"2011-12-16",1,A,1881176.67,219.1794533,7.866,Estrés Moderado,Inflación Alta
"2011-12-23",1,A,2270188.99,219.3577216,7.866,Estrés Moderado,Inflación Alta
"2011-12-30",1,A,1497462.72,219.5359898,7.866,Estrés Moderado,Inflación Alta
"2012-01-06",1,A,1550369.92,219.7142581,7.348,Estrés Moderado,Inflación Alta
"2012-01-13",1,A,1459601.17,219.8925263,7.348,Estrés Moderado,Inflación Alta
"2012-01-20",1,A,1394393.84,219.9856893,7.348,Estrés Moderado,Inflación Alta
"2012-01-27",1,A,1319325.59,220.0788523,7.348,Estrés Moderado,Inflación Alta
"2012-02-03",1,A,1636339.65,220.1720153,7.348,Estrés Moderado,Inflación Alta
"2012-02-10",1,A,1802477.43,220.2651783,7.348,Estrés Moderado,Inflación Alta
"2012-02-17",1,A,1819870.0,220.4257586,7.348,Estrés Moderado,Inflación Alta
"2012-02-24",1,A,1539387.83,220.636902,7.348,Estrés Moderado,Inflación Alta
"2012-03-02",1,A,1688420.76,220.8480454,7.348,Estrés Moderado,Inflación Alta
"2012-03-09",1,A,1675431.16,221.0591887,7.348,Estrés Moderado,Inflación Alta
"2012-03-16",1,A,1677472.78,221.2118132,7.348,Estrés Moderado,Inflación Alta
"2012-03-23",1,A,1511068.07,221.2864126,7.348,Estrés Moderado,Inflación Alta
"2012-03-30",1,A,1649604.63,221.3610119,7.348,Estrés Moderado,Inflación Alta
"2012-04-06",1,A,1899676.8800000001,221.4356112,7.143,Estrés Moderado,Inflación Alta
"2012-04-13",1,A,1621031.7,221.5102105,7.143,Estrés Moderado,Inflación Alta
"2012-04-20",1,A,1521577.8699999999,221.5640737,7.143,Estrés Moderado,Inflación Alta
"2012-04-27",1,A,1468928.3699999999,221.6179368,7.143,Estrés Moderado,Inflación Alta
"2012-05-04",1,A,1684519.99,221.6718,7.143,Estrés Moderado,Inflación Alta
"2012-05-11",1,A,1611096.05,221.7256632,7.143,Estrés Moderado,Inflación Alta
"2012-05-18",1,A,1595901.87,221.742674,7.143,Estrés Moderado,Inflación Alta
"2012-05-25",1,A,1555444.55,221.744944,7.143,Estrés Moderado,Inflación Alta
"2012-06-01",1,A,1624477.58,221.7472139,7.143,Estrés Moderado,Inflación Alta
"2012-06-08",1,A,1697230.96,221.7494839,7.143,Estrés Moderado,Inflación Alta
"2012-06-15",1,A,1630607.0,221.7626421,7.143,Estrés Moderado,Inflación Alta
"2012-06-22",1,A,1527845.81,221.8030211,7.143,Estrés Moderado,Inflación Alta
"2012-06-29",1,A,1540421.49,221.8434,7.143,Estrés Moderado,Inflación Alta
"2012-07-06",1,A,1769854.16,221.8837789,6.908,Estrés Moderado,Inflación Alta
"2012-07-13",1,A,1527014.04,221.9241579,6.908,Estrés Moderado,Inflación Alta
"2012-07-20",1,A,1497954.76,221.9327267,6.908,Estrés Moderado,Inflación Alta
"2012-07-27",1,A,1439123.71,221.9412954,6.908,Estrés Moderado,Inflación Alta
"2012-08-03",1,A,1631135.79,221.9498642,6.908,Estrés Moderado,Inflación Alta
"2012-08-10",1,A,1592409.97,221.9584329,6.908,Estrés Moderado,Inflación Alta
"2012-08-17",1,A,1597868.05,222.0384109,6.908,Estrés Moderado,Inflación Alta
"2012-08-24",1,A,1494122.38,222.1719457,6.908,Estrés Moderado,Inflación Alta
"2012-08-31",1,A,1582083.4,222.3054805,6.908,Estrés Moderado,Inflación Alta
"2012-09-07",1,A,1661767.33,222.4390153,6.908,Estrés Moderado,Inflación Alta
"2012-09-14",1,A,1517428.87,222.5820193,6.908,Estrés Moderado,Inflación Alta
"2012-09-21",1,A,1506126.06,222.7818386,6.908,Estrés Moderado,Inflación Alta
"2012-09-28",1,A,1437059.26,222.9816579,6.908,Estrés Moderado,Inflación Alta
"2012-10-05",1,A,1670785.97,223.1814772,6.573,Estrés Moderado,Inflación Alta
"2012-10-12",1,A,1573072.81,223.3812965,6.573,Estrés Moderado,Inflación Alta
"2012-10-19",1,A,1508068.77,223.4257233,6.573,Estrés Moderado,Inflación Alta
"2012-10-26",1,A,1493659.74,223.4442513,6.573,Estrés Moderado,Inflación Alta
"2010-02-05",2,A,2136989.46,210.7526053,8.324,Estrés Moderado,Inflación Alta
"2010-02-12",2,A,2137809.5,210.8979935,8.324,Estrés Moderado,Inflación Alta
"2010-02-19",2,A,2124451.54,210.9451605,8.324,Estrés Moderado,Inflación Alta
"2010-02-26",2,A,1865097.27,210.9759573,8.324,Estrés Moderado,Inflación Alta
"2010-03-05",2,A,1991013.13,211.0067542,8.324,Estrés Moderado,Inflación Alta
"2010-03-12",2,A,1990483.78,211.037551,8.324,Estrés Moderado,Inflación Alta
"2010-03-19",2,A,1946070.8800000001,210.8733316,8.324,Estrés Moderado,Inflación Alta
"2010-03-26",2,A,1750197.81,210.6766095,8.324,Estrés Moderado,Inflación Alta
"2010-04-02",2,A,2066187.72,210.4798874,8.2,Estrés Moderado,Inflación Alta
"2010-04-09",2,A,1954689.21,210.2831653,8.2,Estrés Moderado,Inflación Alta
"2010-04-16",2,A,1874957.94,210.1495463,8.2,Estrés Moderado,Inflación Alta
"2010-04-23",2,A,1821990.93,210.1000648,8.2,Estrés Moderado,Inflación Alta
"2010-04-30",2,A,1802450.29,210.0505833,8.2,Estrés Moderado,Inflación Alta
"2010-05-07",2,A,2042581.71,210.0011018,8.2,Estrés Moderado,Inflación Alta
"2010-05-14",2,A,1880752.36,209.9984585,8.2,Estrés Moderado,Inflación Alta
"2010-05-21",2,A,1896937.1,210.2768443,8.2,Estrés Moderado,Inflación Alta
"2010-05-28",2,A,1957113.89,210.5552301,8.2,Estrés Moderado,Inflación Alta
"2010-06-04",2,A,2102539.93,210.833616,8.2,Estrés Moderado,Inflación Alta
"2010-06-11",2,A,2025538.76,211.1120018,8.2,Estrés Moderado,Inflación Alta
"2010-06-18",2,A,2001636.96,211.1096543,8.2,Estrés Moderado,Inflación Alta
"2010-06-25",2,A,1939927.09,210.9950134,8.2,Estrés Moderado,Inflación Alta
"2010-07-02",2,A,2003940.64,210.8803726,8.099,Estrés Moderado,Inflación Alta
"2010-07-09",2,A,1880902.6199999999,210.7657317,8.099,Estrés Moderado,Inflación Alta
"2010-07-16",2,A,1845879.79,210.7577954,8.099,Estrés Moderado,Inflación Alta
"2010-07-23",2,A,1781717.71,210.8921319,8.099,Estrés Moderado,Inflación Alta
"2010-07-30",2,A,1804246.16,211.0264684,8.099,Estrés Moderado,Inflación Alta
"2010-08-06",2,A,1991909.98,211.1608049,8.099,Estrés Moderado,Inflación Alta
"2010-08-13",2,A,1895601.05,211.2951413,8.099,Estrés Moderado,Inflación Alta
"2010-08-20",2,A,1964335.23,211.2596586,8.099,Estrés Moderado,Inflación Alta
"2010-08-27",2,A,1863840.49,211.2241759,8.099,Estrés Moderado,Inflación Alta
"2010-09-03",2,A,1904608.09,211.1886931,8.099,Estrés Moderado,Inflación Alta
"2010-09-10",2,A,1839128.83,211.1532104,8.099,Estrés Moderado,Inflación Alta
"2010-09-17",2,A,1793903.6,211.1806415,8.099,Estrés Moderado,Inflación Alta
"2010-09-24",2,A,1724557.22,211.2552578,8.099,Estrés Moderado,Inflación Alta
"2010-10-01",2,A,1827440.43,211.3298742,8.163,Estrés Moderado,Inflación Alta
"2010-10-08",2,A,1849921.44,211.4044906,8.163,Estrés Moderado,Inflación Alta
"2010-10-15",2,A,1794355.49,211.4713286,8.163,Estrés Moderado,Inflación Alta
"2010-10-22",2,A,1737947.64,211.5187208,8.163,Estrés Moderado,Inflación Alta
"2010-10-29",2,A,1802755.11,211.5661131,8.163,Estrés Moderado,Inflación Alta
"2010-11-05",2,A,1939061.41,211.6135053,8.163,Estrés Moderado,Inflación Alta
"2010-11-12",2,A,1916812.74,211.6608975,8.163,Estrés Moderado,Inflación Alta
"2010-11-19",2,A,1956739.17,211.5470304,8.163,Estrés Moderado,Inflación Alta
"2010-11-26",2,A,2658725.29,211.4062867,8.163,Estrés Moderado,Inflación Alta
"2010-12-03",2,A,2015781.27,211.265543,8.163,Estrés Moderado,Inflación Alta
"2010-12-10",2,A,2378726.55,211.1247993,8.163,Estrés Moderado,Inflación Alta
"2010-12-17",2,A,2609166.75,211.0645458,8.163,Estrés Moderado,Inflación Alta
"2010-12-24",2,A,3436007.68,211.0646599,8.163,Estrés Moderado,Inflación Alta
"2010-12-31",2,A,1750434.55,211.064774,8.163,Estrés Moderado,Inflación Alta
"2011-01-07",2,A,1758050.79,211.0648881,8.028,Estrés Moderado,Inflación Alta
"2011-01-14",2,A,1744193.58,211.1176713,8.028,Estrés Moderado,Inflación Alta
"2011-01-21",2,A,1751384.9,211.4864691,8.028,Estrés Moderado,Inflación Alta
"2011-01-28",2,A,1695371.68,211.8552668,8.028,Estrés Moderado,Inflación Alta
"2011-02-04",2,A,1929346.23,212.2240646,8.028,Estrés Moderado,Inflación Alta
"2011-02-11",2,A,2168041.61,212.5928624,8.028,Estrés Moderado,Inflación Alta
"2011-02-18",2,A,2080884.82,212.9033115,8.028,Estrés Moderado,Inflación Alta
"2011-02-25",2,A,1833511.08,213.190421,8.028,Estrés Moderado,Inflación Alta
"2011-03-04",2,A,1981607.78,213.4775305,8.028,Estrés Moderado,Inflación Alta
"2011-03-11",2,A,1879107.31,213.7646401,8.028,Estrés Moderado,Inflación Alta
"2011-03-18",2,A,1902557.66,214.0156238,8.028,Estrés Moderado,Inflación Alta
"2011-03-25",2,A,1766162.05,214.2521573,8.028,Estrés Moderado,Inflación Alta
"2011-04-01",2,A,1800171.36,214.4886908,7.931,Estrés Moderado,Inflación Alta
"2011-04-08",2,A,1847552.61,214.7252242,7.931,Estrés Moderado,Inflación Alta
"2011-04-15",2,A,1856467.84,214.9420631,7.931,Estrés Moderado,Inflación Alta
"2011-04-22",2,A,1886339.6,215.1096657,7.931,Estrés Moderado,Inflación Alta
"2011-04-29",2,A,1745545.28,215.2772683,7.931,Estrés Moderado,Inflación Alta
"2011-05-06",2,A,1837743.6,215.4448709,7.931,Estrés Moderado,Inflación Alta
"2011-05-13",2,A,1838513.07,215.6124735,7.931,Estrés Moderado,Inflación Alta
"2011-05-20",2,A,1688281.8599999999,215.3834778,7.931,Estrés Moderado,Inflación Alta
"2011-05-27",2,A,1797732.56,215.1544822,7.931,Estrés Moderado,Inflación Alta
"2011-06-03",2,A,1933756.21,214.9254865,7.931,Estrés Moderado,Inflación Alta
"2011-06-10",2,A,1929153.16,214.6964908,7.931,Estrés Moderado,Inflación Alta
"2011-06-17",2,A,1953771.99,214.6513538,7.931,Estrés Moderado,Inflación Alta
"2011-06-24",2,A,1790925.8,214.7441108,7.931,Estrés Moderado,Inflación Alta
"2011-07-01",2,A,1866243.0,214.8368678,7.852,Estrés Moderado,Inflación Alta
"2011-07-08",2,A,1853161.99,214.9296249,7.852,Estrés Moderado,Inflación Alta
"2011-07-15",2,A,1785187.29,215.0134426,7.852,Estrés Moderado,Inflación Alta
"2011-07-22",2,A,1743816.41,215.0749122,7.852,Estrés Moderado,Inflación Alta
"2011-07-29",2,A,1680693.06,215.1363819,7.852,Estrés Moderado,Inflación Alta
"2011-08-05",2,A,1876704.26,215.1978515,7.852,Estrés Moderado,Inflación Alta
"2011-08-12",2,A,1812768.26,215.2593211,7.852,Estrés Moderado,Inflación Alta
"2011-08-19",2,A,1844094.59,215.3229307,7.852,Estrés Moderado,Inflación Alta
"2011-08-26",2,A,1821139.91,215.386897,7.852,Estrés Moderado,Inflación Alta
"2011-09-02",2,A,1809119.7,215.4508632,7.852,Estrés Moderado,Inflación Alta
"2011-09-09",2,A,1748000.65,215.5148295,7.852,Estrés Moderado,Inflación Alta
"2011-09-16",2,A,1691439.52,215.6944378,7.852,Estrés Moderado,Inflación Alta
"2011-09-23",2,A,1669299.78,216.0282356,7.852,Estrés Moderado,Inflación Alta
"2011-09-30",2,A,1650394.44,216.3620333,7.852,Estrés Moderado,Inflación Alta
"2011-10-07",2,A,1837553.43,216.6958311,7.441,Estrés Moderado,Inflación Alta
"2011-10-14",2,A,1743882.19,217.0048261,7.441,Estrés Moderado,Inflación Alta
"2011-10-21",2,A,1834680.25,217.1650042,7.441,Estrés Moderado,Inflación Alta
"2011-10-28",2,A,1769296.25,217.3251824,7.441,Estrés Moderado,Inflación Alta
"2011-11-04",2,A,1959707.9,217.4853605,7.441,Estrés Moderado,Inflación Alta
"2011-11-11",2,A,1920725.15,217.6455387,7.441,Estrés Moderado,Inflación Alta
"2011-11-18",2,A,1902762.5,217.8670218,7.441,Estrés Moderado,Inflación Alta
"2011-11-25",2,A,2614202.3,218.1130269,7.441,Estrés Moderado,Inflación Alta
"2011-12-02",2,A,1954952.0,218.3590319,7.441,Estrés Moderado,Inflación Alta
"2011-12-09",2,A,2290549.32,218.605037,7.441,Estrés Moderado,Inflación Alta
"2011-12-16",2,A,2432736.52,218.8217928,7.441,Estrés Moderado,Inflación Alta
"2011-12-23",2,A,3224369.8,218.9995495,7.441,Estrés Moderado,Inflación Alta
"2011-12-30",2,A,1874226.52,219.1773063,7.441,Estrés Moderado,Inflación Alta
"2012-01-06",2,A,1799520.1400000001,219.355063,7.057,Estrés Moderado,Inflación Alta
"2012-01-13",2,A,1744725.48,219.5328198,7.057,Estrés Moderado,Inflación Alta
"2012-01-20",2,A,1711769.11,219.6258417,7.057,Estrés Moderado,Inflación Alta
"2012-01-27",2,A,1660906.1400000001,219.7188636,7.057,Estrés Moderado,Inflación Alta
"2012-02-03",2,A,1935299.94,219.8118854,7.057,Estrés Moderado,Inflación Alta
"2012-02-10",2,A,2103322.68,219.9049073,7.057,Estrés Moderado,Inflación Alta
"2012-02-17",2,A,2196688.46,220.0651993,7.057,Estrés Moderado,Inflación Alta
"2012-02-24",2,A,1861802.7,220.275944,7.057,Estrés Moderado,Inflación Alta
"2012-03-02",2,A,1952555.66,220.4866886,7.057,Estrés Moderado,Inflación Alta
"2012-03-09",2,A,1937628.26,220.6974332,7.057,Estrés Moderado,Inflación Alta
"2012-03-16",2,A,1976082.1300000001,220.8498468,7.057,Estrés Moderado,Inflación Alta
"2012-03-23",2,A,1790439.16,220.9244858,7.057,Estrés Moderado,Inflación Alta
"2012-03-30",2,A,1857480.84,220.9991248,7.057,Estrés Moderado,Inflación Alta
"2012-04-06",2,A,2129035.91,221.0737638,6.891,Estrés Moderado,Inflación Alta
"2012-04-13",2,A,1935869.1,221.1484028,6.891,Estrés Moderado,Inflación Alta
"2012-04-20",2,A,1847344.45,221.2021074,6.891,Estrés Moderado,Inflación Alta
"2012-04-27",2,A,1764133.09,221.255812,6.891,Estrés Moderado,Inflación Alta
"2012-05-04",2,A,1923957.0899999999,221.3095166,6.891,Estrés Moderado,Inflación Alta
"2012-05-11",2,A,1917520.99,221.3632212,6.891,Estrés Moderado,Inflación Alta
"2012-05-18",2,A,2000940.67,221.380331,6.891,Estrés Moderado,Inflación Alta
"2012-05-25",2,A,1912791.09,221.3828029,6.891,Estrés Moderado,Inflación Alta
"2012-06-01",2,A,1910092.37,221.3852748,6.891,Estrés Moderado,Inflación Alta
"2012-06-08",2,A,2010216.49,221.3877467,6.891,Estrés Moderado,Inflación Alta
"2012-06-15",2,A,1962924.3,221.4009901,6.891,Estrés Moderado,Inflación Alta
"2012-06-22",2,A,1887733.21,221.4411622,6.891,Estrés Moderado,Inflación Alta
"2012-06-29",2,A,1881046.12,221.4813343,6.891,Estrés Moderado,Inflación Alta
"2012-07-06",2,A,2041507.4,221.5215064,6.565,Estrés Moderado,Inflación Alta
"2012-07-13",2,A,1830075.13,221.5616784,6.565,Estrés Moderado,Inflación Alta
"2012-07-20",2,A,1819666.46,221.5701123,6.565,Estrés Moderado,Inflación Alta
"2012-07-27",2,A,1757923.88,221.5785461,6.565,Estrés Moderado,Inflación Alta
"2012-08-03",2,A,1946104.6400000001,221.5869799,6.565,Estrés Moderado,Inflación Alta
"2012-08-10",2,A,1866719.96,221.5954138,6.565,Estrés Moderado,Inflación Alta
"2012-08-17",2,A,1928016.01,221.6751459,6.565,Estrés Moderado,Inflación Alta
"2012-08-24",2,A,1876788.15,221.8083518,6.565,Estrés Moderado,Inflación Alta
"2012-08-31",2,A,1947083.3,221.9415576,6.565,Estrés Moderado,Inflación Alta
"2012-09-07",2,A,1898777.07,222.0747635,6.565,Estrés Moderado,Inflación Alta
"2012-09-14",2,A,1814806.6300000001,222.2174395,6.565,Estrés Moderado,Inflación Alta
"2012-09-21",2,A,1829415.67,222.4169362,6.565,Estrés Moderado,Inflación Alta
"2012-09-28",2,A,1746470.56,222.6164329,6.565,Estrés Moderado,Inflación Alta
"2012-10-05",2,A,1998321.04,222.8159296,6.17,Estabilidad Laboral,Inflación Alta
"2012-10-12",2,A,1900745.13,223.0154263,6.17,Estabilidad Laboral,Inflación Alta
"2012-10-19",2,A,1847990.41,223.0598077,6.17,Estabilidad Laboral,Inflación Alta
"2012-10-26",2,A,1834458.35,223.0783366,6.17,Estabilidad Laboral,Inflación Alta
"2010-02-05",3,B,461622.22,214.4248812,7.368,Estrés Moderado,Inflación Alta
"2010-02-12",3,B,420728.96,214.5747916,7.368,Estrés Moderado,Inflación Alta
"2010-02-19",3,B,421642.19,214.6198868,7.368,Estrés Moderado,Inflación Alta
"2010-02-26",3,B,407204.86,214.6475127,7.368,Estrés Moderado,Inflación Alta
"2010-03-05",3,B,415202.04000000004,214.6751386,7.368,Estrés Moderado,Inflación Alta
"2010-03-12",3,B,384200.69,214.7027646,7.368,Estrés Moderado,Inflación Alta
"2010-03-19",3,B,375328.59,214.5301219,7.368,Estrés Moderado,Inflación Alta
"2010-03-26",3,B,359949.27,214.3241011,7.368,Estrés Moderado,Inflación Alta
"2010-04-02",3,B,423294.4,214.1180803,7.343,Estrés Moderado,Inflación Alta
"2010-04-09",3,B,415870.27999999997,213.9120595,7.343,Estrés Moderado,Inflación Alta
"2010-04-16",3,B,354993.26,213.7726889,7.343,Estrés Moderado,Inflación Alta
"2010-04-23",3,B,339976.65,213.7221852,7.343,Estrés Moderado,Inflación Alta
"2010-04-30",3,B,361248.39,213.6716815,7.343,Estrés Moderado,Inflación Alta
"2010-05-07",3,B,399323.86,213.6211778,7.343,Estrés Moderado,Inflación Alta
"2010-05-14",3,B,384357.94,213.6196139,7.343,Estrés Moderado,Inflación Alta
"2010-05-21",3,B,343763.17,213.9116886,7.343,Estrés Moderado,Inflación Alta
"2010-05-28",3,B,350089.23,214.2037634,7.343,Estrés Moderado,Inflación Alta
"2010-06-04",3,B,396968.8,214.4958382,7.343,Estrés Moderado,Inflación Alta
"2010-06-11",3,B,355017.09,214.787913,7.343,Estrés Moderado,Inflación Alta
"2010-06-18",3,B,364076.85,214.7858259,7.343,Estrés Moderado,Inflación Alta
"2010-06-25",3,B,357346.48,214.6660741,7.343,Estrés Moderado,Inflación Alta
"2010-07-02",3,B,381151.72000000003,214.5463222,7.346,Estrés Moderado,Inflación Alta
"2010-07-09",3,B,349214.18,214.4265704,7.346,Estrés Moderado,Inflación Alta
"2010-07-16",3,B,352728.78,214.4176476,7.346,Estrés Moderado,Inflación Alta
"2010-07-23",3,B,352864.49,214.5564968,7.346,Estrés Moderado,Inflación Alta
"2010-07-30",3,B,347955.05,214.695346,7.346,Estrés Moderado,Inflación Alta
"2010-08-06",3,B,402635.76,214.8341952,7.346,Estrés Moderado,Inflación Alta
"2010-08-13",3,B,339597.38,214.9730444,7.346,Estrés Moderado,Inflación Alta
"2010-08-20",3,B,351728.21,214.9314191,7.346,Estrés Moderado,Inflación Alta
"2010-08-27",3,B,362134.08999999997,214.8897938,7.346,Estrés Moderado,Inflación Alta
"2010-09-03",3,B,366473.97000000003,214.8481685,7.346,Estrés Moderado,Inflación Alta
"2010-09-10",3,B,352260.97,214.8065431,7.346,Estrés Moderado,Inflación Alta
"2010-09-17",3,B,363064.64,214.8322484,7.346,Estrés Moderado,Inflación Alta
"2010-09-24",3,B,355626.87,214.9084516,7.346,Estrés Moderado,Inflación Alta
"2010-10-01",3,B,358784.1,214.9846548,7.564,Estrés Moderado,Inflación Alta
"2010-10-08",3,B,395107.35,215.060858,7.564,Estrés Moderado,Inflación Alta
"2010-10-15",3,B,345584.39,215.1293114,7.564,Estrés Moderado,Inflación Alta
"2010-10-22",3,B,348895.98,215.17839,7.564,Estrés Moderado,Inflación Alta
"2010-10-29",3,B,348591.74,215.2274686,7.564,Estrés Moderado,Inflación Alta
"2010-11-05",3,B,423175.56,215.2765472,7.564,Estrés Moderado,Inflación Alta
"2010-11-12",3,B,386635.03,215.3256258,7.564,Estrés Moderado,Inflación Alta
"2010-11-19",3,B,372545.32,215.2074519,7.564,Estrés Moderado,Inflación Alta
"2010-11-26",3,B,565567.84,215.0614025,7.564,Estrés Moderado,Inflación Alta
"2010-12-03",3,B,476420.77,214.9153531,7.564,Estrés Moderado,Inflación Alta
"2010-12-10",3,B,467642.02999999997,214.7693037,7.564,Estrés Moderado,Inflación Alta
"2010-12-17",3,B,498159.39,214.704919,7.564,Estrés Moderado,Inflación Alta
"2010-12-24",3,B,605990.41,214.7017828,7.564,Estrés Moderado,Inflación Alta
"2010-12-31",3,B,382677.76,214.6986466,7.564,Estrés Moderado,Inflación Alta
"2011-01-07",3,B,378241.34,214.6955104,7.551,Estrés Moderado,Inflación Alta
"2011-01-14",3,B,381061.10000000003,214.7470729,7.551,Estrés Moderado,Inflación Alta
"2011-01-21",3,B,350876.7,215.1268275,7.551,Estrés Moderado,Inflación Alta
"2011-01-28",3,B,364866.24,215.5065821,7.551,Estrés Moderado,Inflación Alta
"2011-02-04",3,B,438516.53,215.8863367,7.551,Estrés Moderado,Inflación Alta
"2011-02-11",3,B,430526.21,216.2660913,7.551,Estrés Moderado,Inflación Alta
"2011-02-18",3,B,432782.1,216.5843571,7.551,Estrés Moderado,Inflación Alta
"2011-02-25",3,B,397211.19,216.8780275,7.551,Estrés Moderado,Inflación Alta
"2011-03-04",3,B,437084.51,217.1716979,7.551,Estrés Moderado,Inflación Alta
"2011-03-11",3,B,404753.3,217.4653683,7.551,Estrés Moderado,Inflación Alta
"2011-03-18",3,B,392109.51,217.7235226,7.551,Estrés Moderado,Inflación Alta
"2011-03-25",3,B,380683.67,217.9674705,7.551,Estrés Moderado,Inflación Alta
"2011-04-01",3,B,374556.08,218.2114184,7.574,Estrés Moderado,Inflación Alta
"2011-04-08",3,B,384075.31,218.4553663,7.574,Estrés Moderado,Inflación Alta
"2011-04-15",3,B,366250.69,218.6788642,7.574,Estrés Moderado,Inflación Alta
"2011-04-22",3,B,391860.04,218.851237,7.574,Estrés Moderado,Inflación Alta
"2011-04-29",3,B,367405.4,219.0236099,7.574,Estrés Moderado,Inflación Alta
"2011-05-06",3,B,413042.12,219.1959827,7.574,Estrés Moderado,Inflación Alta
"2011-05-13",3,B,386312.68,219.3683556,7.574,Estrés Moderado,Inflación Alta
"2011-05-20",3,B,364603.13,219.127216,7.574,Estrés Moderado,Inflación Alta
"2011-05-27",3,B,369350.6,218.8860765,7.574,Estrés Moderado,Inflación Alta
"2011-06-03",3,B,394507.84,218.6449369,7.574,Estrés Moderado,Inflación Alta
"2011-06-10",3,B,391638.75,218.4037974,7.574,Estrés Moderado,Inflación Alta
"2011-06-17",3,B,403423.34,218.3551748,7.574,Estrés Moderado,Inflación Alta
"2011-06-24",3,B,385520.71,218.45094,7.574,Estrés Moderado,Inflación Alta
"2011-07-01",3,B,368962.72000000003,218.5467052,7.567,Estrés Moderado,Inflación Alta
"2011-07-08",3,B,395146.24,218.6424704,7.567,Estrés Moderado,Inflación Alta
"2011-07-15",3,B,373454.33,218.7275216,7.567,Estrés Moderado,Inflación Alta
"2011-07-22",3,B,360617.37,218.7857881,7.567,Estrés Moderado,Inflación Alta
"2011-07-29",3,B,345381.29,218.8440545,7.567,Estrés Moderado,Inflación Alta
"2011-08-05",3,B,409981.25,218.9023209,7.567,Estrés Moderado,Inflación Alta
"2011-08-12",3,B,380376.85,218.9605873,7.567,Estrés Moderado,Inflación Alta
"2011-08-19",3,B,379716.91,219.023271,7.567,Estrés Moderado,Inflación Alta
"2011-08-26",3,B,366367.55,219.0866908,7.567,Estrés Moderado,Inflación Alta
"2011-09-02",3,B,375988.69,219.1501106,7.567,Estrés Moderado,Inflación Alta
"2011-09-09",3,B,377347.49,219.2135305,7.567,Estrés Moderado,Inflación Alta
"2011-09-16",3,B,375629.51,219.3972867,7.567,Estrés Moderado,Inflación Alta
"2011-09-23",3,B,365248.94,219.7414914,7.567,Estrés Moderado,Inflación Alta
"2011-09-30",3,B,368477.93,220.085696,7.567,Estrés Moderado,Inflación Alta
"2011-10-07",3,B,403342.4,220.4299007,7.197,Estrés Moderado,Inflación Alta
"2011-10-14",3,B,368282.57,220.7486167,7.197,Estrés Moderado,Inflación Alta
"2011-10-21",3,B,394976.36,220.9144005,7.197,Estrés Moderado,Inflación Alta
"2011-10-28",3,B,389540.62,221.0801842,7.197,Estrés Moderado,Inflación Alta
"2011-11-04",3,B,459443.22,221.245968,7.197,Estrés Moderado,Inflación Alta
"2011-11-11",3,B,407764.25,221.4117517,7.197,Estrés Moderado,Inflación Alta
"2011-11-18",3,B,398838.97000000003,221.6432852,7.197,Estrés Moderado,Inflación Alta
"2011-11-25",3,B,556925.1900000001,221.9011185,7.197,Estrés Moderado,Inflación Alta
"2011-12-02",3,B,472511.32,222.1589519,7.197,Estrés Moderado,Inflación Alta
"2011-12-09",3,B,468772.8,222.4167852,7.197,Estrés Moderado,Inflación Alta
"2011-12-16",3,B,510747.62,222.6426418,7.197,Estrés Moderado,Inflación Alta
"2011-12-23",3,B,551221.21,222.8258628,7.197,Estrés Moderado,Inflación Alta
"2011-12-30",3,B,410553.88,223.0090839,7.197,Estrés Moderado,Inflación Alta
"2012-01-06",3,B,398178.21,223.1923049,6.833,Estrés Moderado,Inflación Alta
"2012-01-13",3,B,367438.62,223.3755259,6.833,Estrés Moderado,Inflación Alta
"2012-01-20",3,B,365818.61,223.4700552,6.833,Estrés Moderado,Inflación Alta
"2012-01-27",3,B,349518.10000000003,223.5645845,6.833,Estrés Moderado,Inflación Alta
"2012-02-03",3,B,424960.66000000003,223.6591137,6.833,Estrés Moderado,Inflación Alta
"2012-02-10",3,B,473292.47000000003,223.753643,6.833,Estrés Moderado,Inflación Alta
"2012-02-17",3,B,475591.08,223.9170153,6.833,Estrés Moderado,Inflación Alta
"2012-02-24",3,B,418925.47,224.1320199,6.833,Estrés Moderado,Inflación Alta
"2012-03-02",3,B,469752.56,224.3470245,6.833,Estrés Moderado,Inflación Alta
"2012-03-09",3,B,445162.05,224.5620291,6.833,Estrés Moderado,Inflación Alta
"2012-03-16",3,B,411775.8,224.7166953,6.833,Estrés Moderado,Inflación Alta
"2012-03-23",3,B,413907.25,224.7909104,6.833,Estrés Moderado,Inflación Alta
"2012-03-30",3,B,407488.83999999997,224.8651254,6.833,Estrés Moderado,Inflación Alta
"2012-04-06",3,B,503232.13,224.9393405,6.664,Estrés Moderado,Inflación Alta
"2012-04-13",3,B,420789.74,225.0135556,6.664,Estrés Moderado,Inflación Alta
"2012-04-20",3,B,434822.13,225.0689541,6.664,Estrés Moderado,Inflación Alta
"2012-04-27",3,B,394616.11,225.1243526,6.664,Estrés Moderado,Inflación Alta
"2012-05-04",3,B,439913.57,225.1797511,6.664,Estrés Moderado,Inflación Alta
"2012-05-11",3,B,431985.36,225.2351496,6.664,Estrés Moderado,Inflación Alta
"2012-05-18",3,B,418112.76,225.2512024,6.664,Estrés Moderado,Inflación Alta
"2012-05-25",3,B,413701.29,225.2515168,6.664,Estrés Moderado,Inflación Alta
"2012-06-01",3,B,432268.53,225.2518313,6.664,Estrés Moderado,Inflación Alta
"2012-06-08",3,B,446336.8,225.2521458,6.664,Estrés Moderado,Inflación Alta
"2012-06-15",3,B,442074.79,225.2644795,6.664,Estrés Moderado,Inflación Alta
"2012-06-22",3,B,419497.95,225.3068615,6.664,Estrés Moderado,Inflación Alta
"2012-06-29",3,B,422965.33,225.3492435,6.664,Estrés Moderado,Inflación Alta
"2012-07-06",3,B,411206.5,225.3916254,6.334,Estabilidad Laboral,Inflación Alta
"2012-07-13",3,B,416913.1,225.4340074,6.334,Estabilidad Laboral,Inflación Alta
"2012-07-20",3,B,432424.85,225.4438827,6.334,Estabilidad Laboral,Inflación Alta
"2012-07-27",3,B,389427.9,225.4537579,6.334,Estabilidad Laboral,Inflación Alta
"2012-08-03",3,B,419990.29,225.4636332,6.334,Estabilidad Laboral,Inflación Alta
"2012-08-10",3,B,391811.6,225.4735085,6.334,Estabilidad Laboral,Inflación Alta
"2012-08-17",3,B,394918.83,225.5558664,6.334,Estabilidad Laboral,Inflación Alta
"2012-08-24",3,B,412449.67,225.6925864,6.334,Estabilidad Laboral,Inflación Alta
"2012-08-31",3,B,408838.73,225.8293063,6.334,Estabilidad Laboral,Inflación Alta
"2012-09-07",3,B,408229.73,225.9660263,6.334,Estabilidad Laboral,Inflación Alta
"2012-09-14",3,B,407589.16,226.1122067,6.334,Estabilidad Laboral,Inflación Alta
"2012-09-21",3,B,414392.09,226.3151496,6.334,Estabilidad Laboral,Inflación Alta
"2012-09-28",3,B,389813.02,226.5180926,6.334,Estabilidad Laboral,Inflación Alta
"2012-10-05",3,B,443557.65,226.7210356,6.034,Estabilidad Laboral,Inflación Alta
"2012-10-12",3,B,410804.39,226.9239785,6.034,Estabilidad Laboral,Inflación Alta
"2012-10-19",3,B,424513.08,226.9688442,6.034,Estabilidad Laboral,Inflación Alta
"2012-10-26",3,B,405432.7,226.9873637,6.034,Estabilidad Laboral,Inflación Alta
"2010-02-05",4,A,2135143.87,126.4420645,8.623,Inestabilidad Laboral,Inflación Baja
"2010-02-12",4,A,2188307.39,126.4962581,8.623,Inestabilidad Laboral,Inflación Baja
"2010-02-19",4,A,2049860.26,126.5262857,8.623,Inestabilidad Laboral,Inflación Baja
"2010-02-26",4,A,1925728.84,126.5522857,8.623,Inestabilidad Laboral,Inflación Baja
"2010-03-05",4,A,1971057.44,126.5782857,8.623,Inestabilidad Laboral,Inflación Baja
"2010-03-12",4,A,1894324.09,126.6042857,8.623,Inestabilidad Laboral,Inflación Baja
"2010-03-19",4,A,1897429.36,126.6066452,8.623,Inestabilidad Laboral,Inflación Baja
"2010-03-26",4,A,1762539.3,126.6050645,8.623,Inestabilidad Laboral,Inflación Baja
"2010-04-02",4,A,1979247.1199999999,126.6034839,7.896,Estrés Moderado,Inflación Baja
"2010-04-09",4,A,1818452.72,126.6019032,7.896,Estrés Moderado,Inflación Baja
"2010-04-16",4,A,1851519.69,126.5621,7.896,Estrés Moderado,Inflación Baja
"2010-04-23",4,A,1802677.9,126.4713333,7.896,Estrés Moderado,Inflación Baja
"2010-04-30",4,A,1817273.28,126.3805667,7.896,Estrés Moderado,Inflación Baja
"2010-05-07",4,A,2000626.14,126.2898,7.896,Estrés Moderado,Inflación Baja
"2010-05-14",4,A,1875597.28,126.2085484,7.896,Estrés Moderado,Inflación Baja
"2010-05-21",4,A,1903752.6,126.1843871,7.896,Estrés Moderado,Inflación Baja
"2010-05-28",4,A,1857533.7,126.1602258,7.896,Estrés Moderado,Inflación Baja
"2010-06-04",4,A,1903290.58,126.1360645,7.896,Estrés Moderado,Inflación Baja
"2010-06-11",4,A,1870619.23,126.1119032,7.896,Estrés Moderado,Inflación Baja
"2010-06-18",4,A,1929736.35,126.114,7.896,Estrés Moderado,Inflación Baja
"2010-06-25",4,A,1846651.95,126.1266,7.896,Estrés Moderado,Inflación Baja
"2010-07-02",4,A,1881337.21,126.1392,7.372,Estrés Moderado,Inflación Baja
"2010-07-09",4,A,1812208.22,126.1518,7.372,Estrés Moderado,Inflación Baja
"2010-07-16",4,A,1898427.66,126.1498065,7.372,Estrés Moderado,Inflación Baja
"2010-07-23",4,A,1848426.78,126.1283548,7.372,Estrés Moderado,Inflación Baja
"2010-07-30",4,A,1796637.61,126.1069032,7.372,Estrés Moderado,Inflación Baja
"2010-08-06",4,A,1907638.58,126.0854516,7.372,Estrés Moderado,Inflación Baja
"2010-08-13",4,A,2007050.75,126.064,7.372,Estrés Moderado,Inflación Baja
"2010-08-20",4,A,1997181.09,126.0766452,7.372,Estrés Moderado,Inflación Baja
"2010-08-27",4,A,1848403.92,126.0892903,7.372,Estrés Moderado,Inflación Baja
"2010-09-03",4,A,1935857.58,126.1019355,7.372,Estrés Moderado,Inflación Baja
"2010-09-10",4,A,1865820.81,126.1145806,7.372,Estrés Moderado,Inflación Baja
"2010-09-17",4,A,1899959.61,126.1454667,7.372,Estrés Moderado,Inflación Baja
"2010-09-24",4,A,1810684.68,126.1900333,7.372,Estrés Moderado,Inflación Baja
"2010-10-01",4,A,1842821.02,126.2346,7.127,Estrés Moderado,Inflación Baja
"2010-10-08",4,A,1951494.85,126.2791667,7.127,Estrés Moderado,Inflación Baja
"2010-10-15",4,A,1867345.09,126.3266774,7.127,Estrés Moderado,Inflación Baja
"2010-10-22",4,A,1927610.06,126.3815484,7.127,Estrés Moderado,Inflación Baja
"2010-10-29",4,A,1933333.0,126.4364194,7.127,Estrés Moderado,Inflación Baja
"2010-11-05",4,A,2013115.79,126.4912903,7.127,Estrés Moderado,Inflación Baja
"2010-11-12",4,A,1999794.26,126.5461613,7.127,Estrés Moderado,Inflación Baja
"2010-11-19",4,A,2097809.4,126.6072,7.127,Estrés Moderado,Inflación Baja
"2010-11-26",4,A,2789469.45,126.6692667,7.127,Estrés Moderado,Inflación Baja
"2010-12-03",4,A,2102530.17,126.7313333,7.127,Estrés Moderado,Inflación Baja
"2010-12-10",4,A,2302504.86,126.7934,7.127,Estrés Moderado,Inflación Baja
"2010-12-17",4,A,2740057.14,126.8794839,7.127,Estrés Moderado,Inflación Baja
"2010-12-24",4,A,3526713.39,126.9835806,7.127,Estrés Moderado,Inflación Baja
"2010-12-31",4,A,1794868.74,127.0876774,7.127,Estrés Moderado,Inflación Baja
"2011-01-07",4,A,1862476.27,127.1917742,6.51,Estrés Moderado,Inflación Baja
"2011-01-14",4,A,1865502.46,127.3009355,6.51,Estrés Moderado,Inflación Baja
"2011-01-21",4,A,1886393.94,127.4404839,6.51,Estrés Moderado,Inflación Baja
"2011-01-28",4,A,1814240.85,127.5800323,6.51,Estrés Moderado,Inflación Baja
"2011-02-04",4,A,2119086.04,127.7195806,6.51,Estrés Moderado,Inflación Baja
"2011-02-11",4,A,2187847.29,127.859129,6.51,Estrés Moderado,Inflación Baja
"2011-02-18",4,A,2316495.56,127.99525,6.51,Estrés Moderado,Inflación Baja
"2011-02-25",4,A,2078094.69,128.13,6.51,Estrés Moderado,Inflación Baja
"2011-03-04",4,A,2103455.75,128.26475,6.51,Estrés Moderado,Inflación Baja
"2011-03-11",4,A,2039818.41,128.3995,6.51,Estrés Moderado,Inflación Baja
"2011-03-18",4,A,2116475.38,128.5121935,6.51,Estrés Moderado,Inflación Baja
"2011-03-25",4,A,1944164.32,128.6160645,6.51,Estrés Moderado,Inflación Baja
"2011-04-01",4,A,1900246.47,128.7199355,5.946,Estabilidad Laboral,Inflación Baja
"2011-04-08",4,A,2074953.46,128.8238065,5.946,Estabilidad Laboral,Inflación Baja
"2011-04-15",4,A,1960587.76,128.9107333,5.946,Estabilidad Laboral,Inflación Baja
"2011-04-22",4,A,2220600.76,128.9553,5.946,Estabilidad Laboral,Inflación Baja
"2011-04-29",4,A,1878167.44,128.9998667,5.946,Estabilidad Laboral,Inflación Baja
"2011-05-06",4,A,2063682.76,129.0444333,5.946,Estabilidad Laboral,Inflación Baja
"2011-05-13",4,A,2002362.37,129.089,5.946,Estabilidad Laboral,Inflación Baja
"2011-05-20",4,A,2015563.48,129.0756774,5.946,Estabilidad Laboral,Inflación Baja
"2011-05-27",4,A,1986597.95,129.0623548,5.946,Estabilidad Laboral,Inflación Baja
"2011-06-03",4,A,2065377.15,129.0490323,5.946,Estabilidad Laboral,Inflación Baja
"2011-06-10",4,A,2073951.38,129.0357097,5.946,Estabilidad Laboral,Inflación Baja
"2011-06-17",4,A,2141210.62,129.0432,5.946,Estabilidad Laboral,Inflación Baja
"2011-06-24",4,A,2008344.92,129.0663,5.946,Estabilidad Laboral,Inflación Baja
"2011-07-01",4,A,2051533.53,129.0894,5.644,Estabilidad Laboral,Inflación Baja
"2011-07-08",4,A,2066541.86,129.1125,5.644,Estabilidad Laboral,Inflación Baja
"2011-07-15",4,A,2049046.95,129.1338387,5.644,Estabilidad Laboral,Inflación Baja
"2011-07-22",4,A,2036231.39,129.1507742,5.644,Estabilidad Laboral,Inflación Baja
"2011-07-29",4,A,1989674.07,129.1677097,5.644,Estabilidad Laboral,Inflación Baja
"2011-08-05",4,A,2160057.39,129.1846452,5.644,Estabilidad Laboral,Inflación Baja
"2011-08-12",4,A,2105668.74,129.2015806,5.644,Estabilidad Laboral,Inflación Baja
"2011-08-19",4,A,2232892.1,129.2405806,5.644,Estabilidad Laboral,Inflación Baja
"2011-08-26",4,A,1988490.21,129.2832581,5.644,Estabilidad Laboral,Inflación Baja
"2011-09-02",4,A,2078420.31,129.3259355,5.644,Estabilidad Laboral,Inflación Baja
"2011-09-09",4,A,2093139.01,129.3686129,5.644,Estabilidad Laboral,Inflación Baja
"2011-09-16",4,A,2075577.33,129.4306,5.644,Estabilidad Laboral,Inflación Baja
"2011-09-23",4,A,2031406.41,129.5183333,5.644,Estabilidad Laboral,Inflación Baja
"2011-09-30",4,A,1929486.6300000001,129.6060667,5.644,Estabilidad Laboral,Inflación Baja
"2011-10-07",4,A,2166737.65,129.6938,5.143,Estabilidad Laboral,Inflación Baja
"2011-10-14",4,A,2074548.85,129.7706452,5.143,Estabilidad Laboral,Inflación Baja
"2011-10-21",4,A,2207742.13,129.7821613,5.143,Estabilidad Laboral,Inflación Baja
"2011-10-28",4,A,2151659.59,129.7936774,5.143,Estabilidad Laboral,Inflación Baja
"2011-11-04",4,A,2281217.31,129.8051935,5.143,Estabilidad Laboral,Inflación Baja
"2011-11-11",4,A,2203028.96,129.8167097,5.143,Estabilidad Laboral,Inflación Baja
"2011-11-18",4,A,2243946.59,129.8268333,5.143,Estabilidad Laboral,Inflación Baja
"2011-11-25",4,A,3004702.33,129.8364,5.143,Estabilidad Laboral,Inflación Baja
"2011-12-02",4,A,2180999.26,129.8459667,5.143,Estabilidad Laboral,Inflación Baja
"2011-12-09",4,A,2508955.2399999998,129.8555333,5.143,Estabilidad Laboral,Inflación Baja
"2011-12-16",4,A,2771397.17,129.8980645,5.143,Estabilidad Laboral,Inflación Baja
"2011-12-23",4,A,3676388.98,129.9845484,5.143,Estabilidad Laboral,Inflación Baja
"2011-12-30",4,A,2007105.8599999999,130.0710323,5.143,Estabilidad Laboral,Inflación Baja
"2012-01-06",4,A,2047766.07,130.1575161,4.607,Estabilidad Laboral,Inflación Baja
"2012-01-13",4,A,1941676.61,130.244,4.607,Estabilidad Laboral,Inflación Baja
"2012-01-20",4,A,2005097.76,130.2792258,4.607,Estabilidad Laboral,Inflación Baja
"2012-01-27",4,A,1928720.51,130.3144516,4.607,Estabilidad Laboral,Inflación Baja
"2012-02-03",4,A,2173373.91,130.3496774,4.607,Estabilidad Laboral,Inflación Baja
"2012-02-10",4,A,2374660.64,130.3849032,4.607,Estabilidad Laboral,Inflación Baja
"2012-02-17",4,A,2427640.17,130.4546207,4.607,Estabilidad Laboral,Inflación Baja
"2012-02-24",4,A,2226662.17,130.5502069,4.607,Estabilidad Laboral,Inflación Baja
"2012-03-02",4,A,2206319.9,130.6457931,4.607,Estabilidad Laboral,Inflación Baja
"2012-03-09",4,A,2202450.81,130.7413793,4.607,Estabilidad Laboral,Inflación Baja
"2012-03-16",4,A,2214967.44,130.8261935,4.607,Estabilidad Laboral,Inflación Baja
"2012-03-23",4,A,2091592.54,130.8966452,4.607,Estabilidad Laboral,Inflación Baja
"2012-03-30",4,A,2089381.77,130.9670968,4.607,Estabilidad Laboral,Inflación Baja
"2012-04-06",4,A,2470206.13,131.0375484,4.308,Estabilidad Laboral,Inflación Baja
"2012-04-13",4,A,2105301.39,131.108,4.308,Estabilidad Laboral,Inflación Baja
"2012-04-20",4,A,2144336.89,131.1173333,4.308,Estabilidad Laboral,Inflación Baja
"2012-04-27",4,A,2064065.66,131.1266667,4.308,Estabilidad Laboral,Inflación Baja
"2012-05-04",4,A,2196968.33,131.136,4.308,Estabilidad Laboral,Inflación Baja
"2012-05-11",4,A,2127661.17,131.1453333,4.308,Estabilidad Laboral,Inflación Baja
"2012-05-18",4,A,2207214.81,131.0983226,4.308,Estabilidad Laboral,Inflación Baja
"2012-05-25",4,A,2154137.67,131.0287742,4.308,Estabilidad Laboral,Inflación Baja
"2012-06-01",4,A,2179360.94,130.9592258,4.308,Estabilidad Laboral,Inflación Baja
"2012-06-08",4,A,2245257.18,130.8896774,4.308,Estabilidad Laboral,Inflación Baja
"2012-06-15",4,A,2234190.93,130.8295333,4.308,Estabilidad Laboral,Inflación Baja
"2012-06-22",4,A,2197299.65,130.7929,4.308,Estabilidad Laboral,Inflación Baja
"2012-06-29",4,A,2128362.92,130.7562667,4.308,Estabilidad Laboral,Inflación Baja
"2012-07-06",4,A,2224499.28,130.7196333,4.077,Estabilidad Laboral,Inflación Baja
"2012-07-13",4,A,2100252.61,130.683,4.077,Estabilidad Laboral,Inflación Baja
"2012-07-20",4,A,2175563.69,130.7012903,4.077,Estabilidad Laboral,Inflación Baja
"2012-07-27",4,A,2048613.65,130.7195806,4.077,Estabilidad Laboral,Inflación Baja
"2012-08-03",4,A,2174514.13,130.737871,4.077,Estabilidad Laboral,Inflación Baja
"2012-08-10",4,A,2193367.69,130.7561613,4.077,Estabilidad Laboral,Inflación Baja
"2012-08-17",4,A,2283540.3,130.7909677,4.077,Estabilidad Laboral,Inflación Baja
"2012-08-24",4,A,2125241.68,130.8381613,4.077,Estabilidad Laboral,Inflación Baja
"2012-08-31",4,A,2081181.35,130.8853548,4.077,Estabilidad Laboral,Inflación Baja
"2012-09-07",4,A,2125104.72,130.9325484,4.077,Estabilidad Laboral,Inflación Baja
"2012-09-14",4,A,2117854.6,130.9776667,4.077,Estabilidad Laboral,Inflación Baja
"2012-09-21",4,A,2119438.5300000003,131.0103333,4.077,Estabilidad Laboral,Inflación Baja
"2012-09-28",4,A,2027620.23,131.043,4.077,Estabilidad Laboral,Inflación Baja
"2012-10-05",4,A,2209835.43,131.0756667,3.879,Estabilidad Laboral,Inflación Baja
"2012-10-12",4,A,2133026.07,131.1083333,3.879,Estabilidad Laboral,Inflación Baja
"2012-10-19",4,A,2097266.85,131.1499677,3.879,Estabilidad Laboral,Inflación Baja
"2012-10-26",4,A,2149594.46,131.1930968,3.879,Estabilidad Laboral,Inflación Baja
"2010-02-05",5,B,317173.1,211.6539716,6.566,Estrés Moderado,Inflación Alta
"2010-02-12",5,B,311825.7,211.8004698,6.566,Estrés Moderado,Inflación Alta
"2010-02-19",5,B,303447.57,211.8471283,6.566,Estrés Moderado,Inflación Alta
"2010-02-26",5,B,270281.63,211.8771468,6.566,Estrés Moderado,Inflación Alta
"2010-03-05",5,B,288855.71,211.9071653,6.566,Estrés Moderado,Inflación Alta
"2010-03-12",5,B,297293.59,211.9371839,6.566,Estrés Moderado,Inflación Alta
"2010-03-19",5,B,281706.41,211.770897,6.566,Estrés Moderado,Inflación Alta
"2010-03-26",5,B,273282.97,211.5718925,6.566,Estrés Moderado,Inflación Alta
"2010-04-02",5,B,331406.0,211.372888,6.465,Estabilidad Laboral,Inflación Alta
"2010-04-09",5,B,328020.49,211.1738835,6.465,Estabilidad Laboral,Inflación Alta
"2010-04-16",5,B,306858.69,211.0388528,6.465,Estabilidad Laboral,Inflación Alta
"2010-04-23",5,B,288839.73,210.9891204,6.465,Estabilidad Laboral,Inflación Alta
"2010-04-30",5,B,298697.84,210.939388,6.465,Estabilidad Laboral,Inflación Alta
"2010-05-07",5,B,333522.6,210.8896556,6.465,Estabilidad Laboral,Inflación Alta
"2010-05-14",5,B,296673.77,210.8872772,6.465,Estabilidad Laboral,Inflación Alta
"2010-05-21",5,B,301615.49,211.169023,6.465,Estabilidad Laboral,Inflación Alta
"2010-05-28",5,B,310013.11,211.4507688,6.465,Estabilidad Laboral,Inflación Alta
"2010-06-04",5,B,337825.89,211.7325146,6.465,Estabilidad Laboral,Inflación Alta
"2010-06-11",5,B,296641.91,212.0142605,6.465,Estabilidad Laboral,Inflación Alta
"2010-06-18",5,B,313795.6,212.0119769,6.465,Estabilidad Laboral,Inflación Alta
"2010-06-25",5,B,295257.3,211.8960815,6.465,Estabilidad Laboral,Inflación Alta
"2010-07-02",5,B,305993.27,211.7801861,6.496,Estabilidad Laboral,Inflación Alta
"2010-07-09",5,B,291808.87,211.6642907,6.496,Estabilidad Laboral,Inflación Alta
"2010-07-16",5,B,280701.7,211.6561123,6.496,Estabilidad Laboral,Inflación Alta
"2010-07-23",5,B,274742.63,211.7915565,6.496,Estabilidad Laboral,Inflación Alta
"2010-07-30",5,B,268929.03,211.9270006,6.496,Estabilidad Laboral,Inflación Alta
"2010-08-06",5,B,303043.02,212.0624447,6.496,Estabilidad Laboral,Inflación Alta
"2010-08-13",5,B,286477.35,212.1978889,6.496,Estabilidad Laboral,Inflación Alta
"2010-08-20",5,B,287205.38,212.1608984,6.496,Estabilidad Laboral,Inflación Alta
"2010-08-27",5,B,288519.75,212.123908,6.496,Estabilidad Laboral,Inflación Alta
"2010-09-03",5,B,323798.0,212.0869176,6.496,Estabilidad Laboral,Inflación Alta
"2010-09-10",5,B,306533.08,212.0499271,6.496,Estabilidad Laboral,Inflación Alta
"2010-09-17",5,B,282558.65,212.0769346,6.496,Estabilidad Laboral,Inflación Alta
"2010-09-24",5,B,293131.58,212.1519404,6.496,Estabilidad Laboral,Inflación Alta
"2010-10-01",5,B,283178.12,212.2269463,6.768,Estrés Moderado,Inflación Alta
"2010-10-08",5,B,290494.85,212.3019522,6.768,Estrés Moderado,Inflación Alta
"2010-10-15",5,B,280681.2,212.3691867,6.768,Estrés Moderado,Inflación Alta
"2010-10-22",5,B,284988.27,212.4169928,6.768,Estrés Moderado,Inflación Alta
"2010-10-29",5,B,278031.81,212.464799,6.768,Estrés Moderado,Inflación Alta
"2010-11-05",5,B,325310.3,212.5126051,6.768,Estrés Moderado,Inflación Alta
"2010-11-12",5,B,301827.36,212.5604113,6.768,Estrés Moderado,Inflación Alta
"2010-11-19",5,B,297384.81,212.445487,6.768,Estrés Moderado,Inflación Alta
"2010-11-26",5,B,488362.61,212.303441,6.768,Estrés Moderado,Inflación Alta
"2010-12-03",5,B,344490.88,212.1613951,6.768,Estrés Moderado,Inflación Alta
"2010-12-10",5,B,352811.53,212.0193491,6.768,Estrés Moderado,Inflación Alta
"2010-12-17",5,B,367801.19,211.9580815,6.768,Estrés Moderado,Inflación Alta
"2010-12-24",5,B,466010.25,211.9573978,6.768,Estrés Moderado,Inflación Alta
"2010-12-31",5,B,298180.18,211.9567142,6.768,Estrés Moderado,Inflación Alta
"2011-01-07",5,B,286347.26,211.9560305,6.634,Estrés Moderado,Inflación Alta
"2011-01-14",5,B,260636.71,212.008514,6.634,Estrés Moderado,Inflación Alta
"2011-01-21",5,B,275313.34,212.3800012,6.634,Estrés Moderado,Inflación Alta
"2011-01-28",5,B,279088.39,212.7514884,6.634,Estrés Moderado,Inflación Alta
"2011-02-04",5,B,329613.2,213.1229755,6.634,Estrés Moderado,Inflación Alta
"2011-02-11",5,B,311590.54,213.4944627,6.634,Estrés Moderado,Inflación Alta
"2011-02-18",5,B,356622.61,213.8068304,6.634,Estrés Moderado,Inflación Alta
"2011-02-25",5,B,294659.5,214.0955503,6.634,Estrés Moderado,Inflación Alta
"2011-03-04",5,B,329033.66,214.3842702,6.634,Estrés Moderado,Inflación Alta
"2011-03-11",5,B,293098.1,214.6729901,6.634,Estrés Moderado,Inflación Alta
"2011-03-18",5,B,312177.67,214.9257339,6.634,Estrés Moderado,Inflación Alta
"2011-03-25",5,B,294732.5,215.1640872,6.634,Estrés Moderado,Inflación Alta
"2011-04-01",5,B,314316.55,215.4024406,6.489,Estabilidad Laboral,Inflación Alta
"2011-04-08",5,B,307333.62,215.6407939,6.489,Estabilidad Laboral,Inflación Alta
"2011-04-15",5,B,307913.58,215.8592673,6.489,Estabilidad Laboral,Inflación Alta
"2011-04-22",5,B,328415.44,216.0280407,6.489,Estabilidad Laboral,Inflación Alta
"2011-04-29",5,B,307291.56,216.1968142,6.489,Estabilidad Laboral,Inflación Alta
"2011-05-06",5,B,322904.68,216.3655877,6.489,Estabilidad Laboral,Inflación Alta
"2011-05-13",5,B,290930.01,216.5343611,6.489,Estabilidad Laboral,Inflación Alta
"2011-05-20",5,B,299614.33,216.3023847,6.489,Estabilidad Laboral,Inflación Alta
"2011-05-27",5,B,297149.69,216.0704083,6.489,Estabilidad Laboral,Inflación Alta
"2011-06-03",5,B,329183.92,215.8384319,6.489,Estabilidad Laboral,Inflación Alta
"2011-06-10",5,B,304984.14,215.6064555,6.489,Estabilidad Laboral,Inflación Alta
"2011-06-17",5,B,304811.82,215.560463,6.489,Estabilidad Laboral,Inflación Alta
"2011-06-24",5,B,302881.64,215.6539583,6.489,Estabilidad Laboral,Inflación Alta
"2011-07-01",5,B,327093.89,215.7474537,6.529,Estrés Moderado,Inflación Alta
"2011-07-08",5,B,310804.93,215.8409491,6.529,Estrés Moderado,Inflación Alta
"2011-07-15",5,B,283248.62,215.9250696,6.529,Estrés Moderado,Inflación Alta
"2011-07-22",5,B,292539.73,215.985753,6.529,Estrés Moderado,Inflación Alta
"2011-07-29",5,B,275142.17,216.0464364,6.529,Estrés Moderado,Inflación Alta
"2011-08-05",5,B,317738.56,216.1071198,6.529,Estrés Moderado,Inflación Alta
"2011-08-12",5,B,289886.16000000003,216.1678032,6.529,Estrés Moderado,Inflación Alta
"2011-08-19",5,B,303643.83999999997,216.2311855,6.529,Estrés Moderado,Inflación Alta
"2011-08-26",5,B,310338.17,216.2950176,6.529,Estrés Moderado,Inflación Alta
"2011-09-02",5,B,315645.52999999997,216.3588498,6.529,Estrés Moderado,Inflación Alta
"2011-09-09",5,B,321110.22,216.4226819,6.529,Estrés Moderado,Inflación Alta
"2011-09-16",5,B,278529.71,216.6033083,6.529,Estrés Moderado,Inflación Alta
"2011-09-23",5,B,291024.98,216.9396605,6.529,Estrés Moderado,Inflación Alta
"2011-09-30",5,B,292315.38,217.2760127,6.529,Estrés Moderado,Inflación Alta
"2011-10-07",5,B,309111.47000000003,217.6123648,6.3,Estabilidad Laboral,Inflación Alta
"2011-10-14",5,B,286117.72000000003,217.9237458,6.3,Estabilidad Laboral,Inflación Alta
"2011-10-21",5,B,306069.18,218.0852999,6.3,Estabilidad Laboral,Inflación Alta
"2011-10-28",5,B,307035.11,218.2468539,6.3,Estabilidad Laboral,Inflación Alta
"2011-11-04",5,B,353652.23,218.408408,6.3,Estabilidad Laboral,Inflación Alta
"2011-11-11",5,B,311906.7,218.5699621,6.3,Estabilidad Laboral,Inflación Alta
"2011-11-18",5,B,307944.37,218.793912,6.3,Estabilidad Laboral,Inflación Alta
"2011-11-25",5,B,507900.07,219.0428204,6.3,Estabilidad Laboral,Inflación Alta
"2011-12-02",5,B,376225.61,219.2917287,6.3,Estabilidad Laboral,Inflación Alta
"2011-12-09",5,B,367433.77,219.540637,6.3,Estabilidad Laboral,Inflación Alta
"2011-12-16",5,B,379530.3,219.7596266,6.3,Estabilidad Laboral,Inflación Alta
"2011-12-23",5,B,458562.24,219.9387246,6.3,Estabilidad Laboral,Inflación Alta
"2011-12-30",5,B,349624.88,220.1178226,6.3,Estabilidad Laboral,Inflación Alta
"2012-01-06",5,B,312078.71,220.2969205,5.943,Estabilidad Laboral,Inflación Alta
"2012-01-13",5,B,291454.52,220.4760185,5.943,Estabilidad Laboral,Inflación Alta
"2012-01-20",5,B,287523.98,220.5694104,5.943,Estabilidad Laboral,Inflación Alta
"2012-01-27",5,B,295974.22,220.6628023,5.943,Estabilidad Laboral,Inflación Alta
"2012-02-03",5,B,333948.0,220.7561941,5.943,Estabilidad Laboral,Inflación Alta
"2012-02-10",5,B,349239.88,220.849586,5.943,Estabilidad Laboral,Inflación Alta
"2012-02-17",5,B,356427.98,221.0106341,5.943,Estabilidad Laboral,Inflación Alta
"2012-02-24",5,B,312220.47000000003,221.2224243,5.943,Estabilidad Laboral,Inflación Alta
"2012-03-02",5,B,359206.21,221.4342146,5.943,Estabilidad Laboral,Inflación Alta
"2012-03-09",5,B,347295.6,221.6460048,5.943,Estabilidad Laboral,Inflación Alta
"2012-03-16",5,B,339392.54,221.7989713,5.943,Estabilidad Laboral,Inflación Alta
"2012-03-23",5,B,321299.99,221.8735063,5.943,Estabilidad Laboral,Inflación Alta
"2012-03-30",5,B,331318.73,221.9480412,5.943,Estabilidad Laboral,Inflación Alta
"2012-04-06",5,B,402985.7,222.0225762,5.801,Estabilidad Laboral,Inflación Alta
"2012-04-13",5,B,351832.02999999997,222.0971111,5.801,Estabilidad Laboral,Inflación Alta
"2012-04-20",5,B,330063.06,222.1512315,5.801,Estabilidad Laboral,Inflación Alta
"2012-04-27",5,B,324839.74,222.2053519,5.801,Estabilidad Laboral,Inflación Alta
"2012-05-04",5,B,360932.69,222.2594722,5.801,Estabilidad Laboral,Inflación Alta
"2012-05-11",5,B,333870.52,222.3135926,5.801,Estabilidad Laboral,Inflación Alta
"2012-05-18",5,B,336189.66,222.330443,5.801,Estabilidad Laboral,Inflación Alta
"2012-05-25",5,B,341994.48,222.3323853,5.801,Estabilidad Laboral,Inflación Alta
"2012-06-01",5,B,359867.8,222.3343277,5.801,Estabilidad Laboral,Inflación Alta
"2012-06-08",5,B,341704.59,222.33627,5.801,Estabilidad Laboral,Inflación Alta
"2012-06-15",5,B,327383.64,222.3492901,5.801,Estabilidad Laboral,Inflación Alta
"2012-06-22",5,B,325041.68,222.3900046,5.801,Estabilidad Laboral,Inflación Alta
"2012-06-29",5,B,329658.1,222.4307191,5.801,Estabilidad Laboral,Inflación Alta
"2012-07-06",5,B,341214.43,222.4714336,5.603,Estabilidad Laboral,Inflación Alta
"2012-07-13",5,B,316203.64,222.5121481,5.603,Estabilidad Laboral,Inflación Alta
"2012-07-20",5,B,321205.12,222.5209358,5.603,Estabilidad Laboral,Inflación Alta
"2012-07-27",5,B,306827.36,222.5297234,5.603,Estabilidad Laboral,Inflación Alta
"2012-08-03",5,B,324195.17,222.5385111,5.603,Estabilidad Laboral,Inflación Alta
"2012-08-10",5,B,306759.7,222.5472987,5.603,Estabilidad Laboral,Inflación Alta
"2012-08-17",5,B,314014.18,222.6276753,5.603,Estabilidad Laboral,Inflación Alta
"2012-08-24",5,B,320831.36,222.7617437,5.603,Estabilidad Laboral,Inflación Alta
"2012-08-31",5,B,344642.01,222.8958121,5.603,Estabilidad Laboral,Inflación Alta
"2012-09-07",5,B,350648.91,223.0298805,5.603,Estabilidad Laboral,Inflación Alta
"2012-09-14",5,B,299800.67,223.1734167,5.603,Estabilidad Laboral,Inflación Alta
"2012-09-21",5,B,307306.76,223.3737593,5.603,Estabilidad Laboral,Inflación Alta
"2012-09-28",5,B,310141.68,223.5741019,5.603,Estabilidad Laboral,Inflación Alta
"2012-10-05",5,B,343048.29,223.7744444,5.422,Estabilidad Laboral,Inflación Alta
"2012-10-12",5,B,325345.41,223.974787,5.422,Estabilidad Laboral,Inflación Alta
"2012-10-19",5,B,313358.15,224.0192873,5.422,Estabilidad Laboral,Inflación Alta
"2012-10-26",5,B,319550.77,224.0378139,5.422,Estabilidad Laboral,Inflación Alta
"2010-02-05",6,A,1652635.1,212.6223518,7.259,Estrés Moderado,Inflación Alta
"2010-02-12",6,A,1606283.8599999999,212.7700425,7.259,Estrés Moderado,Inflación Alta
"2010-02-19",6,A,1567138.07,212.8161546,7.259,Estrés Moderado,Inflación Alta
"2010-02-26",6,A,1432953.21,212.845337,7.259,Estrés Moderado,Inflación Alta
"2010-03-05",6,A,1601348.82,212.8745193,7.259,Estrés Moderado,Inflación Alta
"2010-03-12",6,A,1558621.36,212.9037017,7.259,Estrés Moderado,Inflación Alta
"2010-03-19",6,A,1693058.91,212.7351935,7.259,Estrés Moderado,Inflación Alta
"2010-03-26",6,A,1472033.3800000001,212.533737,7.259,Estrés Moderado,Inflación Alta
"2010-04-02",6,A,1770333.9,212.3322805,7.092,Estrés Moderado,Inflación Alta
"2010-04-09",6,A,1667181.82,212.1308239,7.092,Estrés Moderado,Inflación Alta
"2010-04-16",6,A,1519846.36,211.9942765,7.092,Estrés Moderado,Inflación Alta
"2010-04-23",6,A,1540435.99,211.9442745,7.092,Estrés Moderado,Inflación Alta
"2010-04-30",6,A,1498080.16,211.8942725,7.092,Estrés Moderado,Inflación Alta
"2010-05-07",6,A,1619920.04,211.8442706,7.092,Estrés Moderado,Inflación Alta
"2010-05-14",6,A,1524059.4,211.8421769,7.092,Estrés Moderado,Inflación Alta
"2010-05-21",6,A,1531938.44,212.1275324,7.092,Estrés Moderado,Inflación Alta
"2010-05-28",6,A,1644470.66,212.412888,7.092,Estrés Moderado,Inflación Alta
"2010-06-04",6,A,1857380.09,212.6982436,7.092,Estrés Moderado,Inflación Alta
"2010-06-11",6,A,1685652.35,212.9835992,7.092,Estrés Moderado,Inflación Alta
"2010-06-18",6,A,1677248.24,212.9813843,7.092,Estrés Moderado,Inflación Alta
"2010-06-25",6,A,1640681.88,212.8641412,7.092,Estrés Moderado,Inflación Alta
"2010-07-02",6,A,1759777.25,212.746898,6.973,Estrés Moderado,Inflación Alta
"2010-07-09",6,A,1690317.99,212.6296549,6.973,Estrés Moderado,Inflación Alta
"2010-07-16",6,A,1560120.8,212.6212163,6.973,Estrés Moderado,Inflación Alta
"2010-07-23",6,A,1585240.92,212.7578505,6.973,Estrés Moderado,Inflación Alta
"2010-07-30",6,A,1532308.78,212.8944846,6.973,Estrés Moderado,Inflación Alta
"2010-08-06",6,A,1633241.59,213.0311188,6.973,Estrés Moderado,Inflación Alta
"2010-08-13",6,A,1547654.98,213.1677529,6.973,Estrés Moderado,Inflación Alta
"2010-08-20",6,A,1539930.5,213.1291427,6.973,Estrés Moderado,Inflación Alta
"2010-08-27",6,A,1450766.1199999999,213.0905324,6.973,Estrés Moderado,Inflación Alta
"2010-09-03",6,A,1510925.32,213.0519222,6.973,Estrés Moderado,Inflación Alta
"2010-09-10",6,A,1424225.44,213.013312,6.973,Estrés Moderado,Inflación Alta
"2010-09-17",6,A,1308537.75,213.0398643,6.973,Estrés Moderado,Inflación Alta
"2010-09-24",6,A,1275591.84,213.1152886,6.973,Estrés Moderado,Inflación Alta
"2010-10-01",6,A,1328468.89,213.1907129,7.007,Estrés Moderado,Inflación Alta
"2010-10-08",6,A,1360317.9,213.2661373,7.007,Estrés Moderado,Inflación Alta
"2010-10-15",6,A,1344580.92,213.3337977,7.007,Estrés Moderado,Inflación Alta
"2010-10-22",6,A,1332716.53,213.3820486,7.007,Estrés Moderado,Inflación Alta
"2010-10-29",6,A,1385323.7,213.4302994,7.007,Estrés Moderado,Inflación Alta
"2010-11-05",6,A,1505442.15,213.4785503,7.007,Estrés Moderado,Inflación Alta
"2010-11-12",6,A,1495536.46,213.5268011,7.007,Estrés Moderado,Inflación Alta
"2010-11-19",6,A,1518841.45,213.4107412,7.007,Estrés Moderado,Inflación Alta
"2010-11-26",6,A,2267452.4,213.2672961,7.007,Estrés Moderado,Inflación Alta
"2010-12-03",6,A,1677067.24,213.123851,7.007,Estrés Moderado,Inflación Alta
"2010-12-10",6,A,1834737.58,212.9804059,7.007,Estrés Moderado,Inflación Alta
"2010-12-17",6,A,2090268.95,212.918049,7.007,Estrés Moderado,Inflación Alta
"2010-12-24",6,A,2727575.18,212.9165082,7.007,Estrés Moderado,Inflación Alta
"2010-12-31",6,A,1464050.02,212.9149674,7.007,Estrés Moderado,Inflación Alta
"2011-01-07",6,A,1350441.68,212.9134266,6.858,Estrés Moderado,Inflación Alta
"2011-01-14",6,A,1306194.55,212.9655882,6.858,Estrés Moderado,Inflación Alta
"2011-01-21",6,A,1261253.18,213.3399647,6.858,Estrés Moderado,Inflación Alta
"2011-01-28",6,A,1287034.7,213.7143412,6.858,Estrés Moderado,Inflación Alta
"2011-02-04",6,A,1514999.17,214.0887176,6.858,Estrés Moderado,Inflación Alta
"2011-02-11",6,A,1486920.17,214.4630941,6.858,Estrés Moderado,Inflación Alta
"2011-02-18",6,A,1572117.54,214.7775231,6.858,Estrés Moderado,Inflación Alta
"2011-02-25",6,A,1422600.43,215.0679731,6.858,Estrés Moderado,Inflación Alta
"2011-03-04",6,A,1502617.99,215.3584231,6.858,Estrés Moderado,Inflación Alta
"2011-03-11",6,A,1494497.39,215.6488731,6.858,Estrés Moderado,Inflación Alta
"2011-03-18",6,A,1685375.47,215.9035078,6.858,Estrés Moderado,Inflación Alta
"2011-03-25",6,A,1438465.81,216.1438163,6.858,Estrés Moderado,Inflación Alta
"2011-04-01",6,A,1459276.77,216.3841249,6.855,Estrés Moderado,Inflación Alta
"2011-04-08",6,A,1534594.0,216.6244334,6.855,Estrés Moderado,Inflación Alta
"2011-04-15",6,A,1448797.02,216.8446627,6.855,Estrés Moderado,Inflación Alta
"2011-04-22",6,A,1639358.93,217.0146941,6.855,Estrés Moderado,Inflación Alta
"2011-04-29",6,A,1479249.9,217.1847255,6.855,Estrés Moderado,Inflación Alta
"2011-05-06",6,A,1504651.57,217.3547569,6.855,Estrés Moderado,Inflación Alta
"2011-05-13",6,A,1453185.65,217.5247882,6.855,Estrés Moderado,Inflación Alta
"2011-05-20",6,A,1382783.83,217.2896095,6.855,Estrés Moderado,Inflación Alta
"2011-05-27",6,A,1523979.11,217.0544307,6.855,Estrés Moderado,Inflación Alta
"2011-06-03",6,A,1705506.29,216.819252,6.855,Estrés Moderado,Inflación Alta
"2011-06-10",6,A,1598643.65,216.5840732,6.855,Estrés Moderado,Inflación Alta
"2011-06-17",6,A,1622150.33,216.5371616,6.855,Estrés Moderado,Inflación Alta
"2011-06-24",6,A,1543365.9000000001,216.6314502,6.855,Estrés Moderado,Inflación Alta
"2011-07-01",6,A,1694551.15,216.7257388,6.925,Estrés Moderado,Inflación Alta
"2011-07-08",6,A,1709373.62,216.8200275,6.925,Estrés Moderado,Inflación Alta
"2011-07-15",6,A,1526801.24,216.9044732,6.925,Estrés Moderado,Inflación Alta
"2011-07-22",6,A,1526506.08,216.964312,6.925,Estrés Moderado,Inflación Alta
"2011-07-29",6,A,1483991.05,217.0241507,6.925,Estrés Moderado,Inflación Alta
"2011-08-05",6,A,1601584.57,217.0839894,6.925,Estrés Moderado,Inflación Alta
"2011-08-12",6,A,1484995.38,217.1438281,6.925,Estrés Moderado,Inflación Alta
"2011-08-19",6,A,1493544.04,217.2069662,6.925,Estrés Moderado,Inflación Alta
"2011-08-26",6,A,1420405.41,217.2706543,6.925,Estrés Moderado,Inflación Alta
"2011-09-02",6,A,1481618.74,217.3343423,6.925,Estrés Moderado,Inflación Alta
"2011-09-09",6,A,1483574.38,217.3980304,6.925,Estrés Moderado,Inflación Alta
"2011-09-16",6,A,1351407.79,217.5797506,6.925,Estrés Moderado,Inflación Alta
"2011-09-23",6,A,1336044.75,217.9188471,6.925,Estrés Moderado,Inflación Alta
"2011-09-30",6,A,1307551.92,218.2579435,6.925,Estrés Moderado,Inflación Alta
"2011-10-07",6,A,1481739.2,218.59704,6.551,Estrés Moderado,Inflación Alta
"2011-10-14",6,A,1386520.99,218.9109844,6.551,Estrés Moderado,Inflación Alta
"2011-10-21",6,A,1417922.37,219.0740167,6.551,Estrés Moderado,Inflación Alta
"2011-10-28",6,A,1419445.12,219.237049,6.551,Estrés Moderado,Inflación Alta
"2011-11-04",6,A,1523420.3800000001,219.4000812,6.551,Estrés Moderado,Inflación Alta
"2011-11-11",6,A,1536176.54,219.5631135,6.551,Estrés Moderado,Inflación Alta
"2011-11-18",6,A,1524390.07,219.7897137,6.551,Estrés Moderado,Inflación Alta
"2011-11-25",6,A,2249811.55,220.0417412,6.551,Estrés Moderado,Inflación Alta
"2011-12-02",6,A,1688531.34,220.2937686,6.551,Estrés Moderado,Inflación Alta
"2011-12-09",6,A,1903385.14,220.5457961,6.551,Estrés Moderado,Inflación Alta
"2011-12-16",6,A,2034695.56,220.7671856,6.551,Estrés Moderado,Inflación Alta
"2011-12-23",6,A,2644633.02,220.9477245,6.551,Estrés Moderado,Inflación Alta
"2011-12-30",6,A,1598080.52,221.1282634,6.551,Estrés Moderado,Inflación Alta
"2012-01-06",6,A,1395339.71,221.3088023,6.132,Estabilidad Laboral,Inflación Alta
"2012-01-13",6,A,1344243.17,221.4893412,6.132,Estabilidad Laboral,Inflación Alta
"2012-01-20",6,A,1326255.7,221.5831306,6.132,Estabilidad Laboral,Inflación Alta
"2012-01-27",6,A,1315610.66,221.6769199,6.132,Estabilidad Laboral,Inflación Alta
"2012-02-03",6,A,1496305.78,221.7707093,6.132,Estabilidad Laboral,Inflación Alta
"2012-02-10",6,A,1620603.92,221.8644987,6.132,Estabilidad Laboral,Inflación Alta
"2012-02-17",6,A,1632616.09,222.026359,6.132,Estabilidad Laboral,Inflación Alta
"2012-02-24",6,A,1465187.71,222.2392726,6.132,Estabilidad Laboral,Inflación Alta
"2012-03-02",6,A,1550385.65,222.4521862,6.132,Estabilidad Laboral,Inflación Alta
"2012-03-09",6,A,1569304.4,222.6650998,6.132,Estabilidad Laboral,Inflación Alta
"2012-03-16",6,A,1748010.29,222.8186603,6.132,Estabilidad Laboral,Inflación Alta
"2012-03-23",6,A,1495143.6199999999,222.8930835,6.132,Estabilidad Laboral,Inflación Alta
"2012-03-30",6,A,1508933.26,222.9675066,6.132,Estabilidad Laboral,Inflación Alta
"2012-04-06",6,A,1840131.19,223.0419298,5.964,Estabilidad Laboral,Inflación Alta
"2012-04-13",6,A,1616394.45,223.1163529,5.964,Estabilidad Laboral,Inflación Alta
"2012-04-20",6,A,1456073.24,223.17092,5.964,Estabilidad Laboral,Inflación Alta
"2012-04-27",6,A,1456221.1,223.2254871,5.964,Estabilidad Laboral,Inflación Alta
"2012-05-04",6,A,1543461.12,223.2800541,5.964,Estabilidad Laboral,Inflación Alta
"2012-05-11",6,A,1517075.67,223.3346212,5.964,Estabilidad Laboral,Inflación Alta
"2012-05-18",6,A,1513635.64,223.3511928,5.964,Estabilidad Laboral,Inflación Alta
"2012-05-25",6,A,1603793.42,223.3525662,5.964,Estabilidad Laboral,Inflación Alta
"2012-06-01",6,A,1681121.38,223.3539397,5.964,Estabilidad Laboral,Inflación Alta
"2012-06-08",6,A,1696619.52,223.3553131,5.964,Estabilidad Laboral,Inflación Alta
"2012-06-15",6,A,1642247.48,223.3680933,5.964,Estabilidad Laboral,Inflación Alta
"2012-06-22",6,A,1618272.25,223.4093906,5.964,Estabilidad Laboral,Inflación Alta
"2012-06-29",6,A,1648863.46,223.4506878,5.964,Estabilidad Laboral,Inflación Alta
"2012-07-06",6,A,1876359.3900000001,223.4919851,5.668,Estabilidad Laboral,Inflación Alta
"2012-07-13",6,A,1588142.26,223.5332824,5.668,Estabilidad Laboral,Inflación Alta
"2012-07-20",6,A,1574361.97,223.5424501,5.668,Estabilidad Laboral,Inflación Alta
"2012-07-27",6,A,1513229.16,223.5516178,5.668,Estabilidad Laboral,Inflación Alta
"2012-08-03",6,A,1627274.93,223.5607856,5.668,Estabilidad Laboral,Inflación Alta
"2012-08-10",6,A,1588380.73,223.5699533,5.668,Estabilidad Laboral,Inflación Alta
"2012-08-17",6,A,1543049.52,223.6510224,5.668,Estabilidad Laboral,Inflación Alta
"2012-08-24",6,A,1501095.49,223.7860175,5.668,Estabilidad Laboral,Inflación Alta
"2012-08-31",6,A,1577439.81,223.9210125,5.668,Estabilidad Laboral,Inflación Alta
"2012-09-07",6,A,1608077.01,224.0560076,5.668,Estabilidad Laboral,Inflación Alta
"2012-09-14",6,A,1375166.86,224.2004678,5.668,Estabilidad Laboral,Inflación Alta
"2012-09-21",6,A,1425603.65,224.4017192,5.668,Estabilidad Laboral,Inflación Alta
"2012-09-28",6,A,1369131.46,224.6029706,5.668,Estabilidad Laboral,Inflación Alta
"2012-10-05",6,A,1518177.71,224.804222,5.329,Estabilidad Laboral,Inflación Alta
"2012-10-12",6,A,1459396.84,225.0054733,5.329,Estabilidad Laboral,Inflación Alta
"2012-10-19",6,A,1436883.99,225.0501013,5.329,Estabilidad Laboral,Inflación Alta
"2012-10-26",6,A,1431426.34,225.0686254,5.329,Estabilidad Laboral,Inflación Alta
"2010-02-05",7,B,496725.44,189.3816974,9.014,Inestabilidad Laboral,Inflación Media
"2010-02-12",7,B,524104.92,189.4642725,9.014,Inestabilidad Laboral,Inflación Media
"2010-02-19",7,B,506760.54,189.5340998,9.014,Inestabilidad Laboral,Inflación Media
"2010-02-26",7,B,496083.24,189.6018023,9.014,Inestabilidad Laboral,Inflación Media
"2010-03-05",7,B,491419.55,189.6695049,9.014,Inestabilidad Laboral,Inflación Media
"2010-03-12",7,B,480452.1,189.7372075,9.014,Inestabilidad Laboral,Inflación Media
"2010-03-19",7,B,574450.23,189.734262,9.014,Inestabilidad Laboral,Inflación Media
"2010-03-26",7,B,514731.6,189.7195417,9.014,Inestabilidad Laboral,Inflación Media
"2010-04-02",7,B,561145.14,189.7048215,8.963,Inestabilidad Laboral,Inflación Media
"2010-04-09",7,B,484263.25,189.6901012,8.963,Inestabilidad Laboral,Inflación Media
"2010-04-16",7,B,406228.19,189.6628845,8.963,Inestabilidad Laboral,Inflación Media
"2010-04-23",7,B,404751.25,189.6190057,8.963,Inestabilidad Laboral,Inflación Media
"2010-04-30",7,B,373655.61,189.575127,8.963,Inestabilidad Laboral,Inflación Media
"2010-05-07",7,B,395453.83,189.5312483,8.963,Inestabilidad Laboral,Inflación Media
"2010-05-14",7,B,372673.61,189.4904116,8.963,Inestabilidad Laboral,Inflación Media
"2010-05-21",7,B,395195.65,189.467827,8.963,Inestabilidad Laboral,Inflación Media
"2010-05-28",7,B,442734.55,189.4452425,8.963,Inestabilidad Laboral,Inflación Media
"2010-06-04",7,B,509183.22000000003,189.422658,8.963,Inestabilidad Laboral,Inflación Media
"2010-06-11",7,B,498580.87,189.4000734,8.963,Inestabilidad Laboral,Inflación Media
"2010-06-18",7,B,481144.09,189.4185259,8.963,Inestabilidad Laboral,Inflación Media
"2010-06-25",7,B,553714.87,189.4533931,8.963,Inestabilidad Laboral,Inflación Media
"2010-07-02",7,B,575570.77,189.4882603,9.017,Inestabilidad Laboral,Inflación Media
"2010-07-09",7,B,593462.34,189.5231276,9.017,Inestabilidad Laboral,Inflación Media
"2010-07-16",7,B,557166.35,189.6125456,9.017,Inestabilidad Laboral,Inflación Media
"2010-07-23",7,B,570231.21,189.774698,9.017,Inestabilidad Laboral,Inflación Media
"2010-07-30",7,B,603547.16,189.9368504,9.017,Inestabilidad Laboral,Inflación Media
"2010-08-06",7,B,643854.17,190.0990028,9.017,Inestabilidad Laboral,Inflación Media
"2010-08-13",7,B,598185.4,190.2611552,9.017,Inestabilidad Laboral,Inflación Media
"2010-08-20",7,B,582353.17,190.2948237,9.017,Inestabilidad Laboral,Inflación Media
"2010-08-27",7,B,554309.24,190.3284922,9.017,Inestabilidad Laboral,Inflación Media
"2010-09-03",7,B,532765.05,190.3621607,9.017,Inestabilidad Laboral,Inflación Media
"2010-09-10",7,B,535769.32,190.3958293,9.017,Inestabilidad Laboral,Inflación Media
"2010-09-17",7,B,489408.53,190.4688287,9.017,Inestabilidad Laboral,Inflación Media
"2010-09-24",7,B,488008.83,190.5713264,9.017,Inestabilidad Laboral,Inflación Media
"2010-10-01",7,B,448998.73,190.6738241,9.137,Inestabilidad Laboral,Inflación Media
"2010-10-08",7,B,480239.88,190.7763218,9.137,Inestabilidad Laboral,Inflación Media
"2010-10-15",7,B,463370.48,190.8623087,9.137,Inestabilidad Laboral,Inflación Media
"2010-10-22",7,B,472450.81,190.9070184,9.137,Inestabilidad Laboral,Inflación Media
"2010-10-29",7,B,465493.15,190.951728,9.137,Inestabilidad Laboral,Inflación Media
"2010-11-05",7,B,480512.44,190.9964377,9.137,Inestabilidad Laboral,Inflación Media
"2010-11-12",7,B,507584.29,191.0411474,9.137,Inestabilidad Laboral,Inflación Media
"2010-11-19",7,B,482528.36,191.0312172,9.137,Inestabilidad Laboral,Inflación Media
"2010-11-26",7,B,835189.26,191.0121805,9.137,Inestabilidad Laboral,Inflación Media
"2010-12-03",7,B,552811.62,190.9931437,9.137,Inestabilidad Laboral,Inflación Media
"2010-12-10",7,B,599730.07,190.9741069,9.137,Inestabilidad Laboral,Inflación Media
"2010-12-17",7,B,716388.81,191.0303376,9.137,Inestabilidad Laboral,Inflación Media
"2010-12-24",7,B,1045124.88,191.1430189,9.137,Inestabilidad Laboral,Inflación Media
"2010-12-31",7,B,729572.08,191.2557002,9.137,Inestabilidad Laboral,Inflación Media
"2011-01-07",7,B,661163.9400000001,191.3683815,8.818,Inestabilidad Laboral,Inflación Media
"2011-01-14",7,B,547384.9,191.4784939,8.818,Inestabilidad Laboral,Inflación Media
"2011-01-21",7,B,521539.46,191.5731924,8.818,Inestabilidad Laboral,Inflación Media
"2011-01-28",7,B,513372.17,191.667891,8.818,Inestabilidad Laboral,Inflación Media
"2011-02-04",7,B,558027.77,191.7625895,8.818,Inestabilidad Laboral,Inflación Media
"2011-02-11",7,B,559903.13,191.8572881,8.818,Inestabilidad Laboral,Inflación Media
"2011-02-18",7,B,572387.47,191.9178331,8.818,Inestabilidad Laboral,Inflación Media
"2011-02-25",7,B,546690.84,191.9647167,8.818,Inestabilidad Laboral,Inflación Media
"2011-03-04",7,B,551378.39,192.0116004,8.818,Inestabilidad Laboral,Inflación Media
"2011-03-11",7,B,558963.83,192.058484,8.818,Inestabilidad Laboral,Inflación Media
"2011-03-18",7,B,635014.6900000001,192.1237981,8.818,Inestabilidad Laboral,Inflación Media
"2011-03-25",7,B,559061.58,192.1964844,8.818,Inestabilidad Laboral,Inflación Media
"2011-04-01",7,B,513409.67,192.2691707,8.595,Inestabilidad Laboral,Inflación Media
"2011-04-08",7,B,500552.16,192.3418571,8.595,Inestabilidad Laboral,Inflación Media
"2011-04-15",7,B,423380.14,192.4225954,8.595,Inestabilidad Laboral,Inflación Media
"2011-04-22",7,B,466594.89,192.5234638,8.595,Inestabilidad Laboral,Inflación Media
"2011-04-29",7,B,410429.73,192.6243322,8.595,Inestabilidad Laboral,Inflación Media
"2011-05-06",7,B,407012.47000000003,192.7252006,8.595,Inestabilidad Laboral,Inflación Media
"2011-05-13",7,B,414094.05,192.826069,8.595,Inestabilidad Laboral,Inflación Media
"2011-05-20",7,B,424670.98,192.831317,8.595,Inestabilidad Laboral,Inflación Media
"2011-05-27",7,B,457216.87,192.8365651,8.595,Inestabilidad Laboral,Inflación Media
"2011-06-03",7,B,542295.37,192.8418131,8.595,Inestabilidad Laboral,Inflación Media
"2011-06-10",7,B,621099.95,192.8470612,8.595,Inestabilidad Laboral,Inflación Media
"2011-06-17",7,B,610991.35,192.9034759,8.595,Inestabilidad Laboral,Inflación Media
"2011-06-24",7,B,640043.97,192.9982655,8.595,Inestabilidad Laboral,Inflación Media
"2011-07-01",7,B,704344.21,193.0930552,8.622,Inestabilidad Laboral,Inflación Media
"2011-07-08",7,B,761793.9400000001,193.1878448,8.622,Inestabilidad Laboral,Inflación Media
"2011-07-15",7,B,642748.21,193.3125484,8.622,Inestabilidad Laboral,Inflación Media
"2011-07-22",7,B,688043.96,193.5120367,8.622,Inestabilidad Laboral,Inflación Media
"2011-07-29",7,B,653382.62,193.711525,8.622,Inestabilidad Laboral,Inflación Media
"2011-08-05",7,B,695392.84,193.9110133,8.622,Inestabilidad Laboral,Inflación Media
"2011-08-12",7,B,670670.46,194.1105017,8.622,Inestabilidad Laboral,Inflación Media
"2011-08-19",7,B,645156.21,194.2500634,8.622,Inestabilidad Laboral,Inflación Media
"2011-08-26",7,B,629994.47,194.3796374,8.622,Inestabilidad Laboral,Inflación Media
"2011-09-02",7,B,592355.24,194.5092113,8.622,Inestabilidad Laboral,Inflación Media
"2011-09-09",7,B,613135.23,194.6387853,8.622,Inestabilidad Laboral,Inflación Media
"2011-09-16",7,B,558981.45,194.7419707,8.622,Inestabilidad Laboral,Inflación Media
"2011-09-23",7,B,536144.81,194.8099713,8.622,Inestabilidad Laboral,Inflación Media
"2011-09-30",7,B,488880.26,194.8779718,8.622,Inestabilidad Laboral,Inflación Media
"2011-10-07",7,B,525866.36,194.9459724,8.513,Inestabilidad Laboral,Inflación Media
"2011-10-14",7,B,501959.19,195.0261012,8.513,Inestabilidad Laboral,Inflación Media
"2011-10-21",7,B,558691.43,195.1789994,8.513,Inestabilidad Laboral,Inflación Media
"2011-10-28",7,B,527339.52,195.3318977,8.513,Inestabilidad Laboral,Inflación Media
"2011-11-04",7,B,564536.01,195.4847959,8.513,Inestabilidad Laboral,Inflación Media
"2011-11-11",7,B,556015.59,195.6376941,8.513,Inestabilidad Laboral,Inflación Media
"2011-11-18",7,B,539826.56,195.7184713,8.513,Inestabilidad Laboral,Inflación Media
"2011-11-25",7,B,949075.87,195.7704,8.513,Inestabilidad Laboral,Inflación Media
"2011-12-02",7,B,591907.88,195.8223287,8.513,Inestabilidad Laboral,Inflación Media
"2011-12-09",7,B,653845.45,195.8742575,8.513,Inestabilidad Laboral,Inflación Media
"2011-12-16",7,B,720242.1900000001,195.9841685,8.513,Inestabilidad Laboral,Inflación Media
"2011-12-23",7,B,1059715.27,196.1713893,8.513,Inestabilidad Laboral,Inflación Media
"2011-12-30",7,B,815915.52,196.3586101,8.513,Inestabilidad Laboral,Inflación Media
"2012-01-06",7,B,713117.66,196.5458309,8.256,Estrés Moderado,Inflación Media
"2012-01-13",7,B,593875.46,196.7330517,8.256,Estrés Moderado,Inflación Media
"2012-01-20",7,B,578002.85,196.7796652,8.256,Estrés Moderado,Inflación Media
"2012-01-27",7,B,541037.98,196.8262786,8.256,Estrés Moderado,Inflación Media
"2012-02-03",7,B,580453.32,196.8728921,8.256,Estrés Moderado,Inflación Media
"2012-02-10",7,B,563460.77,196.9195056,8.256,Estrés Moderado,Inflación Media
"2012-02-17",7,B,620908.18,196.9432711,8.256,Estrés Moderado,Inflación Media
"2012-02-24",7,B,603041.14,196.9499007,8.256,Estrés Moderado,Inflación Media
"2012-03-02",7,B,551058.13,196.9565303,8.256,Estrés Moderado,Inflación Media
"2012-03-09",7,B,579166.5,196.9631599,8.256,Estrés Moderado,Inflación Media
"2012-03-16",7,B,669205.73,197.0457208,8.256,Estrés Moderado,Inflación Media
"2012-03-23",7,B,615997.29,197.2295234,8.256,Estrés Moderado,Inflación Media
"2012-03-30",7,B,583322.2,197.4133259,8.256,Estrés Moderado,Inflación Media
"2012-04-06",7,B,621425.98,197.5971285,8.09,Estrés Moderado,Inflación Media
"2012-04-13",7,B,517420.23,197.780931,8.09,Estrés Moderado,Inflación Media
"2012-04-20",7,B,457340.06,197.7227385,8.09,Estrés Moderado,Inflación Media
"2012-04-27",7,B,467827.75,197.664546,8.09,Estrés Moderado,Inflación Media
"2012-05-04",7,B,465198.89,197.6063534,8.09,Estrés Moderado,Inflación Media
"2012-05-11",7,B,460397.41,197.5481609,8.09,Estrés Moderado,Inflación Media
"2012-05-18",7,B,468428.3,197.5553137,8.09,Estrés Moderado,Inflación Media
"2012-05-25",7,B,532739.77,197.5886046,8.09,Estrés Moderado,Inflación Media
"2012-06-01",7,B,598495.02,197.6218954,8.09,Estrés Moderado,Inflación Media
"2012-06-08",7,B,642963.75,197.6551863,8.09,Estrés Moderado,Inflación Media
"2012-06-15",7,B,666942.02,197.692292,8.09,Estrés Moderado,Inflación Media
"2012-06-22",7,B,687344.68,197.7389345,8.09,Estrés Moderado,Inflación Media
"2012-06-29",7,B,704335.41,197.785577,8.09,Estrés Moderado,Inflación Media
"2012-07-06",7,B,805642.61,197.8322195,7.872,Estrés Moderado,Inflación Media
"2012-07-13",7,B,694150.89,197.8788621,7.872,Estrés Moderado,Inflación Media
"2012-07-20",7,B,686345.69,197.9290378,7.872,Estrés Moderado,Inflación Media
"2012-07-27",7,B,686365.4,197.9792136,7.872,Estrés Moderado,Inflación Media
"2012-08-03",7,B,680954.81,198.0293893,7.872,Estrés Moderado,Inflación Media
"2012-08-10",7,B,675926.3,198.0795651,7.872,Estrés Moderado,Inflación Media
"2012-08-17",7,B,642450.4,198.1001057,7.872,Estrés Moderado,Inflación Media
"2012-08-24",7,B,609099.37,198.0984199,7.872,Estrés Moderado,Inflación Media
"2012-08-31",7,B,586467.16,198.0967341,7.872,Estrés Moderado,Inflación Media
"2012-09-07",7,B,597876.55,198.0950484,7.872,Estrés Moderado,Inflación Media
"2012-09-14",7,B,541120.2,198.1267184,7.872,Estrés Moderado,Inflación Media
"2012-09-21",7,B,530842.25,198.358523,7.872,Estrés Moderado,Inflación Media
"2012-09-28",7,B,525545.76,198.5903276,7.872,Estrés Moderado,Inflación Media
"2012-10-05",7,B,505830.56,198.8221322,7.557,Estrés Moderado,Inflación Media
"2012-10-12",7,B,503463.93,199.0539368,7.557,Estrés Moderado,Inflación Media
"2012-10-19",7,B,516424.83,199.1481963,7.557,Estrés Moderado,Inflación Media
"2012-10-26",7,B,495543.28,199.2195317,7.557,Estrés Moderado,Inflación Media
"2010-02-05",8,A,1004137.09,214.4714512,6.299,Estabilidad Laboral,Inflación Alta
"2010-02-12",8,A,994801.4,214.6214189,6.299,Estabilidad Laboral,Inflación Alta
"2010-02-19",8,A,963960.37,214.6664878,6.299,Estabilidad Laboral,Inflación Alta
"2010-02-26",8,A,847592.11,214.6940735,6.299,Estabilidad Laboral,Inflación Alta
"2010-03-05",8,A,881503.95,214.7216592,6.299,Estabilidad Laboral,Inflación Alta
"2010-03-12",8,A,860336.16,214.7492449,6.299,Estabilidad Laboral,Inflación Alta
"2010-03-19",8,A,839911.0,214.5764954,6.299,Estabilidad Laboral,Inflación Alta
"2010-03-26",8,A,772539.12,214.3703567,6.299,Estabilidad Laboral,Inflación Alta
"2010-04-02",8,A,914500.91,214.164218,6.29,Estabilidad Laboral,Inflación Alta
"2010-04-09",8,A,916033.92,213.9580793,6.29,Estabilidad Laboral,Inflación Alta
"2010-04-16",8,A,882917.12,213.8186357,6.29,Estabilidad Laboral,Inflación Alta
"2010-04-23",8,A,850440.26,213.768119,6.29,Estabilidad Laboral,Inflación Alta
"2010-04-30",8,A,778672.64,213.7176024,6.29,Estabilidad Laboral,Inflación Alta
"2010-05-07",8,A,916820.96,213.6670857,6.29,Estabilidad Laboral,Inflación Alta
"2010-05-14",8,A,873337.84,213.6655355,6.29,Estabilidad Laboral,Inflación Alta
"2010-05-21",8,A,818333.21,213.9577839,6.29,Estabilidad Laboral,Inflación Alta
"2010-05-28",8,A,868041.5599999999,214.2500323,6.29,Estabilidad Laboral,Inflación Alta
"2010-06-04",8,A,958225.41,214.5422806,6.29,Estabilidad Laboral,Inflación Alta
"2010-06-11",8,A,914835.86,214.834529,6.29,Estabilidad Laboral,Inflación Alta
"2010-06-18",8,A,869922.56,214.8324452,6.29,Estabilidad Laboral,Inflación Alta
"2010-06-25",8,A,814919.11,214.7126286,6.29,Estabilidad Laboral,Inflación Alta
"2010-07-02",8,A,852333.75,214.5928119,6.315,Estabilidad Laboral,Inflación Alta
"2010-07-09",8,A,845289.77,214.4729952,6.315,Estabilidad Laboral,Inflación Alta
"2010-07-16",8,A,848630.5700000001,214.4640599,6.315,Estabilidad Laboral,Inflación Alta
"2010-07-23",8,A,785515.88,214.6029664,6.315,Estabilidad Laboral,Inflación Alta
"2010-07-30",8,A,787295.09,214.7418728,6.315,Estabilidad Laboral,Inflación Alta
"2010-08-06",8,A,893399.77,214.8807793,6.315,Estabilidad Laboral,Inflación Alta
"2010-08-13",8,A,867919.21,215.0196857,6.315,Estabilidad Laboral,Inflación Alta
"2010-08-20",8,A,870676.44,214.9779825,6.315,Estabilidad Laboral,Inflación Alta
"2010-08-27",8,A,888816.78,214.9362793,6.315,Estabilidad Laboral,Inflación Alta
"2010-09-03",8,A,899036.47,214.894576,6.315,Estabilidad Laboral,Inflación Alta
"2010-09-10",8,A,831425.2,214.8528728,6.315,Estabilidad Laboral,Inflación Alta
"2010-09-17",8,A,836707.85,214.8785562,6.315,Estabilidad Laboral,Inflación Alta
"2010-09-24",8,A,773725.08,214.9547795,6.315,Estabilidad Laboral,Inflación Alta
"2010-10-01",8,A,804105.49,215.0310029,6.433,Estabilidad Laboral,Inflación Alta
"2010-10-08",8,A,870349.86,215.1072262,6.433,Estabilidad Laboral,Inflación Alta
"2010-10-15",8,A,826546.96,215.1757,6.433,Estabilidad Laboral,Inflación Alta
"2010-10-22",8,A,836419.14,215.2248,6.433,Estabilidad Laboral,Inflación Alta
"2010-10-29",8,A,830756.76,215.2739,6.433,Estabilidad Laboral,Inflación Alta
"2010-11-05",8,A,927266.34,215.323,6.433,Estabilidad Laboral,Inflación Alta
"2010-11-12",8,A,911538.98,215.3721,6.433,Estabilidad Laboral,Inflación Alta
"2010-11-19",8,A,885608.04,215.2538714,6.433,Estabilidad Laboral,Inflación Alta
"2010-11-26",8,A,1261693.16,215.1077548,6.433,Estabilidad Laboral,Inflación Alta
"2010-12-03",8,A,952766.9299999999,214.9616381,6.433,Estabilidad Laboral,Inflación Alta
"2010-12-10",8,A,1069061.63,214.8155214,6.433,Estabilidad Laboral,Inflación Alta
"2010-12-17",8,A,1220579.55,214.7510843,6.433,Estabilidad Laboral,Inflación Alta
"2010-12-24",8,A,1511641.09,214.7479069,6.433,Estabilidad Laboral,Inflación Alta
"2010-12-31",8,A,773586.49,214.7447295,6.433,Estabilidad Laboral,Inflación Alta
"2011-01-07",8,A,873065.23,214.7415521,6.262,Estabilidad Laboral,Inflación Alta
"2011-01-14",8,A,809646.66,214.7930991,6.262,Estabilidad Laboral,Inflación Alta
"2011-01-21",8,A,822668.23,215.1729926,6.262,Estabilidad Laboral,Inflación Alta
"2011-01-28",8,A,782256.66,215.5528862,6.262,Estabilidad Laboral,Inflación Alta
"2011-02-04",8,A,944594.78,215.9327797,6.262,Estabilidad Laboral,Inflación Alta
"2011-02-11",8,A,996147.39,216.3126733,6.262,Estabilidad Laboral,Inflación Alta
"2011-02-18",8,A,1065108.64,216.6310383,6.262,Estabilidad Laboral,Inflación Alta
"2011-02-25",8,A,917317.15,216.9247918,6.262,Estabilidad Laboral,Inflación Alta
"2011-03-04",8,A,935266.43,217.2185454,6.262,Estabilidad Laboral,Inflación Alta
"2011-03-11",8,A,900387.29,217.512299,6.262,Estabilidad Laboral,Inflación Alta
"2011-03-18",8,A,898289.14,217.7705442,6.262,Estabilidad Laboral,Inflación Alta
"2011-03-25",8,A,827968.36,218.0145862,6.262,Estabilidad Laboral,Inflación Alta
"2011-04-01",8,A,878762.3,218.2586281,6.297,Estabilidad Laboral,Inflación Alta
"2011-04-08",8,A,949825.83,218.50267,6.297,Estabilidad Laboral,Inflación Alta
"2011-04-15",8,A,908278.74,218.7262524,6.297,Estabilidad Laboral,Inflación Alta
"2011-04-22",8,A,937473.13,218.8986857,6.297,Estabilidad Laboral,Inflación Alta
"2011-04-29",8,A,855014.77,219.071119,6.297,Estabilidad Laboral,Inflación Alta
"2011-05-06",8,A,941457.34,219.2435524,6.297,Estabilidad Laboral,Inflación Alta
"2011-05-13",8,A,895763.41,219.4159857,6.297,Estabilidad Laboral,Inflación Alta
"2011-05-20",8,A,836049.89,219.1746922,6.297,Estabilidad Laboral,Inflación Alta
"2011-05-27",8,A,857939.41,218.9333986,6.297,Estabilidad Laboral,Inflación Alta
"2011-06-03",8,A,929222.16,218.6921051,6.297,Estabilidad Laboral,Inflación Alta
"2011-06-10",8,A,897309.41,218.4508115,6.297,Estabilidad Laboral,Inflación Alta
"2011-06-17",8,A,922048.41,218.4021448,6.297,Estabilidad Laboral,Inflación Alta
"2011-06-24",8,A,864881.24,218.4979481,6.297,Estabilidad Laboral,Inflación Alta
"2011-07-01",8,A,883683.35,218.5937514,6.425,Estabilidad Laboral,Inflación Alta
"2011-07-08",8,A,861965.12,218.6895548,6.425,Estabilidad Laboral,Inflación Alta
"2011-07-15",8,A,849925.37,218.7746217,6.425,Estabilidad Laboral,Inflación Alta
"2011-07-22",8,A,829902.42,218.8328475,6.425,Estabilidad Laboral,Inflación Alta
"2011-07-29",8,A,807082.19,218.8910733,6.425,Estabilidad Laboral,Inflación Alta
"2011-08-05",8,A,892393.77,218.9492991,6.425,Estabilidad Laboral,Inflación Alta
"2011-08-12",8,A,856796.1,219.0075249,6.425,Estabilidad Laboral,Inflación Alta
"2011-08-19",8,A,895066.5,219.0701968,6.425,Estabilidad Laboral,Inflación Alta
"2011-08-26",8,A,912542.82,219.1336097,6.425,Estabilidad Laboral,Inflación Alta
"2011-09-02",8,A,891387.14,219.1970226,6.425,Estabilidad Laboral,Inflación Alta
"2011-09-09",8,A,848358.09,219.2604355,6.425,Estabilidad Laboral,Inflación Alta
"2011-09-16",8,A,870971.82,219.4442443,6.425,Estabilidad Laboral,Inflación Alta
"2011-09-23",8,A,806444.29,219.788581,6.425,Estabilidad Laboral,Inflación Alta
"2011-09-30",8,A,809049.37,220.1329176,6.425,Estabilidad Laboral,Inflación Alta
"2011-10-07",8,A,929976.55,220.4772543,6.123,Estabilidad Laboral,Inflación Alta
"2011-10-14",8,A,863188.26,220.7960935,6.123,Estabilidad Laboral,Inflación Alta
"2011-10-21",8,A,905984.49,220.9619484,6.123,Estabilidad Laboral,Inflación Alta
"2011-10-28",8,A,876712.31,221.1278032,6.123,Estabilidad Laboral,Inflación Alta
"2011-11-04",8,A,947815.05,221.2936581,6.123,Estabilidad Laboral,Inflación Alta
"2011-11-11",8,A,917088.48,221.4595129,6.123,Estabilidad Laboral,Inflación Alta
"2011-11-18",8,A,897032.19,221.6911738,6.123,Estabilidad Laboral,Inflación Alta
"2011-11-25",8,A,1235163.86,221.9491571,6.123,Estabilidad Laboral,Inflación Alta
"2011-12-02",8,A,986601.46,222.2071405,6.123,Estabilidad Laboral,Inflación Alta
"2011-12-09",8,A,1051922.95,222.4651238,6.123,Estabilidad Laboral,Inflación Alta
"2011-12-16",8,A,1118163.94,222.6910959,6.123,Estabilidad Laboral,Inflación Alta
"2011-12-23",8,A,1462254.05,222.8743862,6.123,Estabilidad Laboral,Inflación Alta
"2011-12-30",8,A,858572.22,223.0576765,6.123,Estabilidad Laboral,Inflación Alta
"2012-01-06",8,A,872113.23,223.2409668,5.825,Estabilidad Laboral,Inflación Alta
"2012-01-13",8,A,817661.76,223.4242571,5.825,Estabilidad Laboral,Inflación Alta
"2012-01-20",8,A,813954.82,223.5188055,5.825,Estabilidad Laboral,Inflación Alta
"2012-01-27",8,A,778178.53,223.6133539,5.825,Estabilidad Laboral,Inflación Alta
"2012-02-03",8,A,927610.69,223.7079023,5.825,Estabilidad Laboral,Inflación Alta
"2012-02-10",8,A,1021400.42,223.8024507,5.825,Estabilidad Laboral,Inflación Alta
"2012-02-17",8,A,1096232.89,223.9658621,5.825,Estabilidad Laboral,Inflación Alta
"2012-02-24",8,A,928537.54,224.1809207,5.825,Estabilidad Laboral,Inflación Alta
"2012-03-02",8,A,952264.91,224.3959793,5.825,Estabilidad Laboral,Inflación Alta
"2012-03-09",8,A,960115.5599999999,224.6110379,5.825,Estabilidad Laboral,Inflación Alta
"2012-03-16",8,A,921178.39,224.7657327,5.825,Estabilidad Laboral,Inflación Alta
"2012-03-23",8,A,874223.25,224.8399424,5.825,Estabilidad Laboral,Inflación Alta
"2012-03-30",8,A,905935.29,224.9141521,5.825,Estabilidad Laboral,Inflación Alta
"2012-04-06",8,A,1046816.59,224.9883618,5.679,Estabilidad Laboral,Inflación Alta
"2012-04-13",8,A,909989.45,225.0625714,5.679,Estabilidad Laboral,Inflación Alta
"2012-04-20",8,A,872288.46,225.1179914,5.679,Estabilidad Laboral,Inflación Alta
"2012-04-27",8,A,879448.25,225.1734114,5.679,Estabilidad Laboral,Inflación Alta
"2012-05-04",8,A,937232.09,225.2288314,5.679,Estabilidad Laboral,Inflación Alta
"2012-05-11",8,A,920128.89,225.2842514,5.679,Estabilidad Laboral,Inflación Alta
"2012-05-18",8,A,913922.01,225.3002908,5.679,Estabilidad Laboral,Inflación Alta
"2012-05-25",8,A,895157.4400000001,225.3005779,5.679,Estabilidad Laboral,Inflación Alta
"2012-06-01",8,A,921161.2000000001,225.300865,5.679,Estabilidad Laboral,Inflación Alta
"2012-06-08",8,A,928820.0,225.3011521,5.679,Estabilidad Laboral,Inflación Alta
"2012-06-15",8,A,916918.7,225.3134743,5.679,Estabilidad Laboral,Inflación Alta
"2012-06-22",8,A,899449.65,225.3558843,5.679,Estabilidad Laboral,Inflación Alta
"2012-06-29",8,A,878298.22,225.3982943,5.679,Estabilidad Laboral,Inflación Alta
"2012-07-06",8,A,936205.5,225.4407043,5.401,Estabilidad Laboral,Inflación Alta
"2012-07-13",8,A,890488.01,225.4831143,5.401,Estabilidad Laboral,Inflación Alta
"2012-07-20",8,A,888834.07,225.4930078,5.401,Estabilidad Laboral,Inflación Alta
"2012-07-27",8,A,838227.52,225.5029014,5.401,Estabilidad Laboral,Inflación Alta
"2012-08-03",8,A,897076.73,225.5127949,5.401,Estabilidad Laboral,Inflación Alta
"2012-08-10",8,A,930745.6900000001,225.5226885,5.401,Estabilidad Laboral,Inflación Alta
"2012-08-17",8,A,896613.19,225.6050797,5.401,Estabilidad Laboral,Inflación Alta
"2012-08-24",8,A,936373.65,225.7418442,5.401,Estabilidad Laboral,Inflación Alta
"2012-08-31",8,A,976137.73,225.8786088,5.401,Estabilidad Laboral,Inflación Alta
"2012-09-07",8,A,932160.37,226.0153733,5.401,Estabilidad Laboral,Inflación Alta
"2012-09-14",8,A,883569.38,226.1615981,5.401,Estabilidad Laboral,Inflación Alta
"2012-09-21",8,A,857796.45,226.3645848,5.401,Estabilidad Laboral,Inflación Alta
"2012-09-28",8,A,884724.41,226.5675714,5.401,Estabilidad Laboral,Inflación Alta
"2012-10-05",8,A,976436.02,226.7705581,5.124,Estabilidad Laboral,Inflación Alta
"2012-10-12",8,A,927511.99,226.9735448,5.124,Estabilidad Laboral,Inflación Alta
"2012-10-19",8,A,900309.75,227.0184166,5.124,Estabilidad Laboral,Inflación Alta
"2012-10-26",8,A,891671.44,227.0369359,5.124,Estabilidad Laboral,Inflación Alta
"2010-02-05",9,B,549505.55,214.6554591,6.415,Estabilidad Laboral,Inflación Alta
"2010-02-12",9,B,552677.48,214.8056534,6.415,Estabilidad Laboral,Inflación Alta
"2010-02-19",9,B,511327.9,214.8506185,6.415,Estabilidad Laboral,Inflación Alta
"2010-02-26",9,B,473773.27,214.8780453,6.415,Estabilidad Laboral,Inflación Alta
"2010-03-05",9,B,507297.88,214.9054721,6.415,Estabilidad Laboral,Inflación Alta
"2010-03-12",9,B,494145.8,214.932899,6.415,Estabilidad Laboral,Inflación Alta
"2010-03-19",9,B,485744.61,214.7597274,6.415,Estabilidad Laboral,Inflación Alta
"2010-03-26",9,B,484946.56,214.5531227,6.415,Estabilidad Laboral,Inflación Alta
"2010-04-02",9,B,545206.32,214.3465181,6.384,Estabilidad Laboral,Inflación Alta
"2010-04-09",9,B,529384.3099999999,214.1399135,6.384,Estabilidad Laboral,Inflación Alta
"2010-04-16",9,B,485764.32,214.0001817,6.384,Estabilidad Laboral,Inflación Alta
"2010-04-23",9,B,488683.57,213.9496138,6.384,Estabilidad Laboral,Inflación Alta
"2010-04-30",9,B,491723.42,213.8990459,6.384,Estabilidad Laboral,Inflación Alta
"2010-05-07",9,B,526128.61,213.848478,6.384,Estabilidad Laboral,Inflación Alta
"2010-05-14",9,B,492792.8,213.8469819,6.384,Estabilidad Laboral,Inflación Alta
"2010-05-21",9,B,506274.94,214.1399162,6.384,Estabilidad Laboral,Inflación Alta
"2010-05-28",9,B,558143.53,214.4328505,6.384,Estabilidad Laboral,Inflación Alta
"2010-06-04",9,B,586061.46,214.7257848,6.384,Estabilidad Laboral,Inflación Alta
"2010-06-11",9,B,522715.68,215.0187191,6.384,Estabilidad Laboral,Inflación Alta
"2010-06-18",9,B,513073.87,215.0166484,6.384,Estabilidad Laboral,Inflación Alta
"2010-06-25",9,B,509263.27999999997,214.8965756,6.384,Estabilidad Laboral,Inflación Alta
"2010-07-02",9,B,528832.54,214.7765028,6.442,Estabilidad Laboral,Inflación Alta
"2010-07-09",9,B,485389.14999999997,214.6564301,6.442,Estabilidad Laboral,Inflación Alta
"2010-07-16",9,B,474030.51,214.6474453,6.442,Estabilidad Laboral,Inflación Alta
"2010-07-23",9,B,462676.5,214.7865779,6.442,Estabilidad Laboral,Inflación Alta
"2010-07-30",9,B,468675.19,214.9257105,6.442,Estabilidad Laboral,Inflación Alta
"2010-08-06",9,B,522815.45,215.064843,6.442,Estabilidad Laboral,Inflación Alta
"2010-08-13",9,B,481897.98,215.2039756,6.442,Estabilidad Laboral,Inflación Alta
"2010-08-20",9,B,499325.38,215.1619646,6.442,Estabilidad Laboral,Inflación Alta
"2010-08-27",9,B,506789.66,215.1199536,6.442,Estabilidad Laboral,Inflación Alta
"2010-09-03",9,B,511049.06,215.0779426,6.442,Estabilidad Laboral,Inflación Alta
"2010-09-10",9,B,484835.2,215.0359315,6.442,Estabilidad Laboral,Inflación Alta
"2010-09-17",9,B,463448.58999999997,215.0615285,6.442,Estabilidad Laboral,Inflación Alta
"2010-09-24",9,B,452905.22,215.1378313,6.442,Estabilidad Laboral,Inflación Alta
"2010-10-01",9,B,495692.19,215.2141341,6.56,Estrés Moderado,Inflación Alta
"2010-10-08",9,B,505069.21,215.290437,6.56,Estrés Moderado,Inflación Alta
"2010-10-15",9,B,454769.68,215.3589917,6.56,Estrés Moderado,Inflación Alta
"2010-10-22",9,B,466322.76,215.4081762,6.56,Estrés Moderado,Inflación Alta
"2010-10-29",9,B,508801.61,215.4573607,6.56,Estrés Moderado,Inflación Alta
"2010-11-05",9,B,517869.97,215.5065452,6.56,Estrés Moderado,Inflación Alta
"2010-11-12",9,B,520846.68,215.5557297,6.56,Estrés Moderado,Inflación Alta
"2010-11-19",9,B,519823.3,215.4372854,6.56,Estrés Moderado,Inflación Alta
"2010-11-26",9,B,768070.53,215.2909028,6.56,Estrés Moderado,Inflación Alta
"2010-12-03",9,B,578164.82,215.1445203,6.56,Estrés Moderado,Inflación Alta
"2010-12-10",9,B,618121.82,214.9981378,6.56,Estrés Moderado,Inflación Alta
"2010-12-17",9,B,685243.2,214.9334937,6.56,Estrés Moderado,Inflación Alta
"2010-12-24",9,B,873347.55,214.9301534,6.56,Estrés Moderado,Inflación Alta
"2010-12-31",9,B,459770.85,214.9268131,6.56,Estrés Moderado,Inflación Alta
"2011-01-07",9,B,490981.78,214.9234729,6.416,Estabilidad Laboral,Inflación Alta
"2011-01-14",9,B,458086.69,214.9749587,6.416,Estabilidad Laboral,Inflación Alta
"2011-01-21",9,B,454021.69,215.3554013,6.416,Estabilidad Laboral,Inflación Alta
"2011-01-28",9,B,463561.48,215.7358438,6.416,Estabilidad Laboral,Inflación Alta
"2011-02-04",9,B,544612.28,216.1162864,6.416,Estabilidad Laboral,Inflación Alta
"2011-02-11",9,B,555279.02,216.496729,6.416,Estabilidad Laboral,Inflación Alta
"2011-02-18",9,B,610985.56,216.8154856,6.416,Estabilidad Laboral,Inflación Alta
"2011-02-25",9,B,513107.2,217.1095679,6.416,Estabilidad Laboral,Inflación Alta
"2011-03-04",9,B,542016.18,217.4036503,6.416,Estabilidad Laboral,Inflación Alta
"2011-03-11",9,B,517783.5,217.6977326,6.416,Estabilidad Laboral,Inflación Alta
"2011-03-18",9,B,515226.11,217.9563371,6.416,Estabilidad Laboral,Inflación Alta
"2011-03-25",9,B,497488.4,218.2007506,6.416,Estabilidad Laboral,Inflación Alta
"2011-04-01",9,B,520962.14,218.445164,6.38,Estabilidad Laboral,Inflación Alta
"2011-04-08",9,B,561625.92,218.6895775,6.38,Estabilidad Laboral,Inflación Alta
"2011-04-15",9,B,528420.28,218.9134935,6.38,Estabilidad Laboral,Inflación Alta
"2011-04-22",9,B,549502.11,219.0861659,6.38,Estabilidad Laboral,Inflación Alta
"2011-04-29",9,B,532226.2,219.2588382,6.38,Estabilidad Laboral,Inflación Alta
"2011-05-06",9,B,545251.1,219.4315106,6.38,Estabilidad Laboral,Inflación Alta
"2011-05-13",9,B,539126.0,219.6041829,6.38,Estabilidad Laboral,Inflación Alta
"2011-05-20",9,B,518266.9,219.3622809,6.38,Estabilidad Laboral,Inflación Alta
"2011-05-27",9,B,553834.04,219.1203788,6.38,Estabilidad Laboral,Inflación Alta
"2011-06-03",9,B,587004.29,218.8784768,6.38,Estabilidad Laboral,Inflación Alta
"2011-06-10",9,B,550076.3200000001,218.6365747,6.38,Estabilidad Laboral,Inflación Alta
"2011-06-17",9,B,558671.14,218.5877333,6.38,Estabilidad Laboral,Inflación Alta
"2011-06-24",9,B,538745.93,218.6836874,6.38,Estabilidad Laboral,Inflación Alta
"2011-07-01",9,B,537064.03,218.7796415,6.404,Estabilidad Laboral,Inflación Alta
"2011-07-08",9,B,535983.13,218.8755955,6.404,Estabilidad Laboral,Inflación Alta
"2011-07-15",9,B,512834.04000000004,218.9607242,6.404,Estabilidad Laboral,Inflación Alta
"2011-07-22",9,B,491449.94,219.0187895,6.404,Estabilidad Laboral,Inflación Alta
"2011-07-29",9,B,471449.98000000004,219.0768548,6.404,Estabilidad Laboral,Inflación Alta
"2011-08-05",9,B,554879.67,219.1349201,6.404,Estabilidad Laboral,Inflación Alta
"2011-08-12",9,B,520284.79,219.1929854,6.404,Estabilidad Laboral,Inflación Alta
"2011-08-19",9,B,540819.44,219.2556109,6.404,Estabilidad Laboral,Inflación Alta
"2011-08-26",9,B,542663.53,219.3189965,6.404,Estabilidad Laboral,Inflación Alta
"2011-09-02",9,B,544643.33,219.382382,6.404,Estabilidad Laboral,Inflación Alta
"2011-09-09",9,B,528784.86,219.4457675,6.404,Estabilidad Laboral,Inflación Alta
"2011-09-16",9,B,500274.02999999997,219.6297841,6.404,Estabilidad Laboral,Inflación Alta
"2011-09-23",9,B,506743.77999999997,219.9746423,6.404,Estabilidad Laboral,Inflación Alta
"2011-09-30",9,B,508567.04,220.3195004,6.404,Estabilidad Laboral,Inflación Alta
"2011-10-07",9,B,553836.98,220.6643585,6.054,Estabilidad Laboral,Inflación Alta
"2011-10-14",9,B,529515.66,220.9836849,6.054,Estabilidad Laboral,Inflación Alta
"2011-10-21",9,B,557075.21,221.1498206,6.054,Estabilidad Laboral,Inflación Alta
"2011-10-28",9,B,548527.49,221.3159563,6.054,Estabilidad Laboral,Inflación Alta
"2011-11-04",9,B,597855.07,221.4820921,6.054,Estabilidad Laboral,Inflación Alta
"2011-11-11",9,B,594574.12,221.6482278,6.054,Estabilidad Laboral,Inflación Alta
"2011-11-18",9,B,542414.27,221.8803923,6.054,Estabilidad Laboral,Inflación Alta
"2011-11-25",9,B,814753.5,222.1389683,6.054,Estabilidad Laboral,Inflación Alta
"2011-12-02",9,B,613115.21,222.3975443,6.054,Estabilidad Laboral,Inflación Alta
"2011-12-09",9,B,630327.28,222.6561203,6.054,Estabilidad Laboral,Inflación Alta
"2011-12-16",9,B,705557.97,222.8825484,6.054,Estabilidad Laboral,Inflación Alta
"2011-12-23",9,B,905324.68,223.0661125,6.054,Estabilidad Laboral,Inflación Alta
"2011-12-30",9,B,549788.36,223.2496766,6.054,Estabilidad Laboral,Inflación Alta
"2012-01-06",9,B,519585.67,223.4332408,5.667,Estabilidad Laboral,Inflación Alta
"2012-01-13",9,B,474964.6,223.6168049,5.667,Estabilidad Laboral,Inflación Alta
"2012-01-20",9,B,480130.04,223.7114288,5.667,Estabilidad Laboral,Inflación Alta
"2012-01-27",9,B,482451.21,223.8060527,5.667,Estabilidad Laboral,Inflación Alta
"2012-02-03",9,B,549967.89,223.9006766,5.667,Estabilidad Laboral,Inflación Alta
"2012-02-10",9,B,609736.12,223.9953006,5.667,Estabilidad Laboral,Inflación Alta
"2012-02-17",9,B,658965.05,224.1588663,5.667,Estabilidad Laboral,Inflación Alta
"2012-02-24",9,B,563578.79,224.3741384,5.667,Estabilidad Laboral,Inflación Alta
"2012-03-02",9,B,619498.28,224.5894104,5.667,Estabilidad Laboral,Inflación Alta
"2012-03-09",9,B,574955.95,224.8046825,5.667,Estabilidad Laboral,Inflación Alta
"2012-03-16",9,B,550373.57,224.9594902,5.667,Estabilidad Laboral,Inflación Alta
"2012-03-23",9,B,550791.32,225.0336786,5.667,Estabilidad Laboral,Inflación Alta
"2012-03-30",9,B,574985.37,225.107867,5.667,Estabilidad Laboral,Inflación Alta
"2012-04-06",9,B,677885.99,225.1820555,5.539,Estabilidad Laboral,Inflación Alta
"2012-04-13",9,B,578539.86,225.2562439,5.539,Estabilidad Laboral,Inflación Alta
"2012-04-20",9,B,542819.03,225.3117488,5.539,Estabilidad Laboral,Inflación Alta
"2012-04-27",9,B,550414.99,225.3672537,5.539,Estabilidad Laboral,Inflación Alta
"2012-05-04",9,B,586289.08,225.4227585,5.539,Estabilidad Laboral,Inflación Alta
"2012-05-11",9,B,592572.3,225.4782634,5.539,Estabilidad Laboral,Inflación Alta
"2012-05-18",9,B,571463.93,225.4942498,5.539,Estabilidad Laboral,Inflación Alta
"2012-05-25",9,B,547226.0,225.4944288,5.539,Estabilidad Laboral,Inflación Alta
"2012-06-01",9,B,583648.59,225.4946078,5.539,Estabilidad Laboral,Inflación Alta
"2012-06-08",9,B,582525.42,225.4947868,5.539,Estabilidad Laboral,Inflación Alta
"2012-06-15",9,B,564606.1,225.5070634,5.539,Estabilidad Laboral,Inflación Alta
"2012-06-22",9,B,562173.12,225.5495841,5.539,Estabilidad Laboral,Inflación Alta
"2012-06-29",9,B,544770.7,225.5921049,5.539,Estabilidad Laboral,Inflación Alta
"2012-07-06",9,B,578790.36,225.6346256,5.277,Estabilidad Laboral,Inflación Alta
"2012-07-13",9,B,536537.64,225.6771463,5.277,Estabilidad Laboral,Inflación Alta
"2012-07-20",9,B,513991.57,225.6871121,5.277,Estabilidad Laboral,Inflación Alta
"2012-07-27",9,B,495951.0,225.6970779,5.277,Estabilidad Laboral,Inflación Alta
"2012-08-03",9,B,533887.54,225.7070437,5.277,Estabilidad Laboral,Inflación Alta
"2012-08-10",9,B,538713.47,225.7170094,5.277,Estabilidad Laboral,Inflación Alta
"2012-08-17",9,B,535153.47,225.7995323,5.277,Estabilidad Laboral,Inflación Alta
"2012-08-24",9,B,572887.78,225.9364729,5.277,Estabilidad Laboral,Inflación Alta
"2012-08-31",9,B,576879.15,226.0734135,5.277,Estabilidad Laboral,Inflación Alta
"2012-09-07",9,B,565812.29,226.2103541,5.277,Estabilidad Laboral,Inflación Alta
"2012-09-14",9,B,523427.35,226.3567545,5.277,Estabilidad Laboral,Inflación Alta
"2012-09-21",9,B,533756.88,226.5599138,5.277,Estabilidad Laboral,Inflación Alta
"2012-09-28",9,B,516361.06,226.7630732,5.277,Estabilidad Laboral,Inflación Alta
"2012-10-05",9,B,606755.3,226.9662325,4.954,Estabilidad Laboral,Inflación Alta
"2012-10-12",9,B,558464.8,227.1693919,4.954,Estabilidad Laboral,Inflación Alta
"2012-10-19",9,B,542009.46,227.214288,4.954,Estabilidad Laboral,Inflación Alta
"2012-10-26",9,B,549731.49,227.2328068,4.954,Estabilidad Laboral,Inflación Alta
"2010-02-05",10,B,2193048.75,126.4420645,9.765,Inestabilidad Laboral,Inflación Baja
"2010-02-12",10,B,2176028.52,126.4962581,9.765,Inestabilidad Laboral,Inflación Baja
"2010-02-19",10,B,2113432.58,126.5262857,9.765,Inestabilidad Laboral,Inflación Baja
"2010-02-26",10,B,2006774.96,126.5522857,9.765,Inestabilidad Laboral,Inflación Baja
"2010-03-05",10,B,1987090.09,126.5782857,9.765,Inestabilidad Laboral,Inflación Baja
"2010-03-12",10,B,1941346.13,126.6042857,9.765,Inestabilidad Laboral,Inflación Baja
"2010-03-19",10,B,1946875.06,126.6066452,9.765,Inestabilidad Laboral,Inflación Baja
"2010-03-26",10,B,1893532.46,126.6050645,9.765,Inestabilidad Laboral,Inflación Baja
"2010-04-02",10,B,2138651.97,126.6034839,9.524,Inestabilidad Laboral,Inflación Baja
"2010-04-09",10,B,2041069.3699999999,126.6019032,9.524,Inestabilidad Laboral,Inflación Baja
"2010-04-16",10,B,1826241.44,126.5621,9.524,Inestabilidad Laboral,Inflación Baja
"2010-04-23",10,B,1829521.83,126.4713333,9.524,Inestabilidad Laboral,Inflación Baja
"2010-04-30",10,B,1790694.59,126.3805667,9.524,Inestabilidad Laboral,Inflación Baja
"2010-05-07",10,B,1921432.16,126.2898,9.524,Inestabilidad Laboral,Inflación Baja
"2010-05-14",10,B,1808056.41,126.2085484,9.524,Inestabilidad Laboral,Inflación Baja
"2010-05-21",10,B,1847613.58,126.1843871,9.524,Inestabilidad Laboral,Inflación Baja
"2010-05-28",10,B,1904618.17,126.1602258,9.524,Inestabilidad Laboral,Inflación Baja
"2010-06-04",10,B,1931406.28,126.1360645,9.524,Inestabilidad Laboral,Inflación Baja
"2010-06-11",10,B,1827521.71,126.1119032,9.524,Inestabilidad Laboral,Inflación Baja
"2010-06-18",10,B,1837636.24,126.114,9.524,Inestabilidad Laboral,Inflación Baja
"2010-06-25",10,B,1768172.31,126.1266,9.524,Inestabilidad Laboral,Inflación Baja
"2010-07-02",10,B,1845893.87,126.1392,9.199,Inestabilidad Laboral,Inflación Baja
"2010-07-09",10,B,1769793.3699999999,126.1518,9.199,Inestabilidad Laboral,Inflación Baja
"2010-07-16",10,B,1828052.47,126.1498065,9.199,Inestabilidad Laboral,Inflación Baja
"2010-07-23",10,B,1831676.03,126.1283548,9.199,Inestabilidad Laboral,Inflación Baja
"2010-07-30",10,B,1832664.03,126.1069032,9.199,Inestabilidad Laboral,Inflación Baja
"2010-08-06",10,B,1949236.09,126.0854516,9.199,Inestabilidad Laboral,Inflación Baja
"2010-08-13",10,B,1962996.7,126.064,9.199,Inestabilidad Laboral,Inflación Baja
"2010-08-20",10,B,1983190.56,126.0766452,9.199,Inestabilidad Laboral,Inflación Baja
"2010-08-27",10,B,1727565.42,126.0892903,9.199,Inestabilidad Laboral,Inflación Baja
"2010-09-03",10,B,1766331.45,126.1019355,9.199,Inestabilidad Laboral,Inflación Baja
"2010-09-10",10,B,1720530.23,126.1145806,9.199,Inestabilidad Laboral,Inflación Baja
"2010-09-17",10,B,1716755.78,126.1454667,9.199,Inestabilidad Laboral,Inflación Baja
"2010-09-24",10,B,1655036.75,126.1900333,9.199,Inestabilidad Laboral,Inflación Baja
"2010-10-01",10,B,1645892.97,126.2346,9.003,Inestabilidad Laboral,Inflación Baja
"2010-10-08",10,B,1772192.42,126.2791667,9.003,Inestabilidad Laboral,Inflación Baja
"2010-10-15",10,B,1703850.25,126.3266774,9.003,Inestabilidad Laboral,Inflación Baja
"2010-10-22",10,B,1740234.06,126.3815484,9.003,Inestabilidad Laboral,Inflación Baja
"2010-10-29",10,B,1741308.56,126.4364194,9.003,Inestabilidad Laboral,Inflación Baja
"2010-11-05",10,B,1832211.96,126.4912903,9.003,Inestabilidad Laboral,Inflación Baja
"2010-11-12",10,B,1895901.59,126.5461613,9.003,Inestabilidad Laboral,Inflación Baja
"2010-11-19",10,B,1949177.13,126.6072,9.003,Inestabilidad Laboral,Inflación Baja
"2010-11-26",10,B,2939946.38,126.6692667,9.003,Inestabilidad Laboral,Inflación Baja
"2010-12-03",10,B,2251206.64,126.7313333,9.003,Inestabilidad Laboral,Inflación Baja
"2010-12-10",10,B,2411790.21,126.7934,9.003,Inestabilidad Laboral,Inflación Baja
"2010-12-17",10,B,2811646.85,126.8794839,9.003,Inestabilidad Laboral,Inflación Baja
"2010-12-24",10,B,3749057.69,126.9835806,9.003,Inestabilidad Laboral,Inflación Baja
"2010-12-31",10,B,1707298.14,127.0876774,9.003,Inestabilidad Laboral,Inflación Baja
"2011-01-07",10,B,1714309.9,127.1917742,8.744,Inestabilidad Laboral,Inflación Baja
"2011-01-14",10,B,1710803.59,127.3009355,8.744,Inestabilidad Laboral,Inflación Baja
"2011-01-21",10,B,1677556.18,127.4404839,8.744,Inestabilidad Laboral,Inflación Baja
"2011-01-28",10,B,1715769.05,127.5800323,8.744,Inestabilidad Laboral,Inflación Baja
"2011-02-04",10,B,1968045.91,127.7195806,8.744,Inestabilidad Laboral,Inflación Baja
"2011-02-11",10,B,2115408.31,127.859129,8.744,Inestabilidad Laboral,Inflación Baja
"2011-02-18",10,B,2106934.55,127.99525,8.744,Inestabilidad Laboral,Inflación Baja
"2011-02-25",10,B,1967996.71,128.13,8.744,Inestabilidad Laboral,Inflación Baja
"2011-03-04",10,B,1958003.19,128.26475,8.744,Inestabilidad Laboral,Inflación Baja
"2011-03-11",10,B,1933469.15,128.3995,8.744,Inestabilidad Laboral,Inflación Baja
"2011-03-18",10,B,1884734.31,128.5121935,8.744,Inestabilidad Laboral,Inflación Baja
"2011-03-25",10,B,1815798.85,128.6160645,8.744,Inestabilidad Laboral,Inflación Baja
"2011-04-01",10,B,1827733.18,128.7199355,8.494,Estrés Moderado,Inflación Baja
"2011-04-08",10,B,1870720.73,128.8238065,8.494,Estrés Moderado,Inflación Baja
"2011-04-15",10,B,1781767.22,128.9107333,8.494,Estrés Moderado,Inflación Baja
"2011-04-22",10,B,2004831.14,128.9553,8.494,Estrés Moderado,Inflación Baja
"2011-04-29",10,B,1873646.34,128.9998667,8.494,Estrés Moderado,Inflación Baja
"2011-05-06",10,B,1841369.99,129.0444333,8.494,Estrés Moderado,Inflación Baja
"2011-05-13",10,B,1712995.44,129.089,8.494,Estrés Moderado,Inflación Baja
"2011-05-20",10,B,1720908.01,129.0756774,8.494,Estrés Moderado,Inflación Baja
"2011-05-27",10,B,1743000.38,129.0623548,8.494,Estrés Moderado,Inflación Baja
"2011-06-03",10,B,1792210.89,129.0490323,8.494,Estrés Moderado,Inflación Baja
"2011-06-10",10,B,1740063.1,129.0357097,8.494,Estrés Moderado,Inflación Baja
"2011-06-17",10,B,1817934.76,129.0432,8.494,Estrés Moderado,Inflación Baja
"2011-06-24",10,B,1711813.1300000001,129.0663,8.494,Estrés Moderado,Inflación Baja
"2011-07-01",10,B,1751369.75,129.0894,8.257,Estrés Moderado,Inflación Baja
"2011-07-08",10,B,1699708.38,129.1125,8.257,Estrés Moderado,Inflación Baja
"2011-07-15",10,B,1775068.4,129.1338387,8.257,Estrés Moderado,Inflación Baja
"2011-07-22",10,B,1774342.61,129.1507742,8.257,Estrés Moderado,Inflación Baja
"2011-07-29",10,B,1745841.33,129.1677097,8.257,Estrés Moderado,Inflación Baja
"2011-08-05",10,B,1886299.98,129.1846452,8.257,Estrés Moderado,Inflación Baja
"2011-08-12",10,B,1917397.6300000001,129.2015806,8.257,Estrés Moderado,Inflación Baja
"2011-08-19",10,B,1954849.68,129.2405806,8.257,Estrés Moderado,Inflación Baja
"2011-08-26",10,B,1728399.07,129.2832581,8.257,Estrés Moderado,Inflación Baja
"2011-09-02",10,B,1758587.35,129.3259355,8.257,Estrés Moderado,Inflación Baja
"2011-09-09",10,B,1670579.82,129.3686129,8.257,Estrés Moderado,Inflación Baja
"2011-09-16",10,B,1650894.3,129.4306,8.257,Estrés Moderado,Inflación Baja
"2011-09-23",10,B,1685910.53,129.5183333,8.257,Estrés Moderado,Inflación Baja
"2011-09-30",10,B,1627707.31,129.6060667,8.257,Estrés Moderado,Inflación Baja
"2011-10-07",10,B,1788227.6,129.6938,7.874,Estrés Moderado,Inflación Baja
"2011-10-14",10,B,1704753.02,129.7706452,7.874,Estrés Moderado,Inflación Baja
"2011-10-21",10,B,1745928.56,129.7821613,7.874,Estrés Moderado,Inflación Baja
"2011-10-28",10,B,1771792.97,129.7936774,7.874,Estrés Moderado,Inflación Baja
"2011-11-04",10,B,1904438.59,129.8051935,7.874,Estrés Moderado,Inflación Baja
"2011-11-11",10,B,2076570.84,129.8167097,7.874,Estrés Moderado,Inflación Baja
"2011-11-18",10,B,1869087.85,129.8268333,7.874,Estrés Moderado,Inflación Baja
"2011-11-25",10,B,2950198.64,129.8364,7.874,Estrés Moderado,Inflación Baja
"2011-12-02",10,B,2068097.18,129.8459667,7.874,Estrés Moderado,Inflación Baja
"2011-12-09",10,B,2429310.9,129.8555333,7.874,Estrés Moderado,Inflación Baja
"2011-12-16",10,B,2555031.18,129.8980645,7.874,Estrés Moderado,Inflación Baja
"2011-12-23",10,B,3487986.89,129.9845484,7.874,Estrés Moderado,Inflación Baja
"2011-12-30",10,B,1930690.37,130.0710323,7.874,Estrés Moderado,Inflación Baja
"2012-01-06",10,B,1683401.78,130.1575161,7.545,Estrés Moderado,Inflación Baja
"2012-01-13",10,B,1711562.73,130.244,7.545,Estrés Moderado,Inflación Baja
"2012-01-20",10,B,1675562.94,130.2792258,7.545,Estrés Moderado,Inflación Baja
"2012-01-27",10,B,1632406.0,130.3144516,7.545,Estrés Moderado,Inflación Baja
"2012-02-03",10,B,1867403.01,130.3496774,7.545,Estrés Moderado,Inflación Baja
"2012-02-10",10,B,2218595.8,130.3849032,7.545,Estrés Moderado,Inflación Baja
"2012-02-17",10,B,2168709.7600000002,130.4546207,7.545,Estrés Moderado,Inflación Baja
"2012-02-24",10,B,2039415.74,130.5502069,7.545,Estrés Moderado,Inflación Baja
"2012-03-02",10,B,1990371.02,130.6457931,7.545,Estrés Moderado,Inflación Baja
"2012-03-09",10,B,1917483.1,130.7413793,7.545,Estrés Moderado,Inflación Baja
"2012-03-16",10,B,1930814.66,130.8261935,7.545,Estrés Moderado,Inflación Baja
"2012-03-23",10,B,1837457.69,130.8966452,7.545,Estrés Moderado,Inflación Baja
"2012-03-30",10,B,1815760.42,130.9670968,7.545,Estrés Moderado,Inflación Baja
"2012-04-06",10,B,2163384.17,131.0375484,7.382,Estrés Moderado,Inflación Baja
"2012-04-13",10,B,1974687.51,131.108,7.382,Estrés Moderado,Inflación Baja
"2012-04-20",10,B,1777166.53,131.1173333,7.382,Estrés Moderado,Inflación Baja
"2012-04-27",10,B,1712987.56,131.1266667,7.382,Estrés Moderado,Inflación Baja
"2012-05-04",10,B,1821364.42,131.136,7.382,Estrés Moderado,Inflación Baja
"2012-05-11",10,B,1792345.3,131.1453333,7.382,Estrés Moderado,Inflación Baja
"2012-05-18",10,B,1795152.73,131.0983226,7.382,Estrés Moderado,Inflación Baja
"2012-05-25",10,B,1830939.1,131.0287742,7.382,Estrés Moderado,Inflación Baja
"2012-06-01",10,B,1767471.48,130.9592258,7.382,Estrés Moderado,Inflación Baja
"2012-06-08",10,B,1840491.41,130.8896774,7.382,Estrés Moderado,Inflación Baja
"2012-06-15",10,B,1811562.8800000001,130.8295333,7.382,Estrés Moderado,Inflación Baja
"2012-06-22",10,B,1755334.18,130.7929,7.382,Estrés Moderado,Inflación Baja
"2012-06-29",10,B,1707481.9,130.7562667,7.382,Estrés Moderado,Inflación Baja
"2012-07-06",10,B,1805999.79,130.7196333,7.17,Estrés Moderado,Inflación Baja
"2012-07-13",10,B,1765571.91,130.683,7.17,Estrés Moderado,Inflación Baja
"2012-07-20",10,B,1869967.03,130.7012903,7.17,Estrés Moderado,Inflación Baja
"2012-07-27",10,B,1817603.66,130.7195806,7.17,Estrés Moderado,Inflación Baja
"2012-08-03",10,B,1939440.09,130.737871,7.17,Estrés Moderado,Inflación Baja
"2012-08-10",10,B,1880436.94,130.7561613,7.17,Estrés Moderado,Inflación Baja
"2012-08-17",10,B,1827797.4,130.7909677,7.17,Estrés Moderado,Inflación Baja
"2012-08-24",10,B,1764984.15,130.8381613,7.17,Estrés Moderado,Inflación Baja
"2012-08-31",10,B,1650285.54,130.8853548,7.17,Estrés Moderado,Inflación Baja
"2012-09-07",10,B,1708283.28,130.9325484,7.17,Estrés Moderado,Inflación Baja
"2012-09-14",10,B,1640168.99,130.9776667,7.17,Estrés Moderado,Inflación Baja
"2012-09-21",10,B,1671857.57,131.0103333,7.17,Estrés Moderado,Inflación Baja
"2012-09-28",10,B,1694862.41,131.043,7.17,Estrés Moderado,Inflación Baja
"2012-10-05",10,B,1758971.38,131.0756667,6.943,Estrés Moderado,Inflación Baja
"2012-10-12",10,B,1713889.11,131.1083333,6.943,Estrés Moderado,Inflación Baja
"2012-10-19",10,B,1734834.82,131.1499677,6.943,Estrés Moderado,Inflación Baja
"2012-10-26",10,B,1744349.05,131.1930968,6.943,Estrés Moderado,Inflación Baja
"2010-02-05",11,A,1528008.64,214.4248812,7.368,Estrés Moderado,Inflación Alta
"2010-02-12",11,A,1574684.08,214.5747916,7.368,Estrés Moderado,Inflación Alta
"2010-02-19",11,A,1503298.7,214.6198868,7.368,Estrés Moderado,Inflación Alta
"2010-02-26",11,A,1336404.65,214.6475127,7.368,Estrés Moderado,Inflación Alta
"2010-03-05",11,A,1426622.65,214.6751386,7.368,Estrés Moderado,Inflación Alta
"2010-03-12",11,A,1331883.16,214.7027646,7.368,Estrés Moderado,Inflación Alta
"2010-03-19",11,A,1364207.0,214.5301219,7.368,Estrés Moderado,Inflación Alta
"2010-03-26",11,A,1245624.27,214.3241011,7.368,Estrés Moderado,Inflación Alta
"2010-04-02",11,A,1446210.26,214.1180803,7.343,Estrés Moderado,Inflación Alta
"2010-04-09",11,A,1470308.32,213.9120595,7.343,Estrés Moderado,Inflación Alta
"2010-04-16",11,A,1323243.35,213.7726889,7.343,Estrés Moderado,Inflación Alta
"2010-04-23",11,A,1283766.55,213.7221852,7.343,Estrés Moderado,Inflación Alta
"2010-04-30",11,A,1239766.89,213.6716815,7.343,Estrés Moderado,Inflación Alta
"2010-05-07",11,A,1312329.78,213.6211778,7.343,Estrés Moderado,Inflación Alta
"2010-05-14",11,A,1266796.13,213.6196139,7.343,Estrés Moderado,Inflación Alta
"2010-05-21",11,A,1271646.62,213.9116886,7.343,Estrés Moderado,Inflación Alta
"2010-05-28",11,A,1264272.52,214.2037634,7.343,Estrés Moderado,Inflación Alta
"2010-06-04",11,A,1396322.19,214.4958382,7.343,Estrés Moderado,Inflación Alta
"2010-06-11",11,A,1339570.85,214.787913,7.343,Estrés Moderado,Inflación Alta
"2010-06-18",11,A,1336522.92,214.7858259,7.343,Estrés Moderado,Inflación Alta
"2010-06-25",11,A,1262025.08,214.6660741,7.343,Estrés Moderado,Inflación Alta
"2010-07-02",11,A,1302600.14,214.5463222,7.346,Estrés Moderado,Inflación Alta
"2010-07-09",11,A,1280156.47,214.4265704,7.346,Estrés Moderado,Inflación Alta
"2010-07-16",11,A,1290609.54,214.4176476,7.346,Estrés Moderado,Inflación Alta
"2010-07-23",11,A,1244390.03,214.5564968,7.346,Estrés Moderado,Inflación Alta
"2010-07-30",11,A,1250178.89,214.695346,7.346,Estrés Moderado,Inflación Alta
"2010-08-06",11,A,1369634.92,214.8341952,7.346,Estrés Moderado,Inflación Alta
"2010-08-13",11,A,1384339.1,214.9730444,7.346,Estrés Moderado,Inflación Alta
"2010-08-20",11,A,1430192.3699999999,214.9314191,7.346,Estrés Moderado,Inflación Alta
"2010-08-27",11,A,1311263.07,214.8897938,7.346,Estrés Moderado,Inflación Alta
"2010-09-03",11,A,1303914.27,214.8481685,7.346,Estrés Moderado,Inflación Alta
"2010-09-10",11,A,1231428.46,214.8065431,7.346,Estrés Moderado,Inflación Alta
"2010-09-17",11,A,1215676.31,214.8322484,7.346,Estrés Moderado,Inflación Alta
"2010-09-24",11,A,1170103.25,214.9084516,7.346,Estrés Moderado,Inflación Alta
"2010-10-01",11,A,1182490.46,214.9846548,7.564,Estrés Moderado,Inflación Alta
"2010-10-08",11,A,1293472.8,215.060858,7.564,Estrés Moderado,Inflación Alta
"2010-10-15",11,A,1175003.67,215.1293114,7.564,Estrés Moderado,Inflación Alta
"2010-10-22",11,A,1169831.38,215.17839,7.564,Estrés Moderado,Inflación Alta
"2010-10-29",11,A,1195036.0,215.2274686,7.564,Estrés Moderado,Inflación Alta
"2010-11-05",11,A,1332759.13,215.2765472,7.564,Estrés Moderado,Inflación Alta
"2010-11-12",11,A,1281675.6,215.3256258,7.564,Estrés Moderado,Inflación Alta
"2010-11-19",11,A,1292346.57,215.2074519,7.564,Estrés Moderado,Inflación Alta
"2010-11-26",11,A,1757242.51,215.0614025,7.564,Estrés Moderado,Inflación Alta
"2010-12-03",11,A,1380522.64,214.9153531,7.564,Estrés Moderado,Inflación Alta
"2010-12-10",11,A,1564516.43,214.7693037,7.564,Estrés Moderado,Inflación Alta
"2010-12-17",11,A,1843971.15,214.704919,7.564,Estrés Moderado,Inflación Alta
"2010-12-24",11,A,2306265.36,214.7017828,7.564,Estrés Moderado,Inflación Alta
"2010-12-31",11,A,1172003.1,214.6986466,7.564,Estrés Moderado,Inflación Alta
"2011-01-07",11,A,1178905.44,214.6955104,7.551,Estrés Moderado,Inflación Alta
"2011-01-14",11,A,1194449.78,214.7470729,7.551,Estrés Moderado,Inflación Alta
"2011-01-21",11,A,1187776.19,215.1268275,7.551,Estrés Moderado,Inflación Alta
"2011-01-28",11,A,1100418.69,215.5065821,7.551,Estrés Moderado,Inflación Alta
"2011-02-04",11,A,1422546.05,215.8863367,7.551,Estrés Moderado,Inflación Alta
"2011-02-11",11,A,1419236.9,216.2660913,7.551,Estrés Moderado,Inflación Alta
"2011-02-18",11,A,1554747.15,216.5843571,7.551,Estrés Moderado,Inflación Alta
"2011-02-25",11,A,1323999.36,216.8780275,7.551,Estrés Moderado,Inflación Alta
"2011-03-04",11,A,1399456.99,217.1716979,7.551,Estrés Moderado,Inflación Alta
"2011-03-11",11,A,1314557.31,217.4653683,7.551,Estrés Moderado,Inflación Alta
"2011-03-18",11,A,1391813.69,217.7235226,7.551,Estrés Moderado,Inflación Alta
"2011-03-25",11,A,1229777.24,217.9674705,7.551,Estrés Moderado,Inflación Alta
"2011-04-01",11,A,1258674.12,218.2114184,7.574,Estrés Moderado,Inflación Alta
"2011-04-08",11,A,1327401.06,218.4553663,7.574,Estrés Moderado,Inflación Alta
"2011-04-15",11,A,1312905.8,218.6788642,7.574,Estrés Moderado,Inflación Alta
"2011-04-22",11,A,1388118.53,218.851237,7.574,Estrés Moderado,Inflación Alta
"2011-04-29",11,A,1357589.89,219.0236099,7.574,Estrés Moderado,Inflación Alta
"2011-05-06",11,A,1331453.41,219.1959827,7.574,Estrés Moderado,Inflación Alta
"2011-05-13",11,A,1277959.42,219.3683556,7.574,Estrés Moderado,Inflación Alta
"2011-05-20",11,A,1239466.97,219.127216,7.574,Estrés Moderado,Inflación Alta
"2011-05-27",11,A,1216876.52,218.8860765,7.574,Estrés Moderado,Inflación Alta
"2011-06-03",11,A,1343637.0,218.6449369,7.574,Estrés Moderado,Inflación Alta
"2011-06-10",11,A,1314626.75,218.4037974,7.574,Estrés Moderado,Inflación Alta
"2011-06-17",11,A,1337506.74,218.3551748,7.574,Estrés Moderado,Inflación Alta
"2011-06-24",11,A,1254587.84,218.45094,7.574,Estrés Moderado,Inflación Alta
"2011-07-01",11,A,1297472.06,218.5467052,7.567,Estrés Moderado,Inflación Alta
"2011-07-08",11,A,1334627.96,218.6424704,7.567,Estrés Moderado,Inflación Alta
"2011-07-15",11,A,1266546.73,218.7275216,7.567,Estrés Moderado,Inflación Alta
"2011-07-22",11,A,1290576.44,218.7857881,7.567,Estrés Moderado,Inflación Alta
"2011-07-29",11,A,1212938.67,218.8440545,7.567,Estrés Moderado,Inflación Alta
"2011-08-05",11,A,1403198.94,218.9023209,7.567,Estrés Moderado,Inflación Alta
"2011-08-12",11,A,1354188.43,218.9605873,7.567,Estrés Moderado,Inflación Alta
"2011-08-19",11,A,1484169.74,219.023271,7.567,Estrés Moderado,Inflación Alta
"2011-08-26",11,A,1304706.75,219.0866908,7.567,Estrés Moderado,Inflación Alta
"2011-09-02",11,A,1297792.41,219.1501106,7.567,Estrés Moderado,Inflación Alta
"2011-09-09",11,A,1249439.95,219.2135305,7.567,Estrés Moderado,Inflación Alta
"2011-09-16",11,A,1270816.01,219.3972867,7.567,Estrés Moderado,Inflación Alta
"2011-09-23",11,A,1235775.15,219.7414914,7.567,Estrés Moderado,Inflación Alta
"2011-09-30",11,A,1190515.83,220.085696,7.567,Estrés Moderado,Inflación Alta
"2011-10-07",11,A,1346271.06,220.4299007,7.197,Estrés Moderado,Inflación Alta
"2011-10-14",11,A,1286388.96,220.7486167,7.197,Estrés Moderado,Inflación Alta
"2011-10-21",11,A,1325107.53,220.9144005,7.197,Estrés Moderado,Inflación Alta
"2011-10-28",11,A,1310684.1,221.0801842,7.197,Estrés Moderado,Inflación Alta
"2011-11-04",11,A,1458287.38,221.245968,7.197,Estrés Moderado,Inflación Alta
"2011-11-11",11,A,1366053.69,221.4117517,7.197,Estrés Moderado,Inflación Alta
"2011-11-18",11,A,1315091.63,221.6432852,7.197,Estrés Moderado,Inflación Alta
"2011-11-25",11,A,1848953.48,221.9011185,7.197,Estrés Moderado,Inflación Alta
"2011-12-02",11,A,1399322.44,222.1589519,7.197,Estrés Moderado,Inflación Alta
"2011-12-09",11,A,1646655.94,222.4167852,7.197,Estrés Moderado,Inflación Alta
"2011-12-16",11,A,1783910.06,222.6426418,7.197,Estrés Moderado,Inflación Alta
"2011-12-23",11,A,2213518.5,222.8258628,7.197,Estrés Moderado,Inflación Alta
"2011-12-30",11,A,1352084.21,223.0090839,7.197,Estrés Moderado,Inflación Alta
"2012-01-06",11,A,1283885.55,223.1923049,6.833,Estrés Moderado,Inflación Alta
"2012-01-13",11,A,1264736.59,223.3755259,6.833,Estrés Moderado,Inflación Alta
"2012-01-20",11,A,1207303.29,223.4700552,6.833,Estrés Moderado,Inflación Alta
"2012-01-27",11,A,1162675.85,223.5645845,6.833,Estrés Moderado,Inflación Alta
"2012-02-03",11,A,1376732.18,223.6591137,6.833,Estrés Moderado,Inflación Alta
"2012-02-10",11,A,1574287.76,223.753643,6.833,Estrés Moderado,Inflación Alta
"2012-02-17",11,A,1569607.94,223.9170153,6.833,Estrés Moderado,Inflación Alta
"2012-02-24",11,A,1379473.03,224.1320199,6.833,Estrés Moderado,Inflación Alta
"2012-03-02",11,A,1438383.44,224.3470245,6.833,Estrés Moderado,Inflación Alta
"2012-03-09",11,A,1413382.76,224.5620291,6.833,Estrés Moderado,Inflación Alta
"2012-03-16",11,A,1441884.28,224.7166953,6.833,Estrés Moderado,Inflación Alta
"2012-03-23",11,A,1300593.61,224.7909104,6.833,Estrés Moderado,Inflación Alta
"2012-03-30",11,A,1300104.03,224.8651254,6.833,Estrés Moderado,Inflación Alta
"2012-04-06",11,A,1596325.01,224.9393405,6.664,Estrés Moderado,Inflación Alta
"2012-04-13",11,A,1472752.01,225.0135556,6.664,Estrés Moderado,Inflación Alta
"2012-04-20",11,A,1315356.99,225.0689541,6.664,Estrés Moderado,Inflación Alta
"2012-04-27",11,A,1236238.29,225.1243526,6.664,Estrés Moderado,Inflación Alta
"2012-05-04",11,A,1370251.22,225.1797511,6.664,Estrés Moderado,Inflación Alta
"2012-05-11",11,A,1300147.07,225.2351496,6.664,Estrés Moderado,Inflación Alta
"2012-05-18",11,A,1352442.31,225.2512024,6.664,Estrés Moderado,Inflación Alta
"2012-05-25",11,A,1297335.87,225.2515168,6.664,Estrés Moderado,Inflación Alta
"2012-06-01",11,A,1361595.33,225.2518313,6.664,Estrés Moderado,Inflación Alta
"2012-06-08",11,A,1414343.53,225.2521458,6.664,Estrés Moderado,Inflación Alta
"2012-06-15",11,A,1417875.42,225.2644795,6.664,Estrés Moderado,Inflación Alta
"2012-06-22",11,A,1355680.3,225.3068615,6.664,Estrés Moderado,Inflación Alta
"2012-06-29",11,A,1297028.6,225.3492435,6.664,Estrés Moderado,Inflación Alta
"2012-07-06",11,A,1461129.94,225.3916254,6.334,Estabilidad Laboral,Inflación Alta
"2012-07-13",11,A,1320239.51,225.4340074,6.334,Estabilidad Laboral,Inflación Alta
"2012-07-20",11,A,1344483.81,225.4438827,6.334,Estabilidad Laboral,Inflación Alta
"2012-07-27",11,A,1272395.02,225.4537579,6.334,Estabilidad Laboral,Inflación Alta
"2012-08-03",11,A,1399341.07,225.4636332,6.334,Estabilidad Laboral,Inflación Alta
"2012-08-10",11,A,1388973.65,225.4735085,6.334,Estabilidad Laboral,Inflación Alta
"2012-08-17",11,A,1421307.2,225.5558664,6.334,Estabilidad Laboral,Inflación Alta
"2012-08-24",11,A,1409515.73,225.6925864,6.334,Estabilidad Laboral,Inflación Alta
"2012-08-31",11,A,1372872.35,225.8293063,6.334,Estabilidad Laboral,Inflación Alta
"2012-09-07",11,A,1304584.4,225.9660263,6.334,Estabilidad Laboral,Inflación Alta
"2012-09-14",11,A,1267675.05,226.1122067,6.334,Estabilidad Laboral,Inflación Alta
"2012-09-21",11,A,1326132.98,226.3151496,6.334,Estabilidad Laboral,Inflación Alta
"2012-09-28",11,A,1227430.73,226.5180926,6.334,Estabilidad Laboral,Inflación Alta
"2012-10-05",11,A,1422794.26,226.7210356,6.034,Estabilidad Laboral,Inflación Alta
"2012-10-12",11,A,1311965.09,226.9239785,6.034,Estabilidad Laboral,Inflación Alta
"2012-10-19",11,A,1232073.18,226.9688442,6.034,Estabilidad Laboral,Inflación Alta
"2012-10-26",11,A,1200729.45,226.9873637,6.034,Estabilidad Laboral,Inflación Alta
"2010-02-05",12,B,1100046.37,126.4420645,13.975,Inestabilidad Laboral,Inflación Baja
"2010-02-12",12,B,1117863.33,126.4962581,13.975,Inestabilidad Laboral,Inflación Baja
"2010-02-19",12,B,1095421.65,126.5262857,13.975,Inestabilidad Laboral,Inflación Baja
"2010-02-26",12,B,1048617.17,126.5522857,13.975,Inestabilidad Laboral,Inflación Baja
"2010-03-05",12,B,1077018.27,126.5782857,13.975,Inestabilidad Laboral,Inflación Baja
"2010-03-12",12,B,985594.23,126.6042857,13.975,Inestabilidad Laboral,Inflación Baja
"2010-03-19",12,B,972088.34,126.6066452,13.975,Inestabilidad Laboral,Inflación Baja
"2010-03-26",12,B,981615.81,126.6050645,13.975,Inestabilidad Laboral,Inflación Baja
"2010-04-02",12,B,1011822.3,126.6034839,14.099,Inestabilidad Laboral,Inflación Baja
"2010-04-09",12,B,1041238.87,126.6019032,14.099,Inestabilidad Laboral,Inflación Baja
"2010-04-16",12,B,957997.52,126.5621,14.099,Inestabilidad Laboral,Inflación Baja
"2010-04-23",12,B,993833.4400000001,126.4713333,14.099,Inestabilidad Laboral,Inflación Baja
"2010-04-30",12,B,954220.22,126.3805667,14.099,Inestabilidad Laboral,Inflación Baja
"2010-05-07",12,B,1043240.27,126.2898,14.099,Inestabilidad Laboral,Inflación Baja
"2010-05-14",12,B,966054.97,126.2085484,14.099,Inestabilidad Laboral,Inflación Baja
"2010-05-21",12,B,958374.5599999999,126.1843871,14.099,Inestabilidad Laboral,Inflación Baja
"2010-05-28",12,B,955451.16,126.1602258,14.099,Inestabilidad Laboral,Inflación Baja
"2010-06-04",12,B,1049357.36,126.1360645,14.099,Inestabilidad Laboral,Inflación Baja
"2010-06-11",12,B,1016039.71,126.1119032,14.099,Inestabilidad Laboral,Inflación Baja
"2010-06-18",12,B,956211.2,126.114,14.099,Inestabilidad Laboral,Inflación Baja
"2010-06-25",12,B,958007.69,126.1266,14.099,Inestabilidad Laboral,Inflación Baja
"2010-07-02",12,B,951957.3099999999,126.1392,14.18,Inestabilidad Laboral,Inflación Baja
"2010-07-09",12,B,943506.28,126.1518,14.18,Inestabilidad Laboral,Inflación Baja
"2010-07-16",12,B,916402.76,126.1498065,14.18,Inestabilidad Laboral,Inflación Baja
"2010-07-23",12,B,912403.67,126.1283548,14.18,Inestabilidad Laboral,Inflación Baja
"2010-07-30",12,B,913548.25,126.1069032,14.18,Inestabilidad Laboral,Inflación Baja
"2010-08-06",12,B,967576.9500000001,126.0854516,14.18,Inestabilidad Laboral,Inflación Baja
"2010-08-13",12,B,928264.4,126.064,14.18,Inestabilidad Laboral,Inflación Baja
"2010-08-20",12,B,948447.34,126.0766452,14.18,Inestabilidad Laboral,Inflación Baja
"2010-08-27",12,B,1004516.46,126.0892903,14.18,Inestabilidad Laboral,Inflación Baja
"2010-09-03",12,B,1075758.55,126.1019355,14.18,Inestabilidad Laboral,Inflación Baja
"2010-09-10",12,B,903119.03,126.1145806,14.18,Inestabilidad Laboral,Inflación Baja
"2010-09-17",12,B,852882.61,126.1454667,14.18,Inestabilidad Laboral,Inflación Baja
"2010-09-24",12,B,851919.34,126.1900333,14.18,Inestabilidad Laboral,Inflación Baja
"2010-10-01",12,B,850936.26,126.2346,14.313,Inestabilidad Laboral,Inflación Baja
"2010-10-08",12,B,918335.68,126.2791667,14.313,Inestabilidad Laboral,Inflación Baja
"2010-10-15",12,B,862419.84,126.3266774,14.313,Inestabilidad Laboral,Inflación Baja
"2010-10-22",12,B,857883.46,126.3815484,14.313,Inestabilidad Laboral,Inflación Baja
"2010-10-29",12,B,955294.7,126.4364194,14.313,Inestabilidad Laboral,Inflación Baja
"2010-11-05",12,B,929690.71,126.4912903,14.313,Inestabilidad Laboral,Inflación Baja
"2010-11-12",12,B,942475.24,126.5461613,14.313,Inestabilidad Laboral,Inflación Baja
"2010-11-19",12,B,894493.7,126.6072,14.313,Inestabilidad Laboral,Inflación Baja
"2010-11-26",12,B,1601377.41,126.6692667,14.313,Inestabilidad Laboral,Inflación Baja
"2010-12-03",12,B,1069533.17,126.7313333,14.313,Inestabilidad Laboral,Inflación Baja
"2010-12-10",12,B,1121934.15,126.7934,14.313,Inestabilidad Laboral,Inflación Baja
"2010-12-17",12,B,1295605.35,126.8794839,14.313,Inestabilidad Laboral,Inflación Baja
"2010-12-24",12,B,1768249.89,126.9835806,14.313,Inestabilidad Laboral,Inflación Baja
"2010-12-31",12,B,891736.91,127.0876774,14.313,Inestabilidad Laboral,Inflación Baja
"2011-01-07",12,B,910110.24,127.1917742,14.021,Inestabilidad Laboral,Inflación Baja
"2011-01-14",12,B,812011.8,127.3009355,14.021,Inestabilidad Laboral,Inflación Baja
"2011-01-21",12,B,802105.5,127.4404839,14.021,Inestabilidad Laboral,Inflación Baja
"2011-01-28",12,B,873119.06,127.5800323,14.021,Inestabilidad Laboral,Inflación Baja
"2011-02-04",12,B,1046068.1699999999,127.7195806,14.021,Inestabilidad Laboral,Inflación Baja
"2011-02-11",12,B,1086421.57,127.859129,14.021,Inestabilidad Laboral,Inflación Baja
"2011-02-18",12,B,1128485.1,127.99525,14.021,Inestabilidad Laboral,Inflación Baja
"2011-02-25",12,B,1046203.72,128.13,14.021,Inestabilidad Laboral,Inflación Baja
"2011-03-04",12,B,1085248.21,128.26475,14.021,Inestabilidad Laboral,Inflación Baja
"2011-03-11",12,B,997672.62,128.3995,14.021,Inestabilidad Laboral,Inflación Baja
"2011-03-18",12,B,1009502.01,128.5121935,14.021,Inestabilidad Laboral,Inflación Baja
"2011-03-25",12,B,954107.3200000001,128.6160645,14.021,Inestabilidad Laboral,Inflación Baja
"2011-04-01",12,B,1005463.49,128.7199355,13.736,Inestabilidad Laboral,Inflación Baja
"2011-04-08",12,B,998362.05,128.8238065,13.736,Inestabilidad Laboral,Inflación Baja
"2011-04-15",12,B,990951.77,128.9107333,13.736,Inestabilidad Laboral,Inflación Baja
"2011-04-22",12,B,1016019.47,128.9553,13.736,Inestabilidad Laboral,Inflación Baja
"2011-04-29",12,B,994966.1,128.9998667,13.736,Inestabilidad Laboral,Inflación Baja
"2011-05-06",12,B,1021154.48,129.0444333,13.736,Inestabilidad Laboral,Inflación Baja
"2011-05-13",12,B,977033.5,129.089,13.736,Inestabilidad Laboral,Inflación Baja
"2011-05-20",12,B,924134.99,129.0756774,13.736,Inestabilidad Laboral,Inflación Baja
"2011-05-27",12,B,964332.51,129.0623548,13.736,Inestabilidad Laboral,Inflación Baja
"2011-06-03",12,B,970328.68,129.0490323,13.736,Inestabilidad Laboral,Inflación Baja
"2011-06-10",12,B,996937.95,129.0357097,13.736,Inestabilidad Laboral,Inflación Baja
"2011-06-17",12,B,986504.93,129.0432,13.736,Inestabilidad Laboral,Inflación Baja
"2011-06-24",12,B,997282.75,129.0663,13.736,Inestabilidad Laboral,Inflación Baja
"2011-07-01",12,B,961993.34,129.0894,13.503,Inestabilidad Laboral,Inflación Baja
"2011-07-08",12,B,943717.38,129.1125,13.503,Inestabilidad Laboral,Inflación Baja
"2011-07-15",12,B,936001.98,129.1338387,13.503,Inestabilidad Laboral,Inflación Baja
"2011-07-22",12,B,922231.92,129.1507742,13.503,Inestabilidad Laboral,Inflación Baja
"2011-07-29",12,B,890547.0700000001,129.1677097,13.503,Inestabilidad Laboral,Inflación Baja
"2011-08-05",12,B,988712.52,129.1846452,13.503,Inestabilidad Laboral,Inflación Baja
"2011-08-12",12,B,955913.68,129.2015806,13.503,Inestabilidad Laboral,Inflación Baja
"2011-08-19",12,B,966817.24,129.2405806,13.503,Inestabilidad Laboral,Inflación Baja
"2011-08-26",12,B,1017593.47,129.2832581,13.503,Inestabilidad Laboral,Inflación Baja
"2011-09-02",12,B,1052051.45,129.3259355,13.503,Inestabilidad Laboral,Inflación Baja
"2011-09-09",12,B,922850.57,129.3686129,13.503,Inestabilidad Laboral,Inflación Baja
"2011-09-16",12,B,889290.23,129.4306,13.503,Inestabilidad Laboral,Inflación Baja
"2011-09-23",12,B,871692.74,129.5183333,13.503,Inestabilidad Laboral,Inflación Baja
"2011-09-30",12,B,866401.45,129.6060667,13.503,Inestabilidad Laboral,Inflación Baja
"2011-10-07",12,B,951244.66,129.6938,12.89,Inestabilidad Laboral,Inflación Baja
"2011-10-14",12,B,927600.01,129.7706452,12.89,Inestabilidad Laboral,Inflación Baja
"2011-10-21",12,B,938604.58,129.7821613,12.89,Inestabilidad Laboral,Inflación Baja
"2011-10-28",12,B,990926.38,129.7936774,12.89,Inestabilidad Laboral,Inflación Baja
"2011-11-04",12,B,1051944.79,129.8051935,12.89,Inestabilidad Laboral,Inflación Baja
"2011-11-11",12,B,1095091.53,129.8167097,12.89,Inestabilidad Laboral,Inflación Baja
"2011-11-18",12,B,970641.34,129.8268333,12.89,Inestabilidad Laboral,Inflación Baja
"2011-11-25",12,B,1591920.42,129.8364,12.89,Inestabilidad Laboral,Inflación Baja
"2011-12-02",12,B,1071383.1,129.8459667,12.89,Inestabilidad Laboral,Inflación Baja
"2011-12-09",12,B,1189646.45,129.8555333,12.89,Inestabilidad Laboral,Inflación Baja
"2011-12-16",12,B,1293404.18,129.8980645,12.89,Inestabilidad Laboral,Inflación Baja
"2011-12-23",12,B,1617612.03,129.9845484,12.89,Inestabilidad Laboral,Inflación Baja
"2011-12-30",12,B,1111638.07,130.0710323,12.89,Inestabilidad Laboral,Inflación Baja
"2012-01-06",12,B,945823.65,130.1575161,12.187,Inestabilidad Laboral,Inflación Baja
"2012-01-13",12,B,865467.86,130.244,12.187,Inestabilidad Laboral,Inflación Baja
"2012-01-20",12,B,855922.64,130.2792258,12.187,Inestabilidad Laboral,Inflación Baja
"2012-01-27",12,B,888203.6900000001,130.3144516,12.187,Inestabilidad Laboral,Inflación Baja
"2012-02-03",12,B,1058767.95,130.3496774,12.187,Inestabilidad Laboral,Inflación Baja
"2012-02-10",12,B,1199330.85,130.3849032,12.187,Inestabilidad Laboral,Inflación Baja
"2012-02-17",12,B,1240048.85,130.4546207,12.187,Inestabilidad Laboral,Inflación Baja
"2012-02-24",12,B,1112034.72,130.5502069,12.187,Inestabilidad Laboral,Inflación Baja
"2012-03-02",12,B,1147636.96,130.6457931,12.187,Inestabilidad Laboral,Inflación Baja
"2012-03-09",12,B,1113208.57,130.7413793,12.187,Inestabilidad Laboral,Inflación Baja
"2012-03-16",12,B,1088498.52,130.8261935,12.187,Inestabilidad Laboral,Inflación Baja
"2012-03-23",12,B,1045419.87,130.8966452,12.187,Inestabilidad Laboral,Inflación Baja
"2012-03-30",12,B,1025382.22,130.9670968,12.187,Inestabilidad Laboral,Inflación Baja
"2012-04-06",12,B,1128765.71,131.0375484,11.627,Inestabilidad Laboral,Inflación Baja
"2012-04-13",12,B,1083811.19,131.108,11.627,Inestabilidad Laboral,Inflación Baja
"2012-04-20",12,B,1006486.96,131.1173333,11.627,Inestabilidad Laboral,Inflación Baja
"2012-04-27",12,B,1004252.38,131.1266667,11.627,Inestabilidad Laboral,Inflación Baja
"2012-05-04",12,B,1073433.69,131.136,11.627,Inestabilidad Laboral,Inflación Baja
"2012-05-11",12,B,1041995.22,131.1453333,11.627,Inestabilidad Laboral,Inflación Baja
"2012-05-18",12,B,1020486.05,131.0983226,11.627,Inestabilidad Laboral,Inflación Baja
"2012-05-25",12,B,991514.21,131.0287742,11.627,Inestabilidad Laboral,Inflación Baja
"2012-06-01",12,B,981345.2,130.9592258,11.627,Inestabilidad Laboral,Inflación Baja
"2012-06-08",12,B,1086231.47,130.8896774,11.627,Inestabilidad Laboral,Inflación Baja
"2012-06-15",12,B,1019555.51,130.8295333,11.627,Inestabilidad Laboral,Inflación Baja
"2012-06-22",12,B,981386.25,130.7929,11.627,Inestabilidad Laboral,Inflación Baja
"2012-06-29",12,B,943124.74,130.7562667,11.627,Inestabilidad Laboral,Inflación Baja
"2012-07-06",12,B,1014898.78,130.7196333,10.926,Inestabilidad Laboral,Inflación Baja
"2012-07-13",12,B,960312.75,130.683,10.926,Inestabilidad Laboral,Inflación Baja
"2012-07-20",12,B,941550.34,130.7012903,10.926,Inestabilidad Laboral,Inflación Baja
"2012-07-27",12,B,916967.92,130.7195806,10.926,Inestabilidad Laboral,Inflación Baja
"2012-08-03",12,B,958667.23,130.737871,10.926,Inestabilidad Laboral,Inflación Baja
"2012-08-10",12,B,984689.9,130.7561613,10.926,Inestabilidad Laboral,Inflación Baja
"2012-08-17",12,B,1005003.12,130.7909677,10.926,Inestabilidad Laboral,Inflación Baja
"2012-08-24",12,B,1048101.39,130.8381613,10.926,Inestabilidad Laboral,Inflación Baja
"2012-08-31",12,B,1061943.49,130.8853548,10.926,Inestabilidad Laboral,Inflación Baja
"2012-09-07",12,B,955146.04,130.9325484,10.926,Inestabilidad Laboral,Inflación Baja
"2012-09-14",12,B,885892.37,130.9776667,10.926,Inestabilidad Laboral,Inflación Baja
"2012-09-21",12,B,922735.37,131.0103333,10.926,Inestabilidad Laboral,Inflación Baja
"2012-09-28",12,B,880415.67,131.043,10.926,Inestabilidad Laboral,Inflación Baja
"2012-10-05",12,B,979825.92,131.0756667,10.199,Inestabilidad Laboral,Inflación Baja
"2012-10-12",12,B,934917.47,131.1083333,10.199,Inestabilidad Laboral,Inflación Baja
"2012-10-19",12,B,960945.43,131.1499677,10.199,Inestabilidad Laboral,Inflación Baja
"2012-10-26",12,B,974697.6,131.1930968,10.199,Inestabilidad Laboral,Inflación Baja
"2010-02-05",13,A,1967220.53,126.4420645,8.316,Estrés Moderado,Inflación Baja
"2010-02-12",13,A,2030933.46,126.4962581,8.316,Estrés Moderado,Inflación Baja
"2010-02-19",13,A,1970274.64,126.5262857,8.316,Estrés Moderado,Inflación Baja
"2010-02-26",13,A,1817850.32,126.5522857,8.316,Estrés Moderado,Inflación Baja
"2010-03-05",13,A,1939980.43,126.5782857,8.316,Estrés Moderado,Inflación Baja
"2010-03-12",13,A,1840686.94,126.6042857,8.316,Estrés Moderado,Inflación Baja
"2010-03-19",13,A,1879794.89,126.6066452,8.316,Estrés Moderado,Inflación Baja
"2010-03-26",13,A,1882095.98,126.6050645,8.316,Estrés Moderado,Inflación Baja
"2010-04-02",13,A,2142482.14,126.6034839,8.107,Estrés Moderado,Inflación Baja
"2010-04-09",13,A,1898321.33,126.6019032,8.107,Estrés Moderado,Inflación Baja
"2010-04-16",13,A,1819660.44,126.5621,8.107,Estrés Moderado,Inflación Baja
"2010-04-23",13,A,1909330.77,126.4713333,8.107,Estrés Moderado,Inflación Baja
"2010-04-30",13,A,1785823.3699999999,126.3805667,8.107,Estrés Moderado,Inflación Baja
"2010-05-07",13,A,2005478.46,126.2898,8.107,Estrés Moderado,Inflación Baja
"2010-05-14",13,A,1890273.44,126.2085484,8.107,Estrés Moderado,Inflación Baja
"2010-05-21",13,A,1853657.5999999999,126.1843871,8.107,Estrés Moderado,Inflación Baja
"2010-05-28",13,A,1877358.86,126.1602258,8.107,Estrés Moderado,Inflación Baja
"2010-06-04",13,A,2022705.22,126.1360645,8.107,Estrés Moderado,Inflación Baja
"2010-06-11",13,A,2037880.96,126.1119032,8.107,Estrés Moderado,Inflación Baja
"2010-06-18",13,A,2003435.31,126.114,8.107,Estrés Moderado,Inflación Baja
"2010-06-25",13,A,1970340.25,126.1266,8.107,Estrés Moderado,Inflación Baja
"2010-07-02",13,A,2018314.71,126.1392,7.951,Estrés Moderado,Inflación Baja
"2010-07-09",13,A,1870843.9,126.1518,7.951,Estrés Moderado,Inflación Baja
"2010-07-16",13,A,1932231.05,126.1498065,7.951,Estrés Moderado,Inflación Baja
"2010-07-23",13,A,1907351.2,126.1283548,7.951,Estrés Moderado,Inflación Baja
"2010-07-30",13,A,1817887.23,126.1069032,7.951,Estrés Moderado,Inflación Baja
"2010-08-06",13,A,1969121.45,126.0854516,7.951,Estrés Moderado,Inflación Baja
"2010-08-13",13,A,1877592.55,126.064,7.951,Estrés Moderado,Inflación Baja
"2010-08-20",13,A,1997397.63,126.0766452,7.951,Estrés Moderado,Inflación Baja
"2010-08-27",13,A,1908278.27,126.0892903,7.951,Estrés Moderado,Inflación Baja
"2010-09-03",13,A,1911852.58,126.1019355,7.951,Estrés Moderado,Inflación Baja
"2010-09-10",13,A,1772143.94,126.1145806,7.951,Estrés Moderado,Inflación Baja
"2010-09-17",13,A,1790279.74,126.1454667,7.951,Estrés Moderado,Inflación Baja
"2010-09-24",13,A,1705655.09,126.1900333,7.951,Estrés Moderado,Inflación Baja
"2010-10-01",13,A,1765584.48,126.2346,7.795,Estrés Moderado,Inflación Baja
"2010-10-08",13,A,1871924.07,126.2791667,7.795,Estrés Moderado,Inflación Baja
"2010-10-15",13,A,1851431.06,126.3266774,7.795,Estrés Moderado,Inflación Baja
"2010-10-22",13,A,1796949.59,126.3815484,7.795,Estrés Moderado,Inflación Baja
"2010-10-29",13,A,1887895.07,126.4364194,7.795,Estrés Moderado,Inflación Baja
"2010-11-05",13,A,1854967.66,126.4912903,7.795,Estrés Moderado,Inflación Baja
"2010-11-12",13,A,1939964.63,126.5461613,7.795,Estrés Moderado,Inflación Baja
"2010-11-19",13,A,1925393.91,126.6072,7.795,Estrés Moderado,Inflación Baja
"2010-11-26",13,A,2766400.05,126.6692667,7.795,Estrés Moderado,Inflación Baja
"2010-12-03",13,A,2083379.89,126.7313333,7.795,Estrés Moderado,Inflación Baja
"2010-12-10",13,A,2461468.35,126.7934,7.795,Estrés Moderado,Inflación Baja
"2010-12-17",13,A,2771646.81,126.8794839,7.795,Estrés Moderado,Inflación Baja
"2010-12-24",13,A,3595903.2,126.9835806,7.795,Estrés Moderado,Inflación Baja
"2010-12-31",13,A,1675292.0,127.0876774,7.795,Estrés Moderado,Inflación Baja
"2011-01-07",13,A,1744544.39,127.1917742,7.47,Estrés Moderado,Inflación Baja
"2011-01-14",13,A,1682316.31,127.3009355,7.47,Estrés Moderado,Inflación Baja
"2011-01-21",13,A,1770177.37,127.4404839,7.47,Estrés Moderado,Inflación Baja
"2011-01-28",13,A,1633663.12,127.5800323,7.47,Estrés Moderado,Inflación Baja
"2011-02-04",13,A,1848186.58,127.7195806,7.47,Estrés Moderado,Inflación Baja
"2011-02-11",13,A,1944438.9,127.859129,7.47,Estrés Moderado,Inflación Baja
"2011-02-18",13,A,2003480.59,127.99525,7.47,Estrés Moderado,Inflación Baja
"2011-02-25",13,A,1831933.95,128.13,7.47,Estrés Moderado,Inflación Baja
"2011-03-04",13,A,1894960.68,128.26475,7.47,Estrés Moderado,Inflación Baja
"2011-03-11",13,A,1852432.58,128.3995,7.47,Estrés Moderado,Inflación Baja
"2011-03-18",13,A,1852443.78,128.5121935,7.47,Estrés Moderado,Inflación Baja
"2011-03-25",13,A,1807545.43,128.6160645,7.47,Estrés Moderado,Inflación Baja
"2011-04-01",13,A,1864238.64,128.7199355,7.193,Estrés Moderado,Inflación Baja
"2011-04-08",13,A,1887465.04,128.8238065,7.193,Estrés Moderado,Inflación Baja
"2011-04-15",13,A,1950994.04,128.9107333,7.193,Estrés Moderado,Inflación Baja
"2011-04-22",13,A,2124316.34,128.9553,7.193,Estrés Moderado,Inflación Baja
"2011-04-29",13,A,1895583.12,128.9998667,7.193,Estrés Moderado,Inflación Baja
"2011-05-06",13,A,1986380.4,129.0444333,7.193,Estrés Moderado,Inflación Baja
"2011-05-13",13,A,1958823.56,129.089,7.193,Estrés Moderado,Inflación Baja
"2011-05-20",13,A,1860923.55,129.0756774,7.193,Estrés Moderado,Inflación Baja
"2011-05-27",13,A,1866369.93,129.0623548,7.193,Estrés Moderado,Inflación Baja
"2011-06-03",13,A,1935593.8699999999,129.0490323,7.193,Estrés Moderado,Inflación Baja
"2011-06-10",13,A,1997816.98,129.0357097,7.193,Estrés Moderado,Inflación Baja
"2011-06-17",13,A,2086433.49,129.0432,7.193,Estrés Moderado,Inflación Baja
"2011-06-24",13,A,2009163.08,129.0663,7.193,Estrés Moderado,Inflación Baja
"2011-07-01",13,A,2048035.74,129.0894,6.877,Estrés Moderado,Inflación Baja
"2011-07-08",13,A,2021699.38,129.1125,6.877,Estrés Moderado,Inflación Baja
"2011-07-15",13,A,1956813.31,129.1338387,6.877,Estrés Moderado,Inflación Baja
"2011-07-22",13,A,1987089.36,129.1507742,6.877,Estrés Moderado,Inflación Baja
"2011-07-29",13,A,1880785.69,129.1677097,6.877,Estrés Moderado,Inflación Baja
"2011-08-05",13,A,2076231.8,129.1846452,6.877,Estrés Moderado,Inflación Baja
"2011-08-12",13,A,1970341.38,129.2015806,6.877,Estrés Moderado,Inflación Baja
"2011-08-19",13,A,2090340.98,129.2405806,6.877,Estrés Moderado,Inflación Baja
"2011-08-26",13,A,2035244.54,129.2832581,6.877,Estrés Moderado,Inflación Baja
"2011-09-02",13,A,1953628.82,129.3259355,6.877,Estrés Moderado,Inflación Baja
"2011-09-09",13,A,1872921.31,129.3686129,6.877,Estrés Moderado,Inflación Baja
"2011-09-16",13,A,1923223.82,129.4306,6.877,Estrés Moderado,Inflación Baja
"2011-09-23",13,A,1847430.96,129.5183333,6.877,Estrés Moderado,Inflación Baja
"2011-09-30",13,A,1835662.69,129.6060667,6.877,Estrés Moderado,Inflación Baja
"2011-10-07",13,A,2067232.56,129.6938,6.392,Estabilidad Laboral,Inflación Baja
"2011-10-14",13,A,1929659.07,129.7706452,6.392,Estabilidad Laboral,Inflación Baja
"2011-10-21",13,A,1973544.27,129.7821613,6.392,Estabilidad Laboral,Inflación Baja
"2011-10-28",13,A,1948733.81,129.7936774,6.392,Estabilidad Laboral,Inflación Baja
"2011-11-04",13,A,2036317.54,129.8051935,6.392,Estabilidad Laboral,Inflación Baja
"2011-11-11",13,A,2111592.09,129.8167097,6.392,Estabilidad Laboral,Inflación Baja
"2011-11-18",13,A,2016323.51,129.8268333,6.392,Estabilidad Laboral,Inflación Baja
"2011-11-25",13,A,2864170.61,129.8364,6.392,Estabilidad Laboral,Inflación Baja
"2011-12-02",13,A,2051315.66,129.8459667,6.392,Estabilidad Laboral,Inflación Baja
"2011-12-09",13,A,2462779.06,129.8555333,6.392,Estabilidad Laboral,Inflación Baja
"2011-12-16",13,A,2760346.71,129.8980645,6.392,Estabilidad Laboral,Inflación Baja
"2011-12-23",13,A,3556766.03,129.9845484,6.392,Estabilidad Laboral,Inflación Baja
"2011-12-30",13,A,1969056.91,130.0710323,6.392,Estabilidad Laboral,Inflación Baja
"2012-01-06",13,A,1865752.78,130.1575161,6.104,Estabilidad Laboral,Inflación Baja
"2012-01-13",13,A,1794962.64,130.244,6.104,Estabilidad Laboral,Inflación Baja
"2012-01-20",13,A,1811606.21,130.2792258,6.104,Estabilidad Laboral,Inflación Baja
"2012-01-27",13,A,1733983.09,130.3144516,6.104,Estabilidad Laboral,Inflación Baja
"2012-02-03",13,A,1927780.74,130.3496774,6.104,Estabilidad Laboral,Inflación Baja
"2012-02-10",13,A,2069284.57,130.3849032,6.104,Estabilidad Laboral,Inflación Baja
"2012-02-17",13,A,2214477.06,130.4546207,6.104,Estabilidad Laboral,Inflación Baja
"2012-02-24",13,A,1929768.03,130.5502069,6.104,Estabilidad Laboral,Inflación Baja
"2012-03-02",13,A,1969742.76,130.6457931,6.104,Estabilidad Laboral,Inflación Baja
"2012-03-09",13,A,1986445.65,130.7413793,6.104,Estabilidad Laboral,Inflación Baja
"2012-03-16",13,A,2025582.6199999999,130.8261935,6.104,Estabilidad Laboral,Inflación Baja
"2012-03-23",13,A,1904421.74,130.8966452,6.104,Estabilidad Laboral,Inflación Baja
"2012-03-30",13,A,1948982.7,130.9670968,6.104,Estabilidad Laboral,Inflación Baja
"2012-04-06",13,A,2271614.76,131.0375484,5.965,Estabilidad Laboral,Inflación Baja
"2012-04-13",13,A,2057637.86,131.108,5.965,Estabilidad Laboral,Inflación Baja
"2012-04-20",13,A,1955689.1199999999,131.1173333,5.965,Estabilidad Laboral,Inflación Baja
"2012-04-27",13,A,1970121.65,131.1266667,5.965,Estabilidad Laboral,Inflación Baja
"2012-05-04",13,A,1995994.51,131.136,5.965,Estabilidad Laboral,Inflación Baja
"2012-05-11",13,A,2080764.17,131.1453333,5.965,Estabilidad Laboral,Inflación Baja
"2012-05-18",13,A,2131900.55,131.0983226,5.965,Estabilidad Laboral,Inflación Baja
"2012-05-25",13,A,2043349.41,131.0287742,5.965,Estabilidad Laboral,Inflación Baja
"2012-06-01",13,A,2035431.39,130.9592258,5.965,Estabilidad Laboral,Inflación Baja
"2012-06-08",13,A,2182437.9,130.8896774,5.965,Estabilidad Laboral,Inflación Baja
"2012-06-15",13,A,2152229.11,130.8295333,5.965,Estabilidad Laboral,Inflación Baja
"2012-06-22",13,A,2094373.0,130.7929,5.965,Estabilidad Laboral,Inflación Baja
"2012-06-29",13,A,2037663.71,130.7562667,5.965,Estabilidad Laboral,Inflación Baja
"2012-07-06",13,A,2184980.35,130.7196333,5.765,Estabilidad Laboral,Inflación Baja
"2012-07-13",13,A,2002750.99,130.683,5.765,Estabilidad Laboral,Inflación Baja
"2012-07-20",13,A,2053089.32,130.7012903,5.765,Estabilidad Laboral,Inflación Baja
"2012-07-27",13,A,1914430.53,130.7195806,5.765,Estabilidad Laboral,Inflación Baja
"2012-08-03",13,A,2044148.23,130.737871,5.765,Estabilidad Laboral,Inflación Baja
"2012-08-10",13,A,2041019.92,130.7561613,5.765,Estabilidad Laboral,Inflación Baja
"2012-08-17",13,A,2095769.18,130.7909677,5.765,Estabilidad Laboral,Inflación Baja
"2012-08-24",13,A,2059458.25,130.8381613,5.765,Estabilidad Laboral,Inflación Baja
"2012-08-31",13,A,2073855.42,130.8853548,5.765,Estabilidad Laboral,Inflación Baja
"2012-09-07",13,A,2165796.31,130.9325484,5.765,Estabilidad Laboral,Inflación Baja
"2012-09-14",13,A,1919917.03,130.9776667,5.765,Estabilidad Laboral,Inflación Baja
"2012-09-21",13,A,1938379.66,131.0103333,5.765,Estabilidad Laboral,Inflación Baja
"2012-09-28",13,A,1927664.1099999999,131.043,5.765,Estabilidad Laboral,Inflación Baja
"2012-10-05",13,A,2041918.74,131.0756667,5.621,Estabilidad Laboral,Inflación Baja
"2012-10-12",13,A,1999079.44,131.1083333,5.621,Estabilidad Laboral,Inflación Baja
"2012-10-19",13,A,2018010.15,131.1499677,5.621,Estabilidad Laboral,Inflación Baja
"2012-10-26",13,A,2035189.66,131.1930968,5.621,Estabilidad Laboral,Inflación Baja
"2010-02-05",14,A,2623469.95,181.8711898,8.992,Inestabilidad Laboral,Inflación Media
"2010-02-12",14,A,1704218.84,181.982317,8.992,Inestabilidad Laboral,Inflación Media
"2010-02-19",14,A,2204556.7,182.0347816,8.992,Inestabilidad Laboral,Inflación Media
"2010-02-26",14,A,2095591.63,182.0774691,8.992,Inestabilidad Laboral,Inflación Media
"2010-03-05",14,A,2237544.75,182.1201566,8.992,Inestabilidad Laboral,Inflación Media
"2010-03-12",14,A,2156035.06,182.1628441,8.992,Inestabilidad Laboral,Inflación Media
"2010-03-19",14,A,2066219.3,182.0779857,8.992,Inestabilidad Laboral,Inflación Media
"2010-03-26",14,A,2050396.27,181.9718697,8.992,Inestabilidad Laboral,Inflación Media
"2010-04-02",14,A,2495630.5100000002,181.8657537,8.899,Inestabilidad Laboral,Inflación Media
"2010-04-09",14,A,2258781.28,181.7596377,8.899,Inestabilidad Laboral,Inflación Media
"2010-04-16",14,A,2121788.61,181.6924769,8.899,Inestabilidad Laboral,Inflación Media
"2010-04-23",14,A,2138144.91,181.6772564,8.899,Inestabilidad Laboral,Inflación Media
"2010-04-30",14,A,2082355.12,181.6620359,8.899,Inestabilidad Laboral,Inflación Media
"2010-05-07",14,A,2370116.52,181.6468154,8.899,Inestabilidad Laboral,Inflación Media
"2010-05-14",14,A,2129771.13,181.6612792,8.899,Inestabilidad Laboral,Inflación Media
"2010-05-21",14,A,2108187.1,181.8538486,8.899,Inestabilidad Laboral,Inflación Media
"2010-05-28",14,A,2227152.16,182.0464181,8.899,Inestabilidad Laboral,Inflación Media
"2010-06-04",14,A,2363601.4699999997,182.2389876,8.899,Inestabilidad Laboral,Inflación Media
"2010-06-11",14,A,2249570.04,182.4315571,8.899,Inestabilidad Laboral,Inflación Media
"2010-06-18",14,A,2248645.59,182.4424199,8.899,Inestabilidad Laboral,Inflación Media
"2010-06-25",14,A,2246179.91,182.3806,8.899,Inestabilidad Laboral,Inflación Media
"2010-07-02",14,A,2334788.42,182.3187801,8.743,Inestabilidad Laboral,Inflación Media
"2010-07-09",14,A,2236209.13,182.2569603,8.743,Inestabilidad Laboral,Inflación Media
"2010-07-16",14,A,2130287.27,182.2604411,8.743,Inestabilidad Laboral,Inflación Media
"2010-07-23",14,A,2044155.39,182.3509895,8.743,Inestabilidad Laboral,Inflación Media
"2010-07-30",14,A,2054843.28,182.4415378,8.743,Inestabilidad Laboral,Inflación Media
"2010-08-06",14,A,2219813.5,182.5320862,8.743,Inestabilidad Laboral,Inflación Media
"2010-08-13",14,A,2052984.81,182.6226346,8.743,Inestabilidad Laboral,Inflación Media
"2010-08-20",14,A,2057138.31,182.6165205,8.743,Inestabilidad Laboral,Inflación Media
"2010-08-27",14,A,2020332.07,182.6104063,8.743,Inestabilidad Laboral,Inflación Media
"2010-09-03",14,A,2182563.66,182.6042922,8.743,Inestabilidad Laboral,Inflación Media
"2010-09-10",14,A,2191767.7600000002,182.598178,8.743,Inestabilidad Laboral,Inflación Media
"2010-09-17",14,A,1953539.85,182.622509,8.743,Inestabilidad Laboral,Inflación Media
"2010-09-24",14,A,1879891.13,182.6696737,8.743,Inestabilidad Laboral,Inflación Media
"2010-10-01",14,A,1855703.66,182.7168385,8.724,Inestabilidad Laboral,Inflación Media
"2010-10-08",14,A,2091663.2,182.7640032,8.724,Inestabilidad Laboral,Inflación Media
"2010-10-15",14,A,1932162.63,182.8106203,8.724,Inestabilidad Laboral,Inflación Media
"2010-10-22",14,A,1936621.09,182.8558685,8.724,Inestabilidad Laboral,Inflación Media
"2010-10-29",14,A,1984768.34,182.9011166,8.724,Inestabilidad Laboral,Inflación Media
"2010-11-05",14,A,2078417.47,182.9463648,8.724,Inestabilidad Laboral,Inflación Media
"2010-11-12",14,A,2092189.06,182.9916129,8.724,Inestabilidad Laboral,Inflación Media
"2010-11-19",14,A,1968462.58,182.8989385,8.724,Inestabilidad Laboral,Inflación Media
"2010-11-26",14,A,2921709.71,182.7832769,8.724,Inestabilidad Laboral,Inflación Media
"2010-12-03",14,A,2258489.63,182.6676154,8.724,Inestabilidad Laboral,Inflación Media
"2010-12-10",14,A,2600519.26,182.5519538,8.724,Inestabilidad Laboral,Inflación Media
"2010-12-17",14,A,2762861.41,182.517732,8.724,Inestabilidad Laboral,Inflación Media
"2010-12-24",14,A,3818686.45,182.54459,8.724,Inestabilidad Laboral,Inflación Media
"2010-12-31",14,A,1623716.46,182.5714479,8.724,Inestabilidad Laboral,Inflación Media
"2011-01-07",14,A,1864746.0999999999,182.5983058,8.549,Inestabilidad Laboral,Inflación Media
"2011-01-14",14,A,1699095.9,182.6585782,8.549,Inestabilidad Laboral,Inflación Media
"2011-01-21",14,A,1743188.8699999999,182.9193368,8.549,Inestabilidad Laboral,Inflación Media
"2011-01-28",14,A,1613718.3800000001,183.1800955,8.549,Inestabilidad Laboral,Inflación Media
"2011-02-04",14,A,1995891.8699999999,183.4408542,8.549,Inestabilidad Laboral,Inflación Media
"2011-02-11",14,A,1980405.03,183.7016129,8.549,Inestabilidad Laboral,Inflación Media
"2011-02-18",14,A,2019031.67,183.9371353,8.549,Inestabilidad Laboral,Inflación Media
"2011-02-25",14,A,1875708.88,184.1625632,8.549,Inestabilidad Laboral,Inflación Media
"2011-03-04",14,A,2041215.61,184.3879911,8.549,Inestabilidad Laboral,Inflación Media
"2011-03-11",14,A,1931104.67,184.613419,8.549,Inestabilidad Laboral,Inflación Media
"2011-03-18",14,A,1932491.42,184.809719,8.549,Inestabilidad Laboral,Inflación Media
"2011-03-25",14,A,1879451.23,184.9943679,8.549,Inestabilidad Laboral,Inflación Media
"2011-04-01",14,A,1869110.55,185.1790167,8.521,Inestabilidad Laboral,Inflación Media
"2011-04-08",14,A,2037798.8800000001,185.3636656,8.521,Inestabilidad Laboral,Inflación Media
"2011-04-15",14,A,1974960.86,185.5339821,8.521,Inestabilidad Laboral,Inflación Media
"2011-04-22",14,A,2256461.39,185.6684673,8.521,Inestabilidad Laboral,Inflación Media
"2011-04-29",14,A,1930617.64,185.8029526,8.521,Inestabilidad Laboral,Inflación Media
"2011-05-06",14,A,2095599.93,185.9374378,8.521,Inestabilidad Laboral,Inflación Media
"2011-05-13",14,A,2004330.3,186.0719231,8.521,Inestabilidad Laboral,Inflación Media
"2011-05-20",14,A,1959967.8,185.9661154,8.521,Inestabilidad Laboral,Inflación Media
"2011-05-27",14,A,2080694.24,185.8603077,8.521,Inestabilidad Laboral,Inflación Media
"2011-06-03",14,A,2079899.47,185.7545,8.521,Inestabilidad Laboral,Inflación Media
"2011-06-10",14,A,2132446.0,185.6486923,8.521,Inestabilidad Laboral,Inflación Media
"2011-06-17",14,A,2082083.3399999999,185.6719333,8.521,Inestabilidad Laboral,Inflación Media
"2011-06-24",14,A,2069523.52,185.7919609,8.521,Inestabilidad Laboral,Inflación Media
"2011-07-01",14,A,2074668.19,185.9119885,8.625,Inestabilidad Laboral,Inflación Media
"2011-07-08",14,A,2063401.06,186.032016,8.625,Inestabilidad Laboral,Inflación Media
"2011-07-15",14,A,1953544.76,186.1399808,8.625,Inestabilidad Laboral,Inflación Media
"2011-07-22",14,A,1882070.8800000001,186.2177885,8.625,Inestabilidad Laboral,Inflación Media
"2011-07-29",14,A,1871021.01,186.2955962,8.625,Inestabilidad Laboral,Inflación Media
"2011-08-05",14,A,2066020.69,186.3734038,8.625,Inestabilidad Laboral,Inflación Media
"2011-08-12",14,A,1928773.82,186.4512115,8.625,Inestabilidad Laboral,Inflación Media
"2011-08-19",14,A,1896873.99,186.5093071,8.625,Inestabilidad Laboral,Inflación Media
"2011-08-26",14,A,2273470.62,186.5641172,8.625,Inestabilidad Laboral,Inflación Media
"2011-09-02",14,A,1750891.47,186.6189274,8.625,Inestabilidad Laboral,Inflación Media
"2011-09-09",14,A,2202742.9,186.6737376,8.625,Inestabilidad Laboral,Inflación Media
"2011-09-16",14,A,1864637.89,186.8024,8.625,Inestabilidad Laboral,Inflación Media
"2011-09-23",14,A,1871555.64,187.0295321,8.625,Inestabilidad Laboral,Inflación Media
"2011-09-30",14,A,1809989.29,187.2566641,8.625,Inestabilidad Laboral,Inflación Media
"2011-10-07",14,A,2078796.76,187.4837962,8.523,Inestabilidad Laboral,Inflación Media
"2011-10-14",14,A,1890870.75,187.6917481,8.523,Inestabilidad Laboral,Inflación Media
"2011-10-21",14,A,2009004.59,187.7846197,8.523,Inestabilidad Laboral,Inflación Media
"2011-10-28",14,A,2056846.1199999999,187.8774913,8.523,Inestabilidad Laboral,Inflación Media
"2011-11-04",14,A,2174056.71,187.9703629,8.523,Inestabilidad Laboral,Inflación Media
"2011-11-11",14,A,2081534.6500000001,188.0632345,8.523,Inestabilidad Laboral,Inflación Media
"2011-11-18",14,A,1969360.72,188.1983654,8.523,Inestabilidad Laboral,Inflación Media
"2011-11-25",14,A,2685351.81,188.3504,8.523,Inestabilidad Laboral,Inflación Media
"2011-12-02",14,A,2143080.57,188.5024346,8.523,Inestabilidad Laboral,Inflación Media
"2011-12-09",14,A,2470581.29,188.6544692,8.523,Inestabilidad Laboral,Inflación Media
"2011-12-16",14,A,2594363.09,188.7979349,8.523,Inestabilidad Laboral,Inflación Media
"2011-12-23",14,A,3369068.99,188.9299752,8.523,Inestabilidad Laboral,Inflación Media
"2011-12-30",14,A,1914148.89,189.0620155,8.523,Inestabilidad Laboral,Inflación Media
"2012-01-06",14,A,1859144.96,189.1940558,8.424,Estrés Moderado,Inflación Media
"2012-01-13",14,A,1696248.27,189.3260962,8.424,Estrés Moderado,Inflación Media
"2012-01-20",14,A,1789113.32,189.4214733,8.424,Estrés Moderado,Inflación Media
"2012-01-27",14,A,1595362.27,189.5168505,8.424,Estrés Moderado,Inflación Media
"2012-02-03",14,A,1877410.36,189.6122277,8.424,Estrés Moderado,Inflación Media
"2012-02-10",14,A,2077256.24,189.7076048,8.424,Estrés Moderado,Inflación Media
"2012-02-17",14,A,2020550.99,189.8424834,8.424,Estrés Moderado,Inflación Media
"2012-02-24",14,A,1875040.16,190.0069881,8.424,Estrés Moderado,Inflación Media
"2012-03-02",14,A,1926004.99,190.1714927,8.424,Estrés Moderado,Inflación Media
"2012-03-09",14,A,2020839.31,190.3359973,8.424,Estrés Moderado,Inflación Media
"2012-03-16",14,A,1941040.5,190.4618964,8.424,Estrés Moderado,Inflación Media
"2012-03-23",14,A,1893447.71,190.5363213,8.424,Estrés Moderado,Inflación Media
"2012-03-30",14,A,1905033.01,190.6107463,8.424,Estrés Moderado,Inflación Media
"2012-04-06",14,A,2376022.26,190.6851712,8.567,Inestabilidad Laboral,Inflación Media
"2012-04-13",14,A,1912909.69,190.7595962,8.567,Inestabilidad Laboral,Inflación Media
"2012-04-20",14,A,1875686.44,190.8138013,8.567,Inestabilidad Laboral,Inflación Media
"2012-04-27",14,A,1784029.95,190.8680064,8.567,Inestabilidad Laboral,Inflación Media
"2012-05-04",14,A,1949354.29,190.9222115,8.567,Inestabilidad Laboral,Inflación Media
"2012-05-11",14,A,1987531.05,190.9764167,8.567,Inestabilidad Laboral,Inflación Media
"2012-05-18",14,A,1932233.17,190.9964479,8.567,Inestabilidad Laboral,Inflación Media
"2012-05-25",14,A,2030869.61,191.0028096,8.567,Inestabilidad Laboral,Inflación Media
"2012-06-01",14,A,2049485.49,191.0091712,8.567,Inestabilidad Laboral,Inflación Media
"2012-06-08",14,A,2099615.88,191.0155329,8.567,Inestabilidad Laboral,Inflación Media
"2012-06-15",14,A,1905733.68,191.0299731,8.567,Inestabilidad Laboral,Inflación Media
"2012-06-22",14,A,1660228.88,191.0646096,8.567,Inestabilidad Laboral,Inflación Media
"2012-06-29",14,A,1591835.02,191.0992462,8.567,Inestabilidad Laboral,Inflación Media
"2012-07-06",14,A,1862128.95,191.1338827,8.684,Inestabilidad Laboral,Inflación Media
"2012-07-13",14,A,1544422.35,191.1685192,8.684,Inestabilidad Laboral,Inflación Media
"2012-07-20",14,A,1553250.16,191.1670428,8.684,Inestabilidad Laboral,Inflación Media
"2012-07-27",14,A,1479514.66,191.1655664,8.684,Inestabilidad Laboral,Inflación Media
"2012-08-03",14,A,1656886.46,191.16409,8.684,Inestabilidad Laboral,Inflación Media
"2012-08-10",14,A,1648570.03,191.1626135,8.684,Inestabilidad Laboral,Inflación Media
"2012-08-17",14,A,1660433.3,191.2284919,8.684,Inestabilidad Laboral,Inflación Media
"2012-08-24",14,A,1621841.33,191.3448865,8.684,Inestabilidad Laboral,Inflación Media
"2012-08-31",14,A,1613342.19,191.461281,8.684,Inestabilidad Laboral,Inflación Media
"2012-09-07",14,A,1904512.34,191.5776756,8.684,Inestabilidad Laboral,Inflación Media
"2012-09-14",14,A,1554794.22,191.69985,8.684,Inestabilidad Laboral,Inflación Media
"2012-09-21",14,A,1565352.46,191.8567038,8.684,Inestabilidad Laboral,Inflación Media
"2012-09-28",14,A,1522512.2,192.0135577,8.684,Inestabilidad Laboral,Inflación Media
"2012-10-05",14,A,1687592.16,192.1704115,8.667,Inestabilidad Laboral,Inflación Media
"2012-10-12",14,A,1639585.61,192.3272654,8.667,Inestabilidad Laboral,Inflación Media
"2012-10-19",14,A,1590274.72,192.3308542,8.667,Inestabilidad Laboral,Inflación Media
"2012-10-26",14,A,1704357.6199999999,192.3088989,8.667,Inestabilidad Laboral,Inflación Media
"2010-02-05",15,B,652122.44,131.5279032,8.35,Estrés Moderado,Inflación Baja
"2010-02-12",15,B,682447.1,131.5866129,8.35,Estrés Moderado,Inflación Baja
"2010-02-19",15,B,660838.75,131.637,8.35,Estrés Moderado,Inflación Baja
"2010-02-26",15,B,564883.2,131.686,8.35,Estrés Moderado,Inflación Baja
"2010-03-05",15,B,605325.43,131.735,8.35,Estrés Moderado,Inflación Baja
"2010-03-12",15,B,604173.59,131.784,8.35,Estrés Moderado,Inflación Baja
"2010-03-19",15,B,593710.67,131.8242903,8.35,Estrés Moderado,Inflación Baja
"2010-03-26",15,B,592111.49,131.863129,8.35,Estrés Moderado,Inflación Baja
"2010-04-02",15,B,718470.71,131.9019677,8.185,Estrés Moderado,Inflación Baja
"2010-04-09",15,B,634605.77,131.9408065,8.185,Estrés Moderado,Inflación Baja
"2010-04-16",15,B,641208.65,131.9809,8.185,Estrés Moderado,Inflación Baja
"2010-04-23",15,B,643097.6,132.0226667,8.185,Estrés Moderado,Inflación Baja
"2010-04-30",15,B,570791.11,132.0644333,8.185,Estrés Moderado,Inflación Baja
"2010-05-07",15,B,661348.88,132.1062,8.185,Estrés Moderado,Inflación Baja
"2010-05-14",15,B,594385.2,132.152129,8.185,Estrés Moderado,Inflación Baja
"2010-05-21",15,B,616598.1,132.2230323,8.185,Estrés Moderado,Inflación Baja
"2010-05-28",15,B,744772.88,132.2939355,8.185,Estrés Moderado,Inflación Baja
"2010-06-04",15,B,693192.5,132.3648387,8.185,Estrés Moderado,Inflación Baja
"2010-06-11",15,B,619337.29,132.4357419,8.185,Estrés Moderado,Inflación Baja
"2010-06-18",15,B,652329.53,132.4733333,8.185,Estrés Moderado,Inflación Baja
"2010-06-25",15,B,672194.03,132.4976,8.185,Estrés Moderado,Inflación Baja
"2010-07-02",15,B,709337.11,132.5218667,8.099,Estrés Moderado,Inflación Baja
"2010-07-09",15,B,691497.62,132.5461333,8.099,Estrés Moderado,Inflación Baja
"2010-07-16",15,B,633203.69,132.5667742,8.099,Estrés Moderado,Inflación Baja
"2010-07-23",15,B,598553.43,132.5825806,8.099,Estrés Moderado,Inflación Baja
"2010-07-30",15,B,619224.0599999999,132.5983871,8.099,Estrés Moderado,Inflación Baja
"2010-08-06",15,B,639651.24,132.6141935,8.099,Estrés Moderado,Inflación Baja
"2010-08-13",15,B,622437.08,132.63,8.099,Estrés Moderado,Inflación Baja
"2010-08-20",15,B,637090.44,132.6616129,8.099,Estrés Moderado,Inflación Baja
"2010-08-27",15,B,649791.15,132.6932258,8.099,Estrés Moderado,Inflación Baja
"2010-09-03",15,B,638647.21,132.7248387,8.099,Estrés Moderado,Inflación Baja
"2010-09-10",15,B,641965.2,132.7564516,8.099,Estrés Moderado,Inflación Baja
"2010-09-17",15,B,583210.87,132.7670667,8.099,Estrés Moderado,Inflación Baja
"2010-09-24",15,B,548542.47,132.7619333,8.099,Estrés Moderado,Inflación Baja
"2010-10-01",15,B,566945.95,132.7568,8.067,Estrés Moderado,Inflación Baja
"2010-10-08",15,B,591603.79,132.7516667,8.067,Estrés Moderado,Inflación Baja
"2010-10-15",15,B,577011.26,132.7633548,8.067,Estrés Moderado,Inflación Baja
"2010-10-22",15,B,600395.73,132.8170968,8.067,Estrés Moderado,Inflación Baja
"2010-10-29",15,B,598301.5,132.8708387,8.067,Estrés Moderado,Inflación Baja
"2010-11-05",15,B,612987.64,132.9245806,8.067,Estrés Moderado,Inflación Baja
"2010-11-12",15,B,619639.74,132.9783226,8.067,Estrés Moderado,Inflación Baja
"2010-11-19",15,B,608200.8099999999,132.9172,8.067,Estrés Moderado,Inflación Baja
"2010-11-26",15,B,1120018.92,132.8369333,8.067,Estrés Moderado,Inflación Baja
"2010-12-03",15,B,754134.95,132.7566667,8.067,Estrés Moderado,Inflación Baja
"2010-12-10",15,B,847294.04,132.6764,8.067,Estrés Moderado,Inflación Baja
"2010-12-17",15,B,983825.15,132.6804516,8.067,Estrés Moderado,Inflación Baja
"2010-12-24",15,B,1368318.17,132.7477419,8.067,Estrés Moderado,Inflación Baja
"2010-12-31",15,B,543754.17,132.8150323,8.067,Estrés Moderado,Inflación Baja
"2011-01-07",15,B,509640.77,132.8823226,7.771,Estrés Moderado,Inflación Baja
"2011-01-14",15,B,479424.2,132.9510645,7.771,Estrés Moderado,Inflación Baja
"2011-01-21",15,B,487311.03,133.0285161,7.771,Estrés Moderado,Inflación Baja
"2011-01-28",15,B,481119.6,133.1059677,7.771,Estrés Moderado,Inflación Baja
"2011-02-04",15,B,556550.85,133.1834194,7.771,Estrés Moderado,Inflación Baja
"2011-02-11",15,B,582864.35,133.260871,7.771,Estrés Moderado,Inflación Baja
"2011-02-18",15,B,649993.5,133.3701429,7.771,Estrés Moderado,Inflación Baja
"2011-02-25",15,B,547564.09,133.4921429,7.771,Estrés Moderado,Inflación Baja
"2011-03-04",15,B,573374.49,133.6141429,7.771,Estrés Moderado,Inflación Baja
"2011-03-11",15,B,537035.28,133.7361429,7.771,Estrés Moderado,Inflación Baja
"2011-03-18",15,B,551553.99,133.8492258,7.771,Estrés Moderado,Inflación Baja
"2011-03-25",15,B,527389.28,133.9587419,7.771,Estrés Moderado,Inflación Baja
"2011-04-01",15,B,542556.05,134.0682581,7.658,Estrés Moderado,Inflación Baja
"2011-04-08",15,B,587370.81,134.1777742,7.658,Estrés Moderado,Inflación Baja
"2011-04-15",15,B,607691.36,134.2784667,7.658,Estrés Moderado,Inflación Baja
"2011-04-22",15,B,655318.26,134.3571,7.658,Estrés Moderado,Inflación Baja
"2011-04-29",15,B,560764.41,134.4357333,7.658,Estrés Moderado,Inflación Baja
"2011-05-06",15,B,630522.67,134.5143667,7.658,Estrés Moderado,Inflación Baja
"2011-05-13",15,B,630482.91,134.593,7.658,Estrés Moderado,Inflación Baja
"2011-05-20",15,B,593941.9,134.6803871,7.658,Estrés Moderado,Inflación Baja
"2011-05-27",15,B,636193.24,134.7677742,7.658,Estrés Moderado,Inflación Baja
"2011-06-03",15,B,695396.19,134.8551613,7.658,Estrés Moderado,Inflación Baja
"2011-06-10",15,B,642679.81,134.9425484,7.658,Estrés Moderado,Inflación Baja
"2011-06-17",15,B,639928.85,135.0837333,7.658,Estrés Moderado,Inflación Baja
"2011-06-24",15,B,656594.95,135.2652667,7.658,Estrés Moderado,Inflación Baja
"2011-07-01",15,B,674669.16,135.4468,7.806,Estrés Moderado,Inflación Baja
"2011-07-08",15,B,635118.48,135.6283333,7.806,Estrés Moderado,Inflación Baja
"2011-07-15",15,B,624114.56,135.7837419,7.806,Estrés Moderado,Inflación Baja
"2011-07-22",15,B,607475.44,135.8738387,7.806,Estrés Moderado,Inflación Baja
"2011-07-29",15,B,577511.02,135.9639355,7.806,Estrés Moderado,Inflación Baja
"2011-08-05",15,B,607961.21,136.0540323,7.806,Estrés Moderado,Inflación Baja
"2011-08-12",15,B,590836.37,136.144129,7.806,Estrés Moderado,Inflación Baja
"2011-08-19",15,B,599488.98,136.183129,7.806,Estrés Moderado,Inflación Baja
"2011-08-26",15,B,605413.17,136.2136129,7.806,Estrés Moderado,Inflación Baja
"2011-09-02",15,B,649159.68,136.2440968,7.806,Estrés Moderado,Inflación Baja
"2011-09-09",15,B,607593.51,136.2745806,7.806,Estrés Moderado,Inflación Baja
"2011-09-16",15,B,545052.34,136.3145,7.806,Estrés Moderado,Inflación Baja
"2011-09-23",15,B,545570.86,136.367,7.806,Estrés Moderado,Inflación Baja
"2011-09-30",15,B,521297.31,136.4195,7.806,Estrés Moderado,Inflación Baja
"2011-10-07",15,B,579068.88,136.472,7.866,Estrés Moderado,Inflación Baja
"2011-10-14",15,B,537300.9400000001,136.5150968,7.866,Estrés Moderado,Inflación Baja
"2011-10-21",15,B,603318.89,136.5017742,7.866,Estrés Moderado,Inflación Baja
"2011-10-28",15,B,589842.6900000001,136.4884516,7.866,Estrés Moderado,Inflación Baja
"2011-11-04",15,B,615121.78,136.475129,7.866,Estrés Moderado,Inflación Baja
"2011-11-11",15,B,618949.82,136.4618065,7.866,Estrés Moderado,Inflación Baja
"2011-11-18",15,B,597856.51,136.4666667,7.866,Estrés Moderado,Inflación Baja
"2011-11-25",15,B,1066478.1,136.4788,7.866,Estrés Moderado,Inflación Baja
"2011-12-02",15,B,699028.66,136.4909333,7.866,Estrés Moderado,Inflación Baja
"2011-12-09",15,B,764565.55,136.5030667,7.866,Estrés Moderado,Inflación Baja
"2011-12-16",15,B,870415.49,136.5335161,7.866,Estrés Moderado,Inflación Baja
"2011-12-23",15,B,1182691.8699999999,136.5883871,7.866,Estrés Moderado,Inflación Baja
"2011-12-30",15,B,603460.79,136.6432581,7.866,Estrés Moderado,Inflación Baja
"2012-01-06",15,B,516087.65,136.698129,7.943,Estrés Moderado,Inflación Baja
"2012-01-13",15,B,454183.42,136.753,7.943,Estrés Moderado,Inflación Baja
"2012-01-20",15,B,492721.85,136.8564194,7.943,Estrés Moderado,Inflación Baja
"2012-01-27",15,B,466045.63,136.9598387,7.943,Estrés Moderado,Inflación Baja
"2012-02-03",15,B,523831.64,137.0632581,7.943,Estrés Moderado,Inflación Baja
"2012-02-10",15,B,628218.22,137.1666774,7.943,Estrés Moderado,Inflación Baja
"2012-02-17",15,B,598502.83,137.2583103,7.943,Estrés Moderado,Inflación Baja
"2012-02-24",15,B,561137.0599999999,137.3411034,7.943,Estrés Moderado,Inflación Baja
"2012-03-02",15,B,541292.64,137.4238966,7.943,Estrés Moderado,Inflación Baja
"2012-03-09",15,B,545120.67,137.5066897,7.943,Estrés Moderado,Inflación Baja
"2012-03-16",15,B,570611.23,137.5843871,7.943,Estrés Moderado,Inflación Baja
"2012-03-23",15,B,565481.88,137.6552903,7.943,Estrés Moderado,Inflación Baja
"2012-03-30",15,B,557547.25,137.7261935,7.943,Estrés Moderado,Inflación Baja
"2012-04-06",15,B,659950.36,137.7970968,8.15,Estrés Moderado,Inflación Baja
"2012-04-13",15,B,558585.13,137.868,8.15,Estrés Moderado,Inflación Baja
"2012-04-20",15,B,534780.57,137.9230667,8.15,Estrés Moderado,Inflación Baja
"2012-04-27",15,B,527402.62,137.9781333,8.15,Estrés Moderado,Inflación Baja
"2012-05-04",15,B,577868.38,138.0332,8.15,Estrés Moderado,Inflación Baja
"2012-05-11",15,B,579539.95,138.0882667,8.15,Estrés Moderado,Inflación Baja
"2012-05-18",15,B,600050.98,138.1065806,8.15,Estrés Moderado,Inflación Baja
"2012-05-25",15,B,693780.42,138.1101935,8.15,Estrés Moderado,Inflación Baja
"2012-06-01",15,B,663971.26,138.1138065,8.15,Estrés Moderado,Inflación Baja
"2012-06-08",15,B,611390.67,138.1174194,8.15,Estrés Moderado,Inflación Baja
"2012-06-15",15,B,636737.65,138.1295333,8.15,Estrés Moderado,Inflación Baja
"2012-06-22",15,B,687085.6,138.1629,8.15,Estrés Moderado,Inflación Baja
"2012-06-29",15,B,624099.48,138.1962667,8.15,Estrés Moderado,Inflación Baja
"2012-07-06",15,B,678024.75,138.2296333,8.193,Estrés Moderado,Inflación Baja
"2012-07-13",15,B,591335.5,138.263,8.193,Estrés Moderado,Inflación Baja
"2012-07-20",15,B,592369.22,138.2331935,8.193,Estrés Moderado,Inflación Baja
"2012-07-27",15,B,571190.83,138.2033871,8.193,Estrés Moderado,Inflación Baja
"2012-08-03",15,B,590739.62,138.1735806,8.193,Estrés Moderado,Inflación Baja
"2012-08-10",15,B,590453.63,138.1437742,8.193,Estrés Moderado,Inflación Baja
"2012-08-17",15,B,579738.2,138.1857097,8.193,Estrés Moderado,Inflación Baja
"2012-08-24",15,B,606210.77,138.2814516,8.193,Estrés Moderado,Inflación Baja
"2012-08-31",15,B,610185.32,138.3771935,8.193,Estrés Moderado,Inflación Baja
"2012-09-07",15,B,587259.8200000001,138.4729355,8.193,Estrés Moderado,Inflación Baja
"2012-09-14",15,B,527509.76,138.5673,8.193,Estrés Moderado,Inflación Baja
"2012-09-21",15,B,533161.64,138.6534,8.193,Estrés Moderado,Inflación Baja
"2012-09-28",15,B,553901.97,138.7395,8.193,Estrés Moderado,Inflación Baja
"2012-10-05",15,B,573498.64,138.8256,7.992,Estrés Moderado,Inflación Baja
"2012-10-12",15,B,551799.63,138.9117,7.992,Estrés Moderado,Inflación Baja
"2012-10-19",15,B,555652.77,138.8336129,7.992,Estrés Moderado,Inflación Baja
"2012-10-26",15,B,558473.6,138.7281613,7.992,Estrés Moderado,Inflación Baja
"2010-02-05",16,B,477409.3,189.3816974,7.039,Estrés Moderado,Inflación Media
"2010-02-12",16,B,472044.27999999997,189.4642725,7.039,Estrés Moderado,Inflación Media
"2010-02-19",16,B,469868.7,189.5340998,7.039,Estrés Moderado,Inflación Media
"2010-02-26",16,B,443242.17,189.6018023,7.039,Estrés Moderado,Inflación Media
"2010-03-05",16,B,444181.85,189.6695049,7.039,Estrés Moderado,Inflación Media
"2010-03-12",16,B,445393.74,189.7372075,7.039,Estrés Moderado,Inflación Media
"2010-03-19",16,B,504307.35,189.734262,7.039,Estrés Moderado,Inflación Media
"2010-03-26",16,B,483177.2,189.7195417,7.039,Estrés Moderado,Inflación Media
"2010-04-02",16,B,490503.69,189.7048215,6.842,Estrés Moderado,Inflación Media
"2010-04-09",16,B,424083.99,189.6901012,6.842,Estrés Moderado,Inflación Media
"2010-04-16",16,B,436312.41,189.6628845,6.842,Estrés Moderado,Inflación Media
"2010-04-23",16,B,370230.94,189.6190057,6.842,Estrés Moderado,Inflación Media
"2010-04-30",16,B,383550.93,189.575127,6.842,Estrés Moderado,Inflación Media
"2010-05-07",16,B,403217.22,189.5312483,6.842,Estrés Moderado,Inflación Media
"2010-05-14",16,B,401770.9,189.4904116,6.842,Estrés Moderado,Inflación Media
"2010-05-21",16,B,435300.51,189.467827,6.842,Estrés Moderado,Inflación Media
"2010-05-28",16,B,479430.0,189.4452425,6.842,Estrés Moderado,Inflación Media
"2010-06-04",16,B,516295.81,189.422658,6.842,Estrés Moderado,Inflación Media
"2010-06-11",16,B,535587.31,189.4000734,6.842,Estrés Moderado,Inflación Media
"2010-06-18",16,B,540149.85,189.4185259,6.842,Estrés Moderado,Inflación Media
"2010-06-25",16,B,546554.96,189.4533931,6.842,Estrés Moderado,Inflación Media
"2010-07-02",16,B,610641.42,189.4882603,6.868,Estrés Moderado,Inflación Media
"2010-07-09",16,B,614253.33,189.5231276,6.868,Estrés Moderado,Inflación Media
"2010-07-16",16,B,586583.69,189.6125456,6.868,Estrés Moderado,Inflación Media
"2010-07-23",16,B,588344.18,189.774698,6.868,Estrés Moderado,Inflación Media
"2010-07-30",16,B,562633.67,189.9368504,6.868,Estrés Moderado,Inflación Media
"2010-08-06",16,B,586936.45,190.0990028,6.868,Estrés Moderado,Inflación Media
"2010-08-13",16,B,543757.97,190.2611552,6.868,Estrés Moderado,Inflación Media
"2010-08-20",16,B,521516.96,190.2948237,6.868,Estrés Moderado,Inflación Media
"2010-08-27",16,B,581010.52,190.3284922,6.868,Estrés Moderado,Inflación Media
"2010-09-03",16,B,542087.89,190.3621607,6.868,Estrés Moderado,Inflación Media
"2010-09-10",16,B,537518.57,190.3958293,6.868,Estrés Moderado,Inflación Media
"2010-09-17",16,B,522049.52,190.4688287,6.868,Estrés Moderado,Inflación Media
"2010-09-24",16,B,511330.32,190.5713264,6.868,Estrés Moderado,Inflación Media
"2010-10-01",16,B,463977.54,190.6738241,6.986,Estrés Moderado,Inflación Media
"2010-10-08",16,B,442894.2,190.7763218,6.986,Estrés Moderado,Inflación Media
"2010-10-15",16,B,452169.27999999997,190.8623087,6.986,Estrés Moderado,Inflación Media
"2010-10-22",16,B,541216.92,190.9070184,6.986,Estrés Moderado,Inflación Media
"2010-10-29",16,B,495022.51,190.951728,6.986,Estrés Moderado,Inflación Media
"2010-11-05",16,B,446905.02,190.9964377,6.986,Estrés Moderado,Inflación Media
"2010-11-12",16,B,453632.76,191.0411474,6.986,Estrés Moderado,Inflación Media
"2010-11-19",16,B,458634.68,191.0312172,6.986,Estrés Moderado,Inflación Media
"2010-11-26",16,B,651837.77,191.0121805,6.986,Estrés Moderado,Inflación Media
"2010-12-03",16,B,512260.59,190.9931437,6.986,Estrés Moderado,Inflación Media
"2010-12-10",16,B,570103.64,190.9741069,6.986,Estrés Moderado,Inflación Media
"2010-12-17",16,B,648652.01,191.0303376,6.986,Estrés Moderado,Inflación Media
"2010-12-24",16,B,1004730.69,191.1430189,6.986,Estrés Moderado,Inflación Media
"2010-12-31",16,B,575317.38,191.2557002,6.986,Estrés Moderado,Inflación Media
"2011-01-07",16,B,573545.96,191.3683815,6.614,Estrés Moderado,Inflación Media
"2011-01-14",16,B,470365.59,191.4784939,6.614,Estrés Moderado,Inflación Media
"2011-01-21",16,B,462888.13,191.5731924,6.614,Estrés Moderado,Inflación Media
"2011-01-28",16,B,448391.99,191.667891,6.614,Estrés Moderado,Inflación Media
"2011-02-04",16,B,479263.15,191.7625895,6.614,Estrés Moderado,Inflación Media
"2011-02-11",16,B,466806.89,191.8572881,6.614,Estrés Moderado,Inflación Media
"2011-02-18",16,B,491179.79,191.9178331,6.614,Estrés Moderado,Inflación Media
"2011-02-25",16,B,475201.64,191.9647167,6.614,Estrés Moderado,Inflación Media
"2011-03-04",16,B,484829.07,192.0116004,6.614,Estrés Moderado,Inflación Media
"2011-03-11",16,B,457504.35,192.058484,6.614,Estrés Moderado,Inflación Media
"2011-03-18",16,B,497373.49,192.1237981,6.614,Estrés Moderado,Inflación Media
"2011-03-25",16,B,465279.68,192.1964844,6.614,Estrés Moderado,Inflación Media
"2011-04-01",16,B,459756.11,192.2691707,6.339,Estabilidad Laboral,Inflación Media
"2011-04-08",16,B,439276.5,192.3418571,6.339,Estabilidad Laboral,Inflación Media
"2011-04-15",16,B,427855.24,192.4225954,6.339,Estabilidad Laboral,Inflación Media
"2011-04-22",16,B,368600.0,192.5234638,6.339,Estabilidad Laboral,Inflación Media
"2011-04-29",16,B,378100.31,192.6243322,6.339,Estabilidad Laboral,Inflación Media
"2011-05-06",16,B,423805.22,192.7252006,6.339,Estabilidad Laboral,Inflación Media
"2011-05-13",16,B,410406.95,192.826069,6.339,Estabilidad Laboral,Inflación Media
"2011-05-20",16,B,435397.19,192.831317,6.339,Estabilidad Laboral,Inflación Media
"2011-05-27",16,B,444718.68,192.8365651,6.339,Estabilidad Laboral,Inflación Media
"2011-06-03",16,B,531080.31,192.8418131,6.339,Estabilidad Laboral,Inflación Media
"2011-06-10",16,B,600952.06,192.8470612,6.339,Estabilidad Laboral,Inflación Media
"2011-06-17",16,B,581546.23,192.9034759,6.339,Estabilidad Laboral,Inflación Media
"2011-06-24",16,B,569105.03,192.9982655,6.339,Estabilidad Laboral,Inflación Media
"2011-07-01",16,B,608737.56,193.0930552,6.338,Estabilidad Laboral,Inflación Media
"2011-07-08",16,B,634634.66,193.1878448,6.338,Estabilidad Laboral,Inflación Media
"2011-07-15",16,B,586841.77,193.3125484,6.338,Estabilidad Laboral,Inflación Media
"2011-07-22",16,B,581758.22,193.5120367,6.338,Estabilidad Laboral,Inflación Media
"2011-07-29",16,B,582381.95,193.711525,6.338,Estabilidad Laboral,Inflación Media
"2011-08-05",16,B,592981.33,193.9110133,6.338,Estabilidad Laboral,Inflación Media
"2011-08-12",16,B,563884.47,194.1105017,6.338,Estabilidad Laboral,Inflación Media
"2011-08-19",16,B,554630.42,194.2500634,6.338,Estabilidad Laboral,Inflación Media
"2011-08-26",16,B,557312.01,194.3796374,6.338,Estabilidad Laboral,Inflación Media
"2011-09-02",16,B,580805.33,194.5092113,6.338,Estabilidad Laboral,Inflación Media
"2011-09-09",16,B,574622.5599999999,194.6387853,6.338,Estabilidad Laboral,Inflación Media
"2011-09-16",16,B,539081.09,194.7419707,6.338,Estabilidad Laboral,Inflación Media
"2011-09-23",16,B,504856.97,194.8099713,6.338,Estabilidad Laboral,Inflación Media
"2011-09-30",16,B,450075.31,194.8779718,6.338,Estabilidad Laboral,Inflación Media
"2011-10-07",16,B,482926.93,194.9459724,6.232,Estabilidad Laboral,Inflación Media
"2011-10-14",16,B,498241.06,195.0261012,6.232,Estabilidad Laboral,Inflación Media
"2011-10-21",16,B,560104.16,195.1789994,6.232,Estabilidad Laboral,Inflación Media
"2011-10-28",16,B,505918.21,195.3318977,6.232,Estabilidad Laboral,Inflación Media
"2011-11-04",16,B,511059.95,195.4847959,6.232,Estabilidad Laboral,Inflación Media
"2011-11-11",16,B,513181.31,195.6376941,6.232,Estabilidad Laboral,Inflación Media
"2011-11-18",16,B,480353.64,195.7184713,6.232,Estabilidad Laboral,Inflación Media
"2011-11-25",16,B,712422.4,195.7704,6.232,Estabilidad Laboral,Inflación Media
"2011-12-02",16,B,530492.84,195.8223287,6.232,Estabilidad Laboral,Inflación Media
"2011-12-09",16,B,574798.86,195.8742575,6.232,Estabilidad Laboral,Inflación Media
"2011-12-16",16,B,679481.9,195.9841685,6.232,Estabilidad Laboral,Inflación Media
"2011-12-23",16,B,950691.96,196.1713893,6.232,Estabilidad Laboral,Inflación Media
"2011-12-30",16,B,665861.06,196.3586101,6.232,Estabilidad Laboral,Inflación Media
"2012-01-06",16,B,564538.07,196.5458309,6.162,Estabilidad Laboral,Inflación Media
"2012-01-13",16,B,508520.09,196.7330517,6.162,Estabilidad Laboral,Inflación Media
"2012-01-20",16,B,474389.75,196.7796652,6.162,Estabilidad Laboral,Inflación Media
"2012-01-27",16,B,453979.19,196.8262786,6.162,Estabilidad Laboral,Inflación Media
"2012-02-03",16,B,475905.1,196.8728921,6.162,Estabilidad Laboral,Inflación Media
"2012-02-10",16,B,473766.97000000003,196.9195056,6.162,Estabilidad Laboral,Inflación Media
"2012-02-17",16,B,494069.49,196.9432711,6.162,Estabilidad Laboral,Inflación Media
"2012-02-24",16,B,495720.3,196.9499007,6.162,Estabilidad Laboral,Inflación Media
"2012-03-02",16,B,464189.09,196.9565303,6.162,Estabilidad Laboral,Inflación Media
"2012-03-09",16,B,495951.66,196.9631599,6.162,Estabilidad Laboral,Inflación Media
"2012-03-16",16,B,520850.71,197.0457208,6.162,Estabilidad Laboral,Inflación Media
"2012-03-23",16,B,493503.89,197.2295234,6.162,Estabilidad Laboral,Inflación Media
"2012-03-30",16,B,485095.41000000003,197.4133259,6.162,Estabilidad Laboral,Inflación Media
"2012-04-06",16,B,502662.07,197.5971285,6.169,Estabilidad Laboral,Inflación Media
"2012-04-13",16,B,450756.71,197.780931,6.169,Estabilidad Laboral,Inflación Media
"2012-04-20",16,B,436221.26,197.7227385,6.169,Estabilidad Laboral,Inflación Media
"2012-04-27",16,B,398445.15,197.664546,6.169,Estabilidad Laboral,Inflación Media
"2012-05-04",16,B,426959.62,197.6063534,6.169,Estabilidad Laboral,Inflación Media
"2012-05-11",16,B,479855.0,197.5481609,6.169,Estabilidad Laboral,Inflación Media
"2012-05-18",16,B,493506.47,197.5553137,6.169,Estabilidad Laboral,Inflación Media
"2012-05-25",16,B,518045.09,197.5886046,6.169,Estabilidad Laboral,Inflación Media
"2012-06-01",16,B,532311.93,197.6218954,6.169,Estabilidad Laboral,Inflación Media
"2012-06-08",16,B,603618.89,197.6551863,6.169,Estabilidad Laboral,Inflación Media
"2012-06-15",16,B,570045.79,197.692292,6.169,Estabilidad Laboral,Inflación Media
"2012-06-22",16,B,581745.72,197.7389345,6.169,Estabilidad Laboral,Inflación Media
"2012-06-29",16,B,570162.28,197.785577,6.169,Estabilidad Laboral,Inflación Media
"2012-07-06",16,B,641763.53,197.8322195,6.061,Estabilidad Laboral,Inflación Media
"2012-07-13",16,B,569005.0599999999,197.8788621,6.061,Estabilidad Laboral,Inflación Media
"2012-07-20",16,B,565297.54,197.9290378,6.061,Estabilidad Laboral,Inflación Media
"2012-07-27",16,B,539337.87,197.9792136,6.061,Estabilidad Laboral,Inflación Media
"2012-08-03",16,B,584000.71,198.0293893,6.061,Estabilidad Laboral,Inflación Media
"2012-08-10",16,B,554036.84,198.0795651,6.061,Estabilidad Laboral,Inflación Media
"2012-08-17",16,B,521896.60000000003,198.1001057,6.061,Estabilidad Laboral,Inflación Media
"2012-08-24",16,B,551152.15,198.0984199,6.061,Estabilidad Laboral,Inflación Media
"2012-08-31",16,B,551837.3099999999,198.0967341,6.061,Estabilidad Laboral,Inflación Media
"2012-09-07",16,B,537138.58,198.0950484,6.061,Estabilidad Laboral,Inflación Media
"2012-09-14",16,B,526525.16,198.1267184,6.061,Estabilidad Laboral,Inflación Media
"2012-09-21",16,B,509942.56,198.358523,6.061,Estabilidad Laboral,Inflación Media
"2012-09-28",16,B,469607.73,198.5903276,6.061,Estabilidad Laboral,Inflación Media
"2012-10-05",16,B,471281.68,198.8221322,5.847,Estabilidad Laboral,Inflación Media
"2012-10-12",16,B,491817.19,199.0539368,5.847,Estabilidad Laboral,Inflación Media
"2012-10-19",16,B,577198.97,199.1481963,5.847,Estabilidad Laboral,Inflación Media
"2012-10-26",16,B,475770.14,199.2195317,5.847,Estabilidad Laboral,Inflación Media
"2010-02-05",17,B,789036.02,126.4420645,6.548,Estrés Moderado,Inflación Baja
"2010-02-12",17,B,841951.91,126.4962581,6.548,Estrés Moderado,Inflación Baja
"2010-02-19",17,B,800714.0,126.5262857,6.548,Estrés Moderado,Inflación Baja
"2010-02-26",17,B,749549.55,126.5522857,6.548,Estrés Moderado,Inflación Baja
"2010-03-05",17,B,783300.05,126.5782857,6.548,Estrés Moderado,Inflación Baja
"2010-03-12",17,B,763961.82,126.6042857,6.548,Estrés Moderado,Inflación Baja
"2010-03-19",17,B,752034.52,126.6066452,6.548,Estrés Moderado,Inflación Baja
"2010-03-26",17,B,793097.64,126.6050645,6.548,Estrés Moderado,Inflación Baja
"2010-04-02",17,B,848521.17,126.6034839,6.635,Estrés Moderado,Inflación Baja
"2010-04-09",17,B,770228.02,126.6019032,6.635,Estrés Moderado,Inflación Baja
"2010-04-16",17,B,757738.76,126.5621,6.635,Estrés Moderado,Inflación Baja
"2010-04-23",17,B,977790.83,126.4713333,6.635,Estrés Moderado,Inflación Baja
"2010-04-30",17,B,807798.73,126.3805667,6.635,Estrés Moderado,Inflación Baja
"2010-05-07",17,B,843848.65,126.2898,6.635,Estrés Moderado,Inflación Baja
"2010-05-14",17,B,813756.09,126.2085484,6.635,Estrés Moderado,Inflación Baja
"2010-05-21",17,B,826626.5,126.1843871,6.635,Estrés Moderado,Inflación Baja
"2010-05-28",17,B,872817.62,126.1602258,6.635,Estrés Moderado,Inflación Baja
"2010-06-04",17,B,876902.87,126.1360645,6.635,Estrés Moderado,Inflación Baja
"2010-06-11",17,B,845252.21,126.1119032,6.635,Estrés Moderado,Inflación Baja
"2010-06-18",17,B,877996.27,126.114,6.635,Estrés Moderado,Inflación Baja
"2010-06-25",17,B,893995.44,126.1266,6.635,Estrés Moderado,Inflación Baja
"2010-07-02",17,B,958875.37,126.1392,6.697,Estrés Moderado,Inflación Baja
"2010-07-09",17,B,836915.92,126.1518,6.697,Estrés Moderado,Inflación Baja
"2010-07-16",17,B,876591.41,126.1498065,6.697,Estrés Moderado,Inflación Baja
"2010-07-23",17,B,893504.87,126.1283548,6.697,Estrés Moderado,Inflación Baja
"2010-07-30",17,B,833517.19,126.1069032,6.697,Estrés Moderado,Inflación Baja
"2010-08-06",17,B,795301.17,126.0854516,6.697,Estrés Moderado,Inflación Baja
"2010-08-13",17,B,759995.1799999999,126.064,6.697,Estrés Moderado,Inflación Baja
"2010-08-20",17,B,783929.7,126.0766452,6.697,Estrés Moderado,Inflación Baja
"2010-08-27",17,B,802583.89,126.0892903,6.697,Estrés Moderado,Inflación Baja
"2010-09-03",17,B,834373.73,126.1019355,6.697,Estrés Moderado,Inflación Baja
"2010-09-10",17,B,1200888.28,126.1145806,6.697,Estrés Moderado,Inflación Baja
"2010-09-17",17,B,871264.25,126.1454667,6.697,Estrés Moderado,Inflación Baja
"2010-09-24",17,B,852876.29,126.1900333,6.697,Estrés Moderado,Inflación Baja
"2010-10-01",17,B,829207.27,126.2346,6.885,Estrés Moderado,Inflación Baja
"2010-10-08",17,B,827738.06,126.2791667,6.885,Estrés Moderado,Inflación Baja
"2010-10-15",17,B,838297.32,126.3266774,6.885,Estrés Moderado,Inflación Baja
"2010-10-22",17,B,815093.76,126.3815484,6.885,Estrés Moderado,Inflación Baja
"2010-10-29",17,B,861941.25,126.4364194,6.885,Estrés Moderado,Inflación Baja
"2010-11-05",17,B,818434.49,126.4912903,6.885,Estrés Moderado,Inflación Baja
"2010-11-12",17,B,855459.96,126.5461613,6.885,Estrés Moderado,Inflación Baja
"2010-11-19",17,B,782252.57,126.6072,6.885,Estrés Moderado,Inflación Baja
"2010-11-26",17,B,1005448.76,126.6692667,6.885,Estrés Moderado,Inflación Baja
"2010-12-03",17,B,926573.8099999999,126.7313333,6.885,Estrés Moderado,Inflación Baja
"2010-12-10",17,B,962475.55,126.7934,6.885,Estrés Moderado,Inflación Baja
"2010-12-17",17,B,1049372.38,126.8794839,6.885,Estrés Moderado,Inflación Baja
"2010-12-24",17,B,1309226.79,126.9835806,6.885,Estrés Moderado,Inflación Baja
"2010-12-31",17,B,635862.55,127.0876774,6.885,Estrés Moderado,Inflación Baja
"2011-01-07",17,B,1083071.14,127.1917742,6.866,Estrés Moderado,Inflación Baja
"2011-01-14",17,B,758510.36,127.3009355,6.866,Estrés Moderado,Inflación Baja
"2011-01-21",17,B,755804.37,127.4404839,6.866,Estrés Moderado,Inflación Baja
"2011-01-28",17,B,736335.6900000001,127.5800323,6.866,Estrés Moderado,Inflación Baja
"2011-02-04",17,B,816603.05,127.7195806,6.866,Estrés Moderado,Inflación Baja
"2011-02-11",17,B,813211.46,127.859129,6.866,Estrés Moderado,Inflación Baja
"2011-02-18",17,B,860962.91,127.99525,6.866,Estrés Moderado,Inflación Baja
"2011-02-25",17,B,767256.53,128.13,6.866,Estrés Moderado,Inflación Baja
"2011-03-04",17,B,816138.33,128.26475,6.866,Estrés Moderado,Inflación Baja
"2011-03-11",17,B,779602.36,128.3995,6.866,Estrés Moderado,Inflación Baja
"2011-03-18",17,B,778436.8099999999,128.5121935,6.866,Estrés Moderado,Inflación Baja
"2011-03-25",17,B,781267.76,128.6160645,6.866,Estrés Moderado,Inflación Baja
"2011-04-01",17,B,795859.23,128.7199355,6.774,Estrés Moderado,Inflación Baja
"2011-04-08",17,B,811855.72,128.8238065,6.774,Estrés Moderado,Inflación Baja
"2011-04-15",17,B,825283.43,128.9107333,6.774,Estrés Moderado,Inflación Baja
"2011-04-22",17,B,1060770.11,128.9553,6.774,Estrés Moderado,Inflación Baja
"2011-04-29",17,B,806979.15,128.9998667,6.774,Estrés Moderado,Inflación Baja
"2011-05-06",17,B,882132.28,129.0444333,6.774,Estrés Moderado,Inflación Baja
"2011-05-13",17,B,870625.49,129.089,6.774,Estrés Moderado,Inflación Baja
"2011-05-20",17,B,844443.35,129.0756774,6.774,Estrés Moderado,Inflación Baja
"2011-05-27",17,B,892056.64,129.0623548,6.774,Estrés Moderado,Inflación Baja
"2011-06-03",17,B,895020.48,129.0490323,6.774,Estrés Moderado,Inflación Baja
"2011-06-10",17,B,881190.46,129.0357097,6.774,Estrés Moderado,Inflación Baja
"2011-06-17",17,B,894686.67,129.0432,6.774,Estrés Moderado,Inflación Baja
"2011-06-24",17,B,920719.98,129.0663,6.774,Estrés Moderado,Inflación Baja
"2011-07-01",17,B,940554.34,129.0894,6.745,Estrés Moderado,Inflación Baja
"2011-07-08",17,B,915064.22,129.1125,6.745,Estrés Moderado,Inflación Baja
"2011-07-15",17,B,902727.76,129.1338387,6.745,Estrés Moderado,Inflación Baja
"2011-07-22",17,B,899044.34,129.1507742,6.745,Estrés Moderado,Inflación Baja
"2011-07-29",17,B,861894.77,129.1677097,6.745,Estrés Moderado,Inflación Baja
"2011-08-05",17,B,866184.92,129.1846452,6.745,Estrés Moderado,Inflación Baja
"2011-08-12",17,B,800819.79,129.2015806,6.745,Estrés Moderado,Inflación Baja
"2011-08-19",17,B,797523.04,129.2405806,6.745,Estrés Moderado,Inflación Baja
"2011-08-26",17,B,837390.79,129.2832581,6.745,Estrés Moderado,Inflación Baja
"2011-09-02",17,B,847380.07,129.3259355,6.745,Estrés Moderado,Inflación Baja
"2011-09-09",17,B,1161900.18,129.3686129,6.745,Estrés Moderado,Inflación Baja
"2011-09-16",17,B,1051116.95,129.4306,6.745,Estrés Moderado,Inflación Baja
"2011-09-23",17,B,895535.31,129.5183333,6.745,Estrés Moderado,Inflación Baja
"2011-09-30",17,B,868191.05,129.6060667,6.745,Estrés Moderado,Inflación Baja
"2011-10-07",17,B,918006.9,129.6938,6.617,Estrés Moderado,Inflación Baja
"2011-10-14",17,B,884042.63,129.7706452,6.617,Estrés Moderado,Inflación Baja
"2011-10-21",17,B,877380.22,129.7821613,6.617,Estrés Moderado,Inflación Baja
"2011-10-28",17,B,936508.43,129.7936774,6.617,Estrés Moderado,Inflación Baja
"2011-11-04",17,B,927657.63,129.8051935,6.617,Estrés Moderado,Inflación Baja
"2011-11-11",17,B,914759.2,129.8167097,6.617,Estrés Moderado,Inflación Baja
"2011-11-18",17,B,877724.31,129.8268333,6.617,Estrés Moderado,Inflación Baja
"2011-11-25",17,B,1225700.28,129.8364,6.617,Estrés Moderado,Inflación Baja
"2011-12-02",17,B,945267.68,129.8459667,6.617,Estrés Moderado,Inflación Baja
"2011-12-09",17,B,976522.93,129.8555333,6.617,Estrés Moderado,Inflación Baja
"2011-12-16",17,B,1067754.06,129.8980645,6.617,Estrés Moderado,Inflación Baja
"2011-12-23",17,B,1289156.9000000001,129.9845484,6.617,Estrés Moderado,Inflación Baja
"2011-12-30",17,B,777207.3,130.0710323,6.617,Estrés Moderado,Inflación Baja
"2012-01-06",17,B,1198104.22,130.1575161,6.403,Estabilidad Laboral,Inflación Baja
"2012-01-13",17,B,873576.96,130.244,6.403,Estabilidad Laboral,Inflación Baja
"2012-01-20",17,B,809272.65,130.2792258,6.403,Estabilidad Laboral,Inflación Baja
"2012-01-27",17,B,769522.33,130.3144516,6.403,Estabilidad Laboral,Inflación Baja
"2012-02-03",17,B,864852.85,130.3496774,6.403,Estabilidad Laboral,Inflación Baja
"2012-02-10",17,B,880165.7,130.3849032,6.403,Estabilidad Laboral,Inflación Baja
"2012-02-17",17,B,927084.65,130.4546207,6.403,Estabilidad Laboral,Inflación Baja
"2012-02-24",17,B,843864.43,130.5502069,6.403,Estabilidad Laboral,Inflación Baja
"2012-03-02",17,B,856178.47,130.6457931,6.403,Estabilidad Laboral,Inflación Baja
"2012-03-09",17,B,860224.98,130.7413793,6.403,Estabilidad Laboral,Inflación Baja
"2012-03-16",17,B,853136.46,130.8261935,6.403,Estabilidad Laboral,Inflación Baja
"2012-03-23",17,B,851762.28,130.8966452,6.403,Estabilidad Laboral,Inflación Baja
"2012-03-30",17,B,872469.03,130.9670968,6.403,Estabilidad Laboral,Inflación Baja
"2012-04-06",17,B,986922.62,131.0375484,6.235,Estabilidad Laboral,Inflación Baja
"2012-04-13",17,B,877055.32,131.108,6.235,Estabilidad Laboral,Inflación Baja
"2012-04-20",17,B,1119979.98,131.1173333,6.235,Estabilidad Laboral,Inflación Baja
"2012-04-27",17,B,925916.65,131.1266667,6.235,Estabilidad Laboral,Inflación Baja
"2012-05-04",17,B,930121.14,131.136,6.235,Estabilidad Laboral,Inflación Baja
"2012-05-11",17,B,944100.3,131.1453333,6.235,Estabilidad Laboral,Inflación Baja
"2012-05-18",17,B,968816.33,131.0983226,6.235,Estabilidad Laboral,Inflación Baja
"2012-05-25",17,B,984881.59,131.0287742,6.235,Estabilidad Laboral,Inflación Baja
"2012-06-01",17,B,938914.28,130.9592258,6.235,Estabilidad Laboral,Inflación Baja
"2012-06-08",17,B,987990.24,130.8896774,6.235,Estabilidad Laboral,Inflación Baja
"2012-06-15",17,B,964169.67,130.8295333,6.235,Estabilidad Laboral,Inflación Baja
"2012-06-22",17,B,981210.57,130.7929,6.235,Estabilidad Laboral,Inflación Baja
"2012-06-29",17,B,982322.24,130.7562667,6.235,Estabilidad Laboral,Inflación Baja
"2012-07-06",17,B,1046782.52,130.7196333,5.936,Estabilidad Laboral,Inflación Baja
"2012-07-13",17,B,960746.04,130.683,5.936,Estabilidad Laboral,Inflación Baja
"2012-07-20",17,B,944698.7,130.7012903,5.936,Estabilidad Laboral,Inflación Baja
"2012-07-27",17,B,907493.24,130.7195806,5.936,Estabilidad Laboral,Inflación Baja
"2012-08-03",17,B,877813.33,130.737871,5.936,Estabilidad Laboral,Inflación Baja
"2012-08-10",17,B,849074.04,130.7561613,5.936,Estabilidad Laboral,Inflación Baja
"2012-08-17",17,B,844928.17,130.7909677,5.936,Estabilidad Laboral,Inflación Baja
"2012-08-24",17,B,924299.78,130.8381613,5.936,Estabilidad Laboral,Inflación Baja
"2012-08-31",17,B,865924.2,130.8853548,5.936,Estabilidad Laboral,Inflación Baja
"2012-09-07",17,B,1255633.29,130.9325484,5.936,Estabilidad Laboral,Inflación Baja
"2012-09-14",17,B,1071040.22,130.9776667,5.936,Estabilidad Laboral,Inflación Baja
"2012-09-21",17,B,938303.28,131.0103333,5.936,Estabilidad Laboral,Inflación Baja
"2012-09-28",17,B,972716.24,131.043,5.936,Estabilidad Laboral,Inflación Baja
"2012-10-05",17,B,952609.17,131.0756667,5.527,Estabilidad Laboral,Inflación Baja
"2012-10-12",17,B,919878.34,131.1083333,5.527,Estabilidad Laboral,Inflación Baja
"2012-10-19",17,B,957356.84,131.1499677,5.527,Estabilidad Laboral,Inflación Baja
"2012-10-26",17,B,943465.29,131.1930968,5.527,Estabilidad Laboral,Inflación Baja
"2010-02-05",18,B,1205307.5,131.5279032,9.202,Inestabilidad Laboral,Inflación Baja
"2010-02-12",18,B,1187880.7,131.5866129,9.202,Inestabilidad Laboral,Inflación Baja
"2010-02-19",18,B,1150663.42,131.637,9.202,Inestabilidad Laboral,Inflación Baja
"2010-02-26",18,B,1068157.45,131.686,9.202,Inestabilidad Laboral,Inflación Baja
"2010-03-05",18,B,1179738.5,131.735,9.202,Inestabilidad Laboral,Inflación Baja
"2010-03-12",18,B,1138800.32,131.784,9.202,Inestabilidad Laboral,Inflación Baja
"2010-03-19",18,B,1087507.47,131.8242903,9.202,Inestabilidad Laboral,Inflación Baja
"2010-03-26",18,B,1092704.09,131.863129,9.202,Inestabilidad Laboral,Inflación Baja
"2010-04-02",18,B,1254107.84,131.9019677,9.269,Inestabilidad Laboral,Inflación Baja
"2010-04-09",18,B,1174447.55,131.9408065,9.269,Inestabilidad Laboral,Inflación Baja
"2010-04-16",18,B,1135577.62,131.9809,9.269,Inestabilidad Laboral,Inflación Baja
"2010-04-23",18,B,1132433.55,132.0226667,9.269,Inestabilidad Laboral,Inflación Baja
"2010-04-30",18,B,1060446.16,132.0644333,9.269,Inestabilidad Laboral,Inflación Baja
"2010-05-07",18,B,1222255.47,132.1062,9.269,Inestabilidad Laboral,Inflación Baja
"2010-05-14",18,B,1092616.49,132.152129,9.269,Inestabilidad Laboral,Inflación Baja
"2010-05-21",18,B,1101621.36,132.2230323,9.269,Inestabilidad Laboral,Inflación Baja
"2010-05-28",18,B,1256282.79,132.2939355,9.269,Inestabilidad Laboral,Inflación Baja
"2010-06-04",18,B,1271311.76,132.3648387,9.269,Inestabilidad Laboral,Inflación Baja
"2010-06-11",18,B,1173521.82,132.4357419,9.269,Inestabilidad Laboral,Inflación Baja
"2010-06-18",18,B,1183225.92,132.4733333,9.269,Inestabilidad Laboral,Inflación Baja
"2010-06-25",18,B,1220983.17,132.4976,9.269,Inestabilidad Laboral,Inflación Baja
"2010-07-02",18,B,1257928.35,132.5218667,9.342,Inestabilidad Laboral,Inflación Baja
"2010-07-09",18,B,1171391.41,132.5461333,9.342,Inestabilidad Laboral,Inflación Baja
"2010-07-16",18,B,1115514.61,132.5667742,9.342,Inestabilidad Laboral,Inflación Baja
"2010-07-23",18,B,1032908.23,132.5825806,9.342,Inestabilidad Laboral,Inflación Baja
"2010-07-30",18,B,1078557.6199999999,132.5983871,9.342,Inestabilidad Laboral,Inflación Baja
"2010-08-06",18,B,1166117.85,132.6141935,9.342,Inestabilidad Laboral,Inflación Baja
"2010-08-13",18,B,1084722.78,132.63,9.342,Inestabilidad Laboral,Inflación Baja
"2010-08-20",18,B,1141860.67,132.6616129,9.342,Inestabilidad Laboral,Inflación Baja
"2010-08-27",18,B,1214302.76,132.6932258,9.342,Inestabilidad Laboral,Inflación Baja
"2010-09-03",18,B,1187359.77,132.7248387,9.342,Inestabilidad Laboral,Inflación Baja
"2010-09-10",18,B,1011201.12,132.7564516,9.342,Inestabilidad Laboral,Inflación Baja
"2010-09-17",18,B,997998.21,132.7670667,9.342,Inestabilidad Laboral,Inflación Baja
"2010-09-24",18,B,950862.92,132.7619333,9.342,Inestabilidad Laboral,Inflación Baja
"2010-10-01",18,B,948977.5,132.7568,9.331,Inestabilidad Laboral,Inflación Baja
"2010-10-08",18,B,1107432.71,132.7516667,9.331,Inestabilidad Laboral,Inflación Baja
"2010-10-15",18,B,1029618.1,132.7633548,9.331,Inestabilidad Laboral,Inflación Baja
"2010-10-22",18,B,1052120.43,132.8170968,9.331,Inestabilidad Laboral,Inflación Baja
"2010-10-29",18,B,1038576.54,132.8708387,9.331,Inestabilidad Laboral,Inflación Baja
"2010-11-05",18,B,1089530.94,132.9245806,9.331,Inestabilidad Laboral,Inflación Baja
"2010-11-12",18,B,1081322.12,132.9783226,9.331,Inestabilidad Laboral,Inflación Baja
"2010-11-19",18,B,1045722.37,132.9172,9.331,Inestabilidad Laboral,Inflación Baja
"2010-11-26",18,B,1653759.36,132.8369333,9.331,Inestabilidad Laboral,Inflación Baja
"2010-12-03",18,B,1211026.1300000001,132.7566667,9.331,Inestabilidad Laboral,Inflación Baja
"2010-12-10",18,B,1416168.98,132.6764,9.331,Inestabilidad Laboral,Inflación Baja
"2010-12-17",18,B,1588430.71,132.6804516,9.331,Inestabilidad Laboral,Inflación Baja
"2010-12-24",18,B,2027507.1500000001,132.7477419,9.331,Inestabilidad Laboral,Inflación Baja
"2010-12-31",18,B,887907.01,132.8150323,9.331,Inestabilidad Laboral,Inflación Baja
"2011-01-07",18,B,933960.3,132.8823226,9.131,Inestabilidad Laboral,Inflación Baja
"2011-01-14",18,B,777175.28,132.9510645,9.131,Inestabilidad Laboral,Inflación Baja
"2011-01-21",18,B,891148.55,133.0285161,9.131,Inestabilidad Laboral,Inflación Baja
"2011-01-28",18,B,849540.85,133.1059677,9.131,Inestabilidad Laboral,Inflación Baja
"2011-02-04",18,B,1055841.24,133.1834194,9.131,Inestabilidad Laboral,Inflación Baja
"2011-02-11",18,B,1122053.58,133.260871,9.131,Inestabilidad Laboral,Inflación Baja
"2011-02-18",18,B,1095058.57,133.3701429,9.131,Inestabilidad Laboral,Inflación Baja
"2011-02-25",18,B,1005983.3099999999,133.4921429,9.131,Inestabilidad Laboral,Inflación Baja
"2011-03-04",18,B,1063310.62,133.6141429,9.131,Inestabilidad Laboral,Inflación Baja
"2011-03-11",18,B,1002714.25,133.7361429,9.131,Inestabilidad Laboral,Inflación Baja
"2011-03-18",18,B,945889.59,133.8492258,9.131,Inestabilidad Laboral,Inflación Baja
"2011-03-25",18,B,944523.3,133.9587419,9.131,Inestabilidad Laboral,Inflación Baja
"2011-04-01",18,B,938083.17,134.0682581,8.975,Inestabilidad Laboral,Inflación Baja
"2011-04-08",18,B,1018541.3,134.1777742,8.975,Inestabilidad Laboral,Inflación Baja
"2011-04-15",18,B,988157.72,134.2784667,8.975,Inestabilidad Laboral,Inflación Baja
"2011-04-22",18,B,1105860.06,134.3571,8.975,Inestabilidad Laboral,Inflación Baja
"2011-04-29",18,B,974114.39,134.4357333,8.975,Inestabilidad Laboral,Inflación Baja
"2011-05-06",18,B,1065427.37,134.5143667,8.975,Inestabilidad Laboral,Inflación Baja
"2011-05-13",18,B,993172.98,134.593,8.975,Inestabilidad Laboral,Inflación Baja
"2011-05-20",18,B,994610.4299999999,134.6803871,8.975,Inestabilidad Laboral,Inflación Baja
"2011-05-27",18,B,1065214.14,134.7677742,8.975,Inestabilidad Laboral,Inflación Baja
"2011-06-03",18,B,1178039.0,134.8551613,8.975,Inestabilidad Laboral,Inflación Baja
"2011-06-10",18,B,1044079.2000000001,134.9425484,8.975,Inestabilidad Laboral,Inflación Baja
"2011-06-17",18,B,1045859.39,135.0837333,8.975,Inestabilidad Laboral,Inflación Baja
"2011-06-24",18,B,1056478.65,135.2652667,8.975,Inestabilidad Laboral,Inflación Baja
"2011-07-01",18,B,1087051.26,135.4468,8.89,Inestabilidad Laboral,Inflación Baja
"2011-07-08",18,B,1048802.62,135.6283333,8.89,Inestabilidad Laboral,Inflación Baja
"2011-07-15",18,B,974916.13,135.7837419,8.89,Inestabilidad Laboral,Inflación Baja
"2011-07-22",18,B,991262.46,135.8738387,8.89,Inestabilidad Laboral,Inflación Baja
"2011-07-29",18,B,954148.64,135.9639355,8.89,Inestabilidad Laboral,Inflación Baja
"2011-08-05",18,B,1002806.39,136.0540323,8.89,Inestabilidad Laboral,Inflación Baja
"2011-08-12",18,B,928470.83,136.144129,8.89,Inestabilidad Laboral,Inflación Baja
"2011-08-19",18,B,932679.79,136.183129,8.89,Inestabilidad Laboral,Inflación Baja
"2011-08-26",18,B,1147906.46,136.2136129,8.89,Inestabilidad Laboral,Inflación Baja
"2011-09-02",18,B,540922.94,136.2440968,8.89,Inestabilidad Laboral,Inflación Baja
"2011-09-09",18,B,951549.61,136.2745806,8.89,Inestabilidad Laboral,Inflación Baja
"2011-09-16",18,B,845715.37,136.3145,8.89,Inestabilidad Laboral,Inflación Baja
"2011-09-23",18,B,853073.17,136.367,8.89,Inestabilidad Laboral,Inflación Baja
"2011-09-30",18,B,847348.08,136.4195,8.89,Inestabilidad Laboral,Inflación Baja
"2011-10-07",18,B,1019741.1,136.472,8.471,Estrés Moderado,Inflación Baja
"2011-10-14",18,B,953533.95,136.5150968,8.471,Estrés Moderado,Inflación Baja
"2011-10-21",18,B,1048212.62,136.5017742,8.471,Estrés Moderado,Inflación Baja
"2011-10-28",18,B,1106642.63,136.4884516,8.471,Estrés Moderado,Inflación Baja
"2011-11-04",18,B,1100625.06,136.475129,8.471,Estrés Moderado,Inflación Baja
"2011-11-11",18,B,1079931.63,136.4618065,8.471,Estrés Moderado,Inflación Baja
"2011-11-18",18,B,1056992.18,136.4666667,8.471,Estrés Moderado,Inflación Baja
"2011-11-25",18,B,1624170.99,136.4788,8.471,Estrés Moderado,Inflación Baja
"2011-12-02",18,B,1188047.61,136.4909333,8.471,Estrés Moderado,Inflación Baja
"2011-12-09",18,B,1368471.23,136.5030667,8.471,Estrés Moderado,Inflación Baja
"2011-12-16",18,B,1516924.23,136.5335161,8.471,Estrés Moderado,Inflación Baja
"2011-12-23",18,B,1882393.4,136.5883871,8.471,Estrés Moderado,Inflación Baja
"2011-12-30",18,B,1010562.49,136.6432581,8.471,Estrés Moderado,Inflación Baja
"2012-01-06",18,B,977286.07,136.698129,8.075,Estrés Moderado,Inflación Baja
"2012-01-13",18,B,890130.25,136.753,8.075,Estrés Moderado,Inflación Baja
"2012-01-20",18,B,937522.77,136.8564194,8.075,Estrés Moderado,Inflación Baja
"2012-01-27",18,B,825584.22,136.9598387,8.075,Estrés Moderado,Inflación Baja
"2012-02-03",18,B,1049772.04,137.0632581,8.075,Estrés Moderado,Inflación Baja
"2012-02-10",18,B,1161615.51,137.1666774,8.075,Estrés Moderado,Inflación Baja
"2012-02-17",18,B,1115985.81,137.2583103,8.075,Estrés Moderado,Inflación Baja
"2012-02-24",18,B,1037861.11,137.3411034,8.075,Estrés Moderado,Inflación Baja
"2012-03-02",18,B,1047178.91,137.4238966,8.075,Estrés Moderado,Inflación Baja
"2012-03-09",18,B,1084894.47,137.5066897,8.075,Estrés Moderado,Inflación Baja
"2012-03-16",18,B,1022018.4299999999,137.5843871,8.075,Estrés Moderado,Inflación Baja
"2012-03-23",18,B,1031139.3,137.6552903,8.075,Estrés Moderado,Inflación Baja
"2012-03-30",18,B,1009121.2,137.7261935,8.075,Estrés Moderado,Inflación Baja
"2012-04-06",18,B,1200815.3,137.7970968,8.304,Estrés Moderado,Inflación Baja
"2012-04-13",18,B,998443.5,137.868,8.304,Estrés Moderado,Inflación Baja
"2012-04-20",18,B,1025813.8,137.9230667,8.304,Estrés Moderado,Inflación Baja
"2012-04-27",18,B,961186.23,137.9781333,8.304,Estrés Moderado,Inflación Baja
"2012-05-04",18,B,1050027.89,138.0332,8.304,Estrés Moderado,Inflación Baja
"2012-05-11",18,B,1060433.1,138.0882667,8.304,Estrés Moderado,Inflación Baja
"2012-05-18",18,B,1047444.59,138.1065806,8.304,Estrés Moderado,Inflación Baja
"2012-05-25",18,B,1088446.58,138.1101935,8.304,Estrés Moderado,Inflación Baja
"2012-06-01",18,B,1118313.7,138.1138065,8.304,Estrés Moderado,Inflación Baja
"2012-06-08",18,B,1110479.94,138.1174194,8.304,Estrés Moderado,Inflación Baja
"2012-06-15",18,B,1057425.83,138.1295333,8.304,Estrés Moderado,Inflación Baja
"2012-06-22",18,B,1080357.89,138.1629,8.304,Estrés Moderado,Inflación Baja
"2012-06-29",18,B,1097006.3,138.1962667,8.304,Estrés Moderado,Inflación Baja
"2012-07-06",18,B,1158247.31,138.2296333,8.535,Inestabilidad Laboral,Inflación Baja
"2012-07-13",18,B,1024784.92,138.263,8.535,Inestabilidad Laboral,Inflación Baja
"2012-07-20",18,B,1033543.56,138.2331935,8.535,Inestabilidad Laboral,Inflación Baja
"2012-07-27",18,B,924506.26,138.2033871,8.535,Inestabilidad Laboral,Inflación Baja
"2012-08-03",18,B,1052066.58,138.1735806,8.535,Inestabilidad Laboral,Inflación Baja
"2012-08-10",18,B,967304.07,138.1437742,8.535,Inestabilidad Laboral,Inflación Baja
"2012-08-17",18,B,1048134.24,138.1857097,8.535,Inestabilidad Laboral,Inflación Baja
"2012-08-24",18,B,1145840.91,138.2814516,8.535,Inestabilidad Laboral,Inflación Baja
"2012-08-31",18,B,1117097.23,138.3771935,8.535,Inestabilidad Laboral,Inflación Baja
"2012-09-07",18,B,1083521.24,138.4729355,8.535,Inestabilidad Laboral,Inflación Baja
"2012-09-14",18,B,960476.1,138.5673,8.535,Inestabilidad Laboral,Inflación Baja
"2012-09-21",18,B,971386.65,138.6534,8.535,Inestabilidad Laboral,Inflación Baja
"2012-09-28",18,B,1002856.2,138.7395,8.535,Inestabilidad Laboral,Inflación Baja
"2012-10-05",18,B,1092204.79,138.8256,8.243,Estrés Moderado,Inflación Baja
"2012-10-12",18,B,1074079.0,138.9117,8.243,Estrés Moderado,Inflación Baja
"2012-10-19",18,B,1048706.75,138.8336129,8.243,Estrés Moderado,Inflación Baja
"2012-10-26",18,B,1127516.25,138.7281613,8.243,Estrés Moderado,Inflación Baja
"2010-02-05",19,A,1507637.17,131.5279032,8.35,Estrés Moderado,Inflación Baja
"2010-02-12",19,A,1536549.95,131.5866129,8.35,Estrés Moderado,Inflación Baja
"2010-02-19",19,A,1515976.11,131.637,8.35,Estrés Moderado,Inflación Baja
"2010-02-26",19,A,1373270.06,131.686,8.35,Estrés Moderado,Inflación Baja
"2010-03-05",19,A,1495844.57,131.735,8.35,Estrés Moderado,Inflación Baja
"2010-03-12",19,A,1467889.2,131.784,8.35,Estrés Moderado,Inflación Baja
"2010-03-19",19,A,1332940.35,131.8242903,8.35,Estrés Moderado,Inflación Baja
"2010-03-26",19,A,1427023.45,131.863129,8.35,Estrés Moderado,Inflación Baja
"2010-04-02",19,A,1642970.27,131.9019677,8.185,Estrés Moderado,Inflación Baja
"2010-04-09",19,A,1489613.32,131.9408065,8.185,Estrés Moderado,Inflación Baja
"2010-04-16",19,A,1460354.67,131.9809,8.185,Estrés Moderado,Inflación Baja
"2010-04-23",19,A,1456793.33,132.0226667,8.185,Estrés Moderado,Inflación Baja
"2010-04-30",19,A,1405065.57,132.0644333,8.185,Estrés Moderado,Inflación Baja
"2010-05-07",19,A,1566219.77,132.1062,8.185,Estrés Moderado,Inflación Baja
"2010-05-14",19,A,1437319.45,132.152129,8.185,Estrés Moderado,Inflación Baja
"2010-05-21",19,A,1377716.17,132.2230323,8.185,Estrés Moderado,Inflación Baja
"2010-05-28",19,A,1648882.62,132.2939355,8.185,Estrés Moderado,Inflación Baja
"2010-06-04",19,A,1519013.49,132.3648387,8.185,Estrés Moderado,Inflación Baja
"2010-06-11",19,A,1410683.94,132.4357419,8.185,Estrés Moderado,Inflación Baja
"2010-06-18",19,A,1457314.3900000001,132.4733333,8.185,Estrés Moderado,Inflación Baja
"2010-06-25",19,A,1450407.32,132.4976,8.185,Estrés Moderado,Inflación Baja
"2010-07-02",19,A,1549018.68,132.5218667,8.099,Estrés Moderado,Inflación Baja
"2010-07-09",19,A,1577541.24,132.5461333,8.099,Estrés Moderado,Inflación Baja
"2010-07-16",19,A,1412157.02,132.5667742,8.099,Estrés Moderado,Inflación Baja
"2010-07-23",19,A,1372043.71,132.5825806,8.099,Estrés Moderado,Inflación Baja
"2010-07-30",19,A,1366395.96,132.5983871,8.099,Estrés Moderado,Inflación Baja
"2010-08-06",19,A,1492060.89,132.6141935,8.099,Estrés Moderado,Inflación Baja
"2010-08-13",19,A,1418027.08,132.63,8.099,Estrés Moderado,Inflación Baja
"2010-08-20",19,A,1419383.19,132.6616129,8.099,Estrés Moderado,Inflación Baja
"2010-08-27",19,A,1557888.16,132.6932258,8.099,Estrés Moderado,Inflación Baja
"2010-09-03",19,A,1623519.6400000001,132.7248387,8.099,Estrés Moderado,Inflación Baja
"2010-09-10",19,A,1591453.3900000001,132.7564516,8.099,Estrés Moderado,Inflación Baja
"2010-09-17",19,A,1386789.31,132.7670667,8.099,Estrés Moderado,Inflación Baja
"2010-09-24",19,A,1318343.58,132.7619333,8.099,Estrés Moderado,Inflación Baja
"2010-10-01",19,A,1379456.3,132.7568,8.067,Estrés Moderado,Inflación Baja
"2010-10-08",19,A,1428960.72,132.7516667,8.067,Estrés Moderado,Inflación Baja
"2010-10-15",19,A,1369317.63,132.7633548,8.067,Estrés Moderado,Inflación Baja
"2010-10-22",19,A,1357154.71,132.8170968,8.067,Estrés Moderado,Inflación Baja
"2010-10-29",19,A,1404576.48,132.8708387,8.067,Estrés Moderado,Inflación Baja
"2010-11-05",19,A,1435379.25,132.9245806,8.067,Estrés Moderado,Inflación Baja
"2010-11-12",19,A,1490235.86,132.9783226,8.067,Estrés Moderado,Inflación Baja
"2010-11-19",19,A,1377593.1,132.9172,8.067,Estrés Moderado,Inflación Baja
"2010-11-26",19,A,1993367.83,132.8369333,8.067,Estrés Moderado,Inflación Baja
"2010-12-03",19,A,1615987.96,132.7566667,8.067,Estrés Moderado,Inflación Baja
"2010-12-10",19,A,1799070.98,132.6764,8.067,Estrés Moderado,Inflación Baja
"2010-12-17",19,A,1911967.44,132.6804516,8.067,Estrés Moderado,Inflación Baja
"2010-12-24",19,A,2678206.42,132.7477419,8.067,Estrés Moderado,Inflación Baja
"2010-12-31",19,A,1275146.94,132.8150323,8.067,Estrés Moderado,Inflación Baja
"2011-01-07",19,A,1224175.99,132.8823226,7.771,Estrés Moderado,Inflación Baja
"2011-01-14",19,A,1181204.53,132.9510645,7.771,Estrés Moderado,Inflación Baja
"2011-01-21",19,A,1212967.84,133.0285161,7.771,Estrés Moderado,Inflación Baja
"2011-01-28",19,A,1284185.49,133.1059677,7.771,Estrés Moderado,Inflación Baja
"2011-02-04",19,A,1370562.11,133.1834194,7.771,Estrés Moderado,Inflación Baja
"2011-02-11",19,A,1430851.11,133.260871,7.771,Estrés Moderado,Inflación Baja
"2011-02-18",19,A,1457270.16,133.3701429,7.771,Estrés Moderado,Inflación Baja
"2011-02-25",19,A,1296658.47,133.4921429,7.771,Estrés Moderado,Inflación Baja
"2011-03-04",19,A,1433569.44,133.6141429,7.771,Estrés Moderado,Inflación Baja
"2011-03-11",19,A,1351450.43,133.7361429,7.771,Estrés Moderado,Inflación Baja
"2011-03-18",19,A,1257972.37,133.8492258,7.771,Estrés Moderado,Inflación Baja
"2011-03-25",19,A,1266564.94,133.9587419,7.771,Estrés Moderado,Inflación Baja
"2011-04-01",19,A,1305950.22,134.0682581,7.658,Estrés Moderado,Inflación Baja
"2011-04-08",19,A,1419911.91,134.1777742,7.658,Estrés Moderado,Inflación Baja
"2011-04-15",19,A,1392093.04,134.2784667,7.658,Estrés Moderado,Inflación Baja
"2011-04-22",19,A,1514288.82,134.3571,7.658,Estrés Moderado,Inflación Baja
"2011-04-29",19,A,1297237.7,134.4357333,7.658,Estrés Moderado,Inflación Baja
"2011-05-06",19,A,1451953.95,134.5143667,7.658,Estrés Moderado,Inflación Baja
"2011-05-13",19,A,1429143.06,134.593,7.658,Estrés Moderado,Inflación Baja
"2011-05-20",19,A,1355234.3,134.6803871,7.658,Estrés Moderado,Inflación Baja
"2011-05-27",19,A,1388553.11,134.7677742,7.658,Estrés Moderado,Inflación Baja
"2011-06-03",19,A,1457345.75,134.8551613,7.658,Estrés Moderado,Inflación Baja
"2011-06-10",19,A,1467473.6300000001,134.9425484,7.658,Estrés Moderado,Inflación Baja
"2011-06-17",19,A,1418973.6199999999,135.0837333,7.658,Estrés Moderado,Inflación Baja
"2011-06-24",19,A,1440785.7,135.2652667,7.658,Estrés Moderado,Inflación Baja
"2011-07-01",19,A,1462731.93,135.4468,7.806,Estrés Moderado,Inflación Baja
"2011-07-08",19,A,1465489.75,135.6283333,7.806,Estrés Moderado,Inflación Baja
"2011-07-15",19,A,1391580.41,135.7837419,7.806,Estrés Moderado,Inflación Baja
"2011-07-22",19,A,1377119.45,135.8738387,7.806,Estrés Moderado,Inflación Baja
"2011-07-29",19,A,1298775.8,135.9639355,7.806,Estrés Moderado,Inflación Baja
"2011-08-05",19,A,1408968.55,136.0540323,7.806,Estrés Moderado,Inflación Baja
"2011-08-12",19,A,1360969.45,136.144129,7.806,Estrés Moderado,Inflación Baja
"2011-08-19",19,A,1391792.69,136.183129,7.806,Estrés Moderado,Inflación Baja
"2011-08-26",19,A,1547729.24,136.2136129,7.806,Estrés Moderado,Inflación Baja
"2011-09-02",19,A,1609951.02,136.2440968,7.806,Estrés Moderado,Inflación Baja
"2011-09-09",19,A,1566712.79,136.2745806,7.806,Estrés Moderado,Inflación Baja
"2011-09-16",19,A,1365633.53,136.3145,7.806,Estrés Moderado,Inflación Baja
"2011-09-23",19,A,1300375.76,136.367,7.806,Estrés Moderado,Inflación Baja
"2011-09-30",19,A,1330757.22,136.4195,7.806,Estrés Moderado,Inflación Baja
"2011-10-07",19,A,1461718.8699999999,136.472,7.866,Estrés Moderado,Inflación Baja
"2011-10-14",19,A,1318905.53,136.5150968,7.866,Estrés Moderado,Inflación Baja
"2011-10-21",19,A,1374863.1,136.5017742,7.866,Estrés Moderado,Inflación Baja
"2011-10-28",19,A,1396612.36,136.4884516,7.866,Estrés Moderado,Inflación Baja
"2011-11-04",19,A,1480289.64,136.475129,7.866,Estrés Moderado,Inflación Baja
"2011-11-11",19,A,1502078.93,136.4618065,7.866,Estrés Moderado,Inflación Baja
"2011-11-18",19,A,1411835.57,136.4666667,7.866,Estrés Moderado,Inflación Baja
"2011-11-25",19,A,1974646.78,136.4788,7.866,Estrés Moderado,Inflación Baja
"2011-12-02",19,A,1484708.38,136.4909333,7.866,Estrés Moderado,Inflación Baja
"2011-12-09",19,A,1713769.06,136.5030667,7.866,Estrés Moderado,Inflación Baja
"2011-12-16",19,A,1852179.1500000001,136.5335161,7.866,Estrés Moderado,Inflación Baja
"2011-12-23",19,A,2480159.47,136.5883871,7.866,Estrés Moderado,Inflación Baja
"2011-12-30",19,A,1405168.06,136.6432581,7.866,Estrés Moderado,Inflación Baja
"2012-01-06",19,A,1266570.4,136.698129,7.943,Estrés Moderado,Inflación Baja
"2012-01-13",19,A,1182198.7,136.753,7.943,Estrés Moderado,Inflación Baja
"2012-01-20",19,A,1237104.73,136.8564194,7.943,Estrés Moderado,Inflación Baja
"2012-01-27",19,A,1279623.26,136.9598387,7.943,Estrés Moderado,Inflación Baja
"2012-02-03",19,A,1345311.65,137.0632581,7.943,Estrés Moderado,Inflación Baja
"2012-02-10",19,A,1499496.67,137.1666774,7.943,Estrés Moderado,Inflación Baja
"2012-02-17",19,A,1424720.27,137.2583103,7.943,Estrés Moderado,Inflación Baja
"2012-02-24",19,A,1352470.09,137.3411034,7.943,Estrés Moderado,Inflación Baja
"2012-03-02",19,A,1308977.05,137.4238966,7.943,Estrés Moderado,Inflación Baja
"2012-03-09",19,A,1358816.46,137.5066897,7.943,Estrés Moderado,Inflación Baja
"2012-03-16",19,A,1312849.1,137.5843871,7.943,Estrés Moderado,Inflación Baja
"2012-03-23",19,A,1342254.55,137.6552903,7.943,Estrés Moderado,Inflación Baja
"2012-03-30",19,A,1327139.35,137.7261935,7.943,Estrés Moderado,Inflación Baja
"2012-04-06",19,A,1631737.68,137.7970968,8.15,Estrés Moderado,Inflación Baja
"2012-04-13",19,A,1365098.46,137.868,8.15,Estrés Moderado,Inflación Baja
"2012-04-20",19,A,1255087.26,137.9230667,8.15,Estrés Moderado,Inflación Baja
"2012-04-27",19,A,1285897.24,137.9781333,8.15,Estrés Moderado,Inflación Baja
"2012-05-04",19,A,1405007.44,138.0332,8.15,Estrés Moderado,Inflación Baja
"2012-05-11",19,A,1442873.22,138.0882667,8.15,Estrés Moderado,Inflación Baja
"2012-05-18",19,A,1366937.1,138.1065806,8.15,Estrés Moderado,Inflación Baja
"2012-05-25",19,A,1485540.28,138.1101935,8.15,Estrés Moderado,Inflación Baja
"2012-06-01",19,A,1450733.29,138.1138065,8.15,Estrés Moderado,Inflación Baja
"2012-06-08",19,A,1390122.11,138.1174194,8.15,Estrés Moderado,Inflación Baja
"2012-06-15",19,A,1440263.15,138.1295333,8.15,Estrés Moderado,Inflación Baja
"2012-06-22",19,A,1468350.36,138.1629,8.15,Estrés Moderado,Inflación Baja
"2012-06-29",19,A,1379652.65,138.1962667,8.15,Estrés Moderado,Inflación Baja
"2012-07-06",19,A,1557120.44,138.2296333,8.193,Estrés Moderado,Inflación Baja
"2012-07-13",19,A,1321741.35,138.263,8.193,Estrés Moderado,Inflación Baja
"2012-07-20",19,A,1317672.92,138.2331935,8.193,Estrés Moderado,Inflación Baja
"2012-07-27",19,A,1248915.43,138.2033871,8.193,Estrés Moderado,Inflación Baja
"2012-08-03",19,A,1342123.78,138.1735806,8.193,Estrés Moderado,Inflación Baja
"2012-08-10",19,A,1408907.89,138.1437742,8.193,Estrés Moderado,Inflación Baja
"2012-08-17",19,A,1375101.26,138.1857097,8.193,Estrés Moderado,Inflación Baja
"2012-08-24",19,A,1544653.3699999999,138.2814516,8.193,Estrés Moderado,Inflación Baja
"2012-08-31",19,A,1542719.87,138.3771935,8.193,Estrés Moderado,Inflación Baja
"2012-09-07",19,A,1497073.82,138.4729355,8.193,Estrés Moderado,Inflación Baja
"2012-09-14",19,A,1370653.41,138.5673,8.193,Estrés Moderado,Inflación Baja
"2012-09-21",19,A,1338572.29,138.6534,8.193,Estrés Moderado,Inflación Baja
"2012-09-28",19,A,1338299.02,138.7395,8.193,Estrés Moderado,Inflación Baja
"2012-10-05",19,A,1408016.1,138.8256,7.992,Estrés Moderado,Inflación Baja
"2012-10-12",19,A,1352809.5,138.9117,7.992,Estrés Moderado,Inflación Baja
"2012-10-19",19,A,1321102.35,138.8336129,7.992,Estrés Moderado,Inflación Baja
"2012-10-26",19,A,1322117.96,138.7281613,7.992,Estrés Moderado,Inflación Baja
"2010-02-05",20,A,2401395.47,204.2471935,8.187,Estrés Moderado,Inflación Alta
"2010-02-12",20,A,2109107.9,204.3857472,8.187,Estrés Moderado,Inflación Alta
"2010-02-19",20,A,2161549.76,204.4321004,8.187,Estrés Moderado,Inflación Alta
"2010-02-26",20,A,1898193.95,204.4630869,8.187,Estrés Moderado,Inflación Alta
"2010-03-05",20,A,2119213.72,204.4940734,8.187,Estrés Moderado,Inflación Alta
"2010-03-12",20,A,2010974.84,204.5250598,8.187,Estrés Moderado,Inflación Alta
"2010-03-19",20,A,1951848.43,204.3782258,8.187,Estrés Moderado,Inflación Alta
"2010-03-26",20,A,1894742.95,204.201755,8.187,Estrés Moderado,Inflación Alta
"2010-04-02",20,A,2405395.22,204.0252842,7.856,Estrés Moderado,Inflación Alta
"2010-04-09",20,A,2007796.26,203.8488134,7.856,Estrés Moderado,Inflación Alta
"2010-04-16",20,A,1985784.59,203.7307486,7.856,Estrés Moderado,Inflación Alta
"2010-04-23",20,A,1878862.42,203.6905586,7.856,Estrés Moderado,Inflación Alta
"2010-04-30",20,A,1919053.21,203.6503685,7.856,Estrés Moderado,Inflación Alta
"2010-05-07",20,A,2137202.38,203.6101784,7.856,Estrés Moderado,Inflación Alta
"2010-05-14",20,A,2033211.6199999999,203.6133915,7.856,Estrés Moderado,Inflación Alta
"2010-05-21",20,A,1893736.9,203.8770235,7.856,Estrés Moderado,Inflación Alta
"2010-05-28",20,A,2065984.95,204.1406556,7.856,Estrés Moderado,Inflación Alta
"2010-06-04",20,A,2203619.35,204.4042877,7.856,Estrés Moderado,Inflación Alta
"2010-06-11",20,A,2100489.79,204.6679198,7.856,Estrés Moderado,Inflación Alta
"2010-06-18",20,A,2091903.63,204.670036,7.856,Estrés Moderado,Inflación Alta
"2010-06-25",20,A,1973135.8699999999,204.5675459,7.856,Estrés Moderado,Inflación Alta
"2010-07-02",20,A,2143676.77,204.4650559,7.527,Estrés Moderado,Inflación Alta
"2010-07-09",20,A,2107285.85,204.3625658,7.527,Estrés Moderado,Inflación Alta
"2010-07-16",20,A,2031852.16,204.3571656,7.527,Estrés Moderado,Inflación Alta
"2010-07-23",20,A,1900535.9,204.4812188,7.527,Estrés Moderado,Inflación Alta
"2010-07-30",20,A,1955896.59,204.605272,7.527,Estrés Moderado,Inflación Alta
"2010-08-06",20,A,1910177.38,204.7293252,7.527,Estrés Moderado,Inflación Alta
"2010-08-13",20,A,2071022.45,204.8533784,7.527,Estrés Moderado,Inflación Alta
"2010-08-20",20,A,1975374.56,204.8217044,7.527,Estrés Moderado,Inflación Alta
"2010-08-27",20,A,1946369.57,204.7900305,7.527,Estrés Moderado,Inflación Alta
"2010-09-03",20,A,2121561.41,204.7583566,7.527,Estrés Moderado,Inflación Alta
"2010-09-10",20,A,2014954.79,204.7266827,7.527,Estrés Moderado,Inflación Alta
"2010-09-17",20,A,1948359.78,204.7513279,7.527,Estrés Moderado,Inflación Alta
"2010-09-24",20,A,1789687.65,204.8182126,7.527,Estrés Moderado,Inflación Alta
"2010-10-01",20,A,1933719.21,204.8850973,7.484,Estrés Moderado,Inflación Alta
"2010-10-08",20,A,2060389.27,204.951982,7.484,Estrés Moderado,Inflación Alta
"2010-10-15",20,A,1950676.39,205.0137637,7.484,Estrés Moderado,Inflación Alta
"2010-10-22",20,A,1893955.27,205.0627881,7.484,Estrés Moderado,Inflación Alta
"2010-10-29",20,A,1891816.0,205.1118126,7.484,Estrés Moderado,Inflación Alta
"2010-11-05",20,A,2184316.64,205.160837,7.484,Estrés Moderado,Inflación Alta
"2010-11-12",20,A,2187765.28,205.2098614,7.484,Estrés Moderado,Inflación Alta
"2010-11-19",20,A,2105058.91,205.0992811,7.484,Estrés Moderado,Inflación Alta
"2010-11-26",20,A,2811634.04,204.9621,7.484,Estrés Moderado,Inflación Alta
"2010-12-03",20,A,2416051.17,204.8249189,7.484,Estrés Moderado,Inflación Alta
"2010-12-10",20,A,2752122.08,204.6877378,7.484,Estrés Moderado,Inflación Alta
"2010-12-17",20,A,2819193.17,204.6321194,7.484,Estrés Moderado,Inflación Alta
"2010-12-24",20,A,3766687.43,204.6376731,7.484,Estrés Moderado,Inflación Alta
"2010-12-31",20,A,1799737.79,204.6432267,7.484,Estrés Moderado,Inflación Alta
"2011-01-07",20,A,1843030.95,204.6487803,7.343,Estrés Moderado,Inflación Alta
"2011-01-14",20,A,1884345.01,204.7026042,7.343,Estrés Moderado,Inflación Alta
"2011-01-21",20,A,1781805.66,205.0460497,7.343,Estrés Moderado,Inflación Alta
"2011-01-28",20,A,1761506.68,205.3894952,7.343,Estrés Moderado,Inflación Alta
"2011-02-04",20,A,2351143.07,205.7329407,7.343,Estrés Moderado,Inflación Alta
"2011-02-11",20,A,2211388.14,206.0763862,7.343,Estrés Moderado,Inflación Alta
"2011-02-18",20,A,2258616.24,206.3694701,7.343,Estrés Moderado,Inflación Alta
"2011-02-25",20,A,1938608.52,206.6424093,7.343,Estrés Moderado,Inflación Alta
"2011-03-04",20,A,2143424.61,206.9153485,7.343,Estrés Moderado,Inflación Alta
"2011-03-11",20,A,1990932.77,207.1882876,7.343,Estrés Moderado,Inflación Alta
"2011-03-18",20,A,1931668.64,207.4283845,7.343,Estrés Moderado,Inflación Alta
"2011-03-25",20,A,1824711.21,207.6553444,7.343,Estrés Moderado,Inflación Alta
"2011-04-01",20,A,1927993.09,207.8823043,7.287,Estrés Moderado,Inflación Alta
"2011-04-08",20,A,2027056.3900000001,208.1092642,7.287,Estrés Moderado,Inflación Alta
"2011-04-15",20,A,2057406.33,208.3172811,7.287,Estrés Moderado,Inflación Alta
"2011-04-22",20,A,2313861.81,208.4779405,7.287,Estrés Moderado,Inflación Alta
"2011-04-29",20,A,1881788.19,208.6386,7.287,Estrés Moderado,Inflación Alta
"2011-05-06",20,A,2090838.44,208.7992595,7.287,Estrés Moderado,Inflación Alta
"2011-05-13",20,A,2036748.53,208.9599189,7.287,Estrés Moderado,Inflación Alta
"2011-05-20",20,A,1953416.06,208.7583165,7.287,Estrés Moderado,Inflación Alta
"2011-05-27",20,A,1944433.17,208.556714,7.287,Estrés Moderado,Inflación Alta
"2011-06-03",20,A,2182246.69,208.3551116,7.287,Estrés Moderado,Inflación Alta
"2011-06-10",20,A,2135062.04,208.1535092,7.287,Estrés Moderado,Inflación Alta
"2011-06-17",20,A,2065191.27,208.1265604,7.287,Estrés Moderado,Inflación Alta
"2011-06-24",20,A,1950826.32,208.2306018,7.287,Estrés Moderado,Inflación Alta
"2011-07-01",20,A,2053165.41,208.3346432,7.274,Estrés Moderado,Inflación Alta
"2011-07-08",20,A,2123787.79,208.4386847,7.274,Estrés Moderado,Inflación Alta
"2011-07-15",20,A,2039875.75,208.5309337,7.274,Estrés Moderado,Inflación Alta
"2011-07-22",20,A,1950904.84,208.5937018,7.274,Estrés Moderado,Inflación Alta
"2011-07-29",20,A,1858440.92,208.6564699,7.274,Estrés Moderado,Inflación Alta
"2011-08-05",20,A,2189353.63,208.719238,7.274,Estrés Moderado,Inflación Alta
"2011-08-12",20,A,2052246.4,208.7820061,7.274,Estrés Moderado,Inflación Alta
"2011-08-19",20,A,1990017.93,208.8424359,7.274,Estrés Moderado,Inflación Alta
"2011-08-26",20,A,1933577.2,208.902476,7.274,Estrés Moderado,Inflación Alta
"2011-09-02",20,A,2141765.98,208.9625161,7.274,Estrés Moderado,Inflación Alta
"2011-09-09",20,A,2050542.56,209.0225562,7.274,Estrés Moderado,Inflación Alta
"2011-09-16",20,A,1979009.46,209.1893892,7.274,Estrés Moderado,Inflación Alta
"2011-09-23",20,A,1888119.7,209.4986126,7.274,Estrés Moderado,Inflación Alta
"2011-09-30",20,A,1945808.26,209.807836,7.274,Estrés Moderado,Inflación Alta
"2011-10-07",20,A,2135982.79,210.1170595,7.082,Estrés Moderado,Inflación Alta
"2011-10-14",20,A,2010107.68,210.4027602,7.082,Estrés Moderado,Inflación Alta
"2011-10-21",20,A,2104241.9,210.5473252,7.082,Estrés Moderado,Inflación Alta
"2011-10-28",20,A,2065421.52,210.6918901,7.082,Estrés Moderado,Inflación Alta
"2011-11-04",20,A,2284106.6,210.8364551,7.082,Estrés Moderado,Inflación Alta
"2011-11-11",20,A,2269975.85,210.9810201,7.082,Estrés Moderado,Inflación Alta
"2011-11-18",20,A,2169933.82,211.1847207,7.082,Estrés Moderado,Inflación Alta
"2011-11-25",20,A,2906233.25,211.4120757,7.082,Estrés Moderado,Inflación Alta
"2011-12-02",20,A,2298776.83,211.6394306,7.082,Estrés Moderado,Inflación Alta
"2011-12-09",20,A,2546123.78,211.8667856,7.082,Estrés Moderado,Inflación Alta
"2011-12-16",20,A,2762816.65,212.0685039,7.082,Estrés Moderado,Inflación Alta
"2011-12-23",20,A,3555371.03,212.2360401,7.082,Estrés Moderado,Inflación Alta
"2011-12-30",20,A,2043245.0,212.4035763,7.082,Estrés Moderado,Inflación Alta
"2012-01-06",20,A,1964701.94,212.5711125,6.961,Estrés Moderado,Inflación Alta
"2012-01-13",20,A,1911510.6400000001,212.7386486,6.961,Estrés Moderado,Inflación Alta
"2012-01-20",20,A,1892775.94,212.8336399,6.961,Estrés Moderado,Inflación Alta
"2012-01-27",20,A,1761016.51,212.9286312,6.961,Estrés Moderado,Inflación Alta
"2012-02-03",20,A,2203523.2,213.0236225,6.961,Estrés Moderado,Inflación Alta
"2012-02-10",20,A,2462978.28,213.1186138,6.961,Estrés Moderado,Inflación Alta
"2012-02-17",20,A,2309025.16,213.2732106,6.961,Estrés Moderado,Inflación Alta
"2012-02-24",20,A,2045837.55,213.4725116,6.961,Estrés Moderado,Inflación Alta
"2012-03-02",20,A,2148822.7600000002,213.6718127,6.961,Estrés Moderado,Inflación Alta
"2012-03-09",20,A,2139265.4,213.8711137,6.961,Estrés Moderado,Inflación Alta
"2012-03-16",20,A,2064991.71,214.0167132,6.961,Estrés Moderado,Inflación Alta
"2012-03-23",20,A,1992436.96,214.0907105,6.961,Estrés Moderado,Inflación Alta
"2012-03-30",20,A,2074721.74,214.1647079,6.961,Estrés Moderado,Inflación Alta
"2012-04-06",20,A,2565259.92,214.2387053,7.139,Estrés Moderado,Inflación Alta
"2012-04-13",20,A,2045396.06,214.3127027,7.139,Estrés Moderado,Inflación Alta
"2012-04-20",20,A,1884427.84,214.3675045,7.139,Estrés Moderado,Inflación Alta
"2012-04-27",20,A,1886503.93,214.4223063,7.139,Estrés Moderado,Inflación Alta
"2012-05-04",20,A,2163510.89,214.4771081,7.139,Estrés Moderado,Inflación Alta
"2012-05-11",20,A,2168097.11,214.5319099,7.139,Estrés Moderado,Inflación Alta
"2012-05-18",20,A,2039222.26,214.5485571,7.139,Estrés Moderado,Inflación Alta
"2012-05-25",20,A,2114989.0,214.5499425,7.139,Estrés Moderado,Inflación Alta
"2012-06-01",20,A,2143126.59,214.5513278,7.139,Estrés Moderado,Inflación Alta
"2012-06-08",20,A,2231962.13,214.5527132,7.139,Estrés Moderado,Inflación Alta
"2012-06-15",20,A,2165160.29,214.5653243,7.139,Estrés Moderado,Inflación Alta
"2012-06-22",20,A,2060588.69,214.606,7.139,Estrés Moderado,Inflación Alta
"2012-06-29",20,A,2055952.6099999999,214.6466757,7.139,Estrés Moderado,Inflación Alta
"2012-07-06",20,A,2358055.3,214.6873514,7.28,Estrés Moderado,Inflación Alta
"2012-07-13",20,A,2134680.12,214.728027,7.28,Estrés Moderado,Inflación Alta
"2012-07-20",20,A,1970170.29,214.7331351,7.28,Estrés Moderado,Inflación Alta
"2012-07-27",20,A,1911559.1,214.7382432,7.28,Estrés Moderado,Inflación Alta
"2012-08-03",20,A,2094515.71,214.7433514,7.28,Estrés Moderado,Inflación Alta
"2012-08-10",20,A,2144245.39,214.7484595,7.28,Estrés Moderado,Inflación Alta
"2012-08-17",20,A,2045061.22,214.825578,7.28,Estrés Moderado,Inflación Alta
"2012-08-24",20,A,2005341.43,214.9567044,7.28,Estrés Moderado,Inflación Alta
"2012-08-31",20,A,2062481.56,215.0878309,7.28,Estrés Moderado,Inflación Alta
"2012-09-07",20,A,2080529.06,215.2189573,7.28,Estrés Moderado,Inflación Alta
"2012-09-14",20,A,2047949.98,215.3583757,7.28,Estrés Moderado,Inflación Alta
"2012-09-21",20,A,2028587.24,215.5475459,7.28,Estrés Moderado,Inflación Alta
"2012-09-28",20,A,2008350.58,215.7367162,7.28,Estrés Moderado,Inflación Alta
"2012-10-05",20,A,2246411.89,215.9258865,7.293,Estrés Moderado,Inflación Alta
"2012-10-12",20,A,2162951.36,216.1150568,7.293,Estrés Moderado,Inflación Alta
"2012-10-19",20,A,1999363.49,216.1464699,7.293,Estrés Moderado,Inflación Alta
"2012-10-26",20,A,2031650.55,216.1515902,7.293,Estrés Moderado,Inflación Alta
"2010-02-05",21,B,798593.88,210.7526053,8.324,Estrés Moderado,Inflación Alta
"2010-02-12",21,B,809321.44,210.8979935,8.324,Estrés Moderado,Inflación Alta
"2010-02-19",21,B,867283.25,210.9451605,8.324,Estrés Moderado,Inflación Alta
"2010-02-26",21,B,749597.24,210.9759573,8.324,Estrés Moderado,Inflación Alta
"2010-03-05",21,B,747444.32,211.0067542,8.324,Estrés Moderado,Inflación Alta
"2010-03-12",21,B,712312.89,211.037551,8.324,Estrés Moderado,Inflación Alta
"2010-03-19",21,B,727070.0,210.8733316,8.324,Estrés Moderado,Inflación Alta
"2010-03-26",21,B,686497.53,210.6766095,8.324,Estrés Moderado,Inflación Alta
"2010-04-02",21,B,753664.12,210.4798874,8.2,Estrés Moderado,Inflación Alta
"2010-04-09",21,B,751181.4,210.2831653,8.2,Estrés Moderado,Inflación Alta
"2010-04-16",21,B,716026.51,210.1495463,8.2,Estrés Moderado,Inflación Alta
"2010-04-23",21,B,718780.59,210.1000648,8.2,Estrés Moderado,Inflación Alta
"2010-04-30",21,B,680532.69,210.0505833,8.2,Estrés Moderado,Inflación Alta
"2010-05-07",21,B,744969.42,210.0011018,8.2,Estrés Moderado,Inflación Alta
"2010-05-14",21,B,723559.88,209.9984585,8.2,Estrés Moderado,Inflación Alta
"2010-05-21",21,B,753361.72,210.2768443,8.2,Estrés Moderado,Inflación Alta
"2010-05-28",21,B,755214.26,210.5552301,8.2,Estrés Moderado,Inflación Alta
"2010-06-04",21,B,806012.48,210.833616,8.2,Estrés Moderado,Inflación Alta
"2010-06-11",21,B,784305.55,211.1120018,8.2,Estrés Moderado,Inflación Alta
"2010-06-18",21,B,785104.29,211.1096543,8.2,Estrés Moderado,Inflación Alta
"2010-06-25",21,B,769848.75,210.9950134,8.2,Estrés Moderado,Inflación Alta
"2010-07-02",21,B,711470.8,210.8803726,8.099,Estrés Moderado,Inflación Alta
"2010-07-09",21,B,714677.47,210.7657317,8.099,Estrés Moderado,Inflación Alta
"2010-07-16",21,B,755098.41,210.7577954,8.099,Estrés Moderado,Inflación Alta
"2010-07-23",21,B,765823.48,210.8921319,8.099,Estrés Moderado,Inflación Alta
"2010-07-30",21,B,715876.27,211.0264684,8.099,Estrés Moderado,Inflación Alta
"2010-08-06",21,B,739279.1900000001,211.1608049,8.099,Estrés Moderado,Inflación Alta
"2010-08-13",21,B,793589.18,211.2951413,8.099,Estrés Moderado,Inflación Alta
"2010-08-20",21,B,848873.28,211.2596586,8.099,Estrés Moderado,Inflación Alta
"2010-08-27",21,B,855882.57,211.2241759,8.099,Estrés Moderado,Inflación Alta
"2010-09-03",21,B,727772.8,211.1886931,8.099,Estrés Moderado,Inflación Alta
"2010-09-10",21,B,674055.81,211.1532104,8.099,Estrés Moderado,Inflación Alta
"2010-09-17",21,B,684340.86,211.1806415,8.099,Estrés Moderado,Inflación Alta
"2010-09-24",21,B,671688.06,211.2552578,8.099,Estrés Moderado,Inflación Alta
"2010-10-01",21,B,677158.39,211.3298742,8.163,Estrés Moderado,Inflación Alta
"2010-10-08",21,B,680579.49,211.4044906,8.163,Estrés Moderado,Inflación Alta
"2010-10-15",21,B,693412.05,211.4713286,8.163,Estrés Moderado,Inflación Alta
"2010-10-22",21,B,710668.45,211.5187208,8.163,Estrés Moderado,Inflación Alta
"2010-10-29",21,B,731756.65,211.5661131,8.163,Estrés Moderado,Inflación Alta
"2010-11-05",21,B,719888.76,211.6135053,8.163,Estrés Moderado,Inflación Alta
"2010-11-12",21,B,735796.38,211.6608975,8.163,Estrés Moderado,Inflación Alta
"2010-11-19",21,B,756288.89,211.5470304,8.163,Estrés Moderado,Inflación Alta
"2010-11-26",21,B,1245628.61,211.4062867,8.163,Estrés Moderado,Inflación Alta
"2010-12-03",21,B,829210.73,211.265543,8.163,Estrés Moderado,Inflación Alta
"2010-12-10",21,B,943891.64,211.1247993,8.163,Estrés Moderado,Inflación Alta
"2010-12-17",21,B,1147556.83,211.0645458,8.163,Estrés Moderado,Inflación Alta
"2010-12-24",21,B,1587257.78,211.0646599,8.163,Estrés Moderado,Inflación Alta
"2010-12-31",21,B,672903.23,211.064774,8.163,Estrés Moderado,Inflación Alta
"2011-01-07",21,B,629152.0599999999,211.0648881,8.028,Estrés Moderado,Inflación Alta
"2011-01-14",21,B,650789.13,211.1176713,8.028,Estrés Moderado,Inflación Alta
"2011-01-21",21,B,663941.73,211.4864691,8.028,Estrés Moderado,Inflación Alta
"2011-01-28",21,B,649878.29,211.8552668,8.028,Estrés Moderado,Inflación Alta
"2011-02-04",21,B,596218.24,212.2240646,8.028,Estrés Moderado,Inflación Alta
"2011-02-11",21,B,771908.51,212.5928624,8.028,Estrés Moderado,Inflación Alta
"2011-02-18",21,B,884701.92,212.9033115,8.028,Estrés Moderado,Inflación Alta
"2011-02-25",21,B,768313.85,213.190421,8.028,Estrés Moderado,Inflación Alta
"2011-03-04",21,B,796277.72,213.4775305,8.028,Estrés Moderado,Inflación Alta
"2011-03-11",21,B,763479.9,213.7646401,8.028,Estrés Moderado,Inflación Alta
"2011-03-18",21,B,793569.0,214.0156238,8.028,Estrés Moderado,Inflación Alta
"2011-03-25",21,B,753711.32,214.2521573,8.028,Estrés Moderado,Inflación Alta
"2011-04-01",21,B,732056.37,214.4886908,7.931,Estrés Moderado,Inflación Alta
"2011-04-08",21,B,744782.89,214.7252242,7.931,Estrés Moderado,Inflación Alta
"2011-04-15",21,B,768390.05,214.9420631,7.931,Estrés Moderado,Inflación Alta
"2011-04-22",21,B,801302.01,215.1096657,7.931,Estrés Moderado,Inflación Alta
"2011-04-29",21,B,783250.75,215.2772683,7.931,Estrés Moderado,Inflación Alta
"2011-05-06",21,B,718898.33,215.4448709,7.931,Estrés Moderado,Inflación Alta
"2011-05-13",21,B,754236.7,215.6124735,7.931,Estrés Moderado,Inflación Alta
"2011-05-20",21,B,744836.56,215.3834778,7.931,Estrés Moderado,Inflación Alta
"2011-05-27",21,B,744389.8099999999,215.1544822,7.931,Estrés Moderado,Inflación Alta
"2011-06-03",21,B,773878.58,214.9254865,7.931,Estrés Moderado,Inflación Alta
"2011-06-10",21,B,794397.89,214.6964908,7.931,Estrés Moderado,Inflación Alta
"2011-06-17",21,B,823220.43,214.6513538,7.931,Estrés Moderado,Inflación Alta
"2011-06-24",21,B,771298.98,214.7441108,7.931,Estrés Moderado,Inflación Alta
"2011-07-01",21,B,784639.12,214.8368678,7.852,Estrés Moderado,Inflación Alta
"2011-07-08",21,B,734099.4,214.9296249,7.852,Estrés Moderado,Inflación Alta
"2011-07-15",21,B,728311.15,215.0134426,7.852,Estrés Moderado,Inflación Alta
"2011-07-22",21,B,784490.67,215.0749122,7.852,Estrés Moderado,Inflación Alta
"2011-07-29",21,B,751167.12,215.1363819,7.852,Estrés Moderado,Inflación Alta
"2011-08-05",21,B,783614.89,215.1978515,7.852,Estrés Moderado,Inflación Alta
"2011-08-12",21,B,776933.37,215.2593211,7.852,Estrés Moderado,Inflación Alta
"2011-08-19",21,B,855546.5,215.3229307,7.852,Estrés Moderado,Inflación Alta
"2011-08-26",21,B,821127.53,215.386897,7.852,Estrés Moderado,Inflación Alta
"2011-09-02",21,B,705557.8,215.4508632,7.852,Estrés Moderado,Inflación Alta
"2011-09-09",21,B,653989.65,215.5148295,7.852,Estrés Moderado,Inflación Alta
"2011-09-16",21,B,653525.84,215.6944378,7.852,Estrés Moderado,Inflación Alta
"2011-09-23",21,B,681913.29,216.0282356,7.852,Estrés Moderado,Inflación Alta
"2011-09-30",21,B,651970.48,216.3620333,7.852,Estrés Moderado,Inflación Alta
"2011-10-07",21,B,663452.46,216.6958311,7.441,Estrés Moderado,Inflación Alta
"2011-10-14",21,B,671379.44,217.0048261,7.441,Estrés Moderado,Inflación Alta
"2011-10-21",21,B,729036.06,217.1650042,7.441,Estrés Moderado,Inflación Alta
"2011-10-28",21,B,738812.0,217.3251824,7.441,Estrés Moderado,Inflación Alta
"2011-11-04",21,B,767358.37,217.4853605,7.441,Estrés Moderado,Inflación Alta
"2011-11-11",21,B,757369.87,217.6455387,7.441,Estrés Moderado,Inflación Alta
"2011-11-18",21,B,737014.09,217.8670218,7.441,Estrés Moderado,Inflación Alta
"2011-11-25",21,B,1219263.4,218.1130269,7.441,Estrés Moderado,Inflación Alta
"2011-12-02",21,B,793184.25,218.3590319,7.441,Estrés Moderado,Inflación Alta
"2011-12-09",21,B,897747.13,218.605037,7.441,Estrés Moderado,Inflación Alta
"2011-12-16",21,B,1027584.51,218.8217928,7.441,Estrés Moderado,Inflación Alta
"2011-12-23",21,B,1384552.17,218.9995495,7.441,Estrés Moderado,Inflación Alta
"2011-12-30",21,B,804362.36,219.1773063,7.441,Estrés Moderado,Inflación Alta
"2012-01-06",21,B,640181.86,219.355063,7.057,Estrés Moderado,Inflación Alta
"2012-01-13",21,B,631181.25,219.5328198,7.057,Estrés Moderado,Inflación Alta
"2012-01-20",21,B,651178.2,219.6258417,7.057,Estrés Moderado,Inflación Alta
"2012-01-27",21,B,611258.71,219.7188636,7.057,Estrés Moderado,Inflación Alta
"2012-02-03",21,B,680725.43,219.8118854,7.057,Estrés Moderado,Inflación Alta
"2012-02-10",21,B,770652.79,219.9049073,7.057,Estrés Moderado,Inflación Alta
"2012-02-17",21,B,834663.52,220.0651993,7.057,Estrés Moderado,Inflación Alta
"2012-02-24",21,B,747099.0700000001,220.275944,7.057,Estrés Moderado,Inflación Alta
"2012-03-02",21,B,764385.4,220.4866886,7.057,Estrés Moderado,Inflación Alta
"2012-03-09",21,B,755084.4,220.6974332,7.057,Estrés Moderado,Inflación Alta
"2012-03-16",21,B,767338.32,220.8498468,7.057,Estrés Moderado,Inflación Alta
"2012-03-23",21,B,729759.97,220.9244858,7.057,Estrés Moderado,Inflación Alta
"2012-03-30",21,B,724798.76,220.9991248,7.057,Estrés Moderado,Inflación Alta
"2012-04-06",21,B,761956.58,221.0737638,6.891,Estrés Moderado,Inflación Alta
"2012-04-13",21,B,769319.04,221.1484028,6.891,Estrés Moderado,Inflación Alta
"2012-04-20",21,B,734858.91,221.2021074,6.891,Estrés Moderado,Inflación Alta
"2012-04-27",21,B,674829.58,221.255812,6.891,Estrés Moderado,Inflación Alta
"2012-05-04",21,B,697645.32,221.3095166,6.891,Estrés Moderado,Inflación Alta
"2012-05-11",21,B,649945.54,221.3632212,6.891,Estrés Moderado,Inflación Alta
"2012-05-18",21,B,700554.16,221.380331,6.891,Estrés Moderado,Inflación Alta
"2012-05-25",21,B,722891.24,221.3828029,6.891,Estrés Moderado,Inflación Alta
"2012-06-01",21,B,695439.83,221.3852748,6.891,Estrés Moderado,Inflación Alta
"2012-06-08",21,B,707895.72,221.3877467,6.891,Estrés Moderado,Inflación Alta
"2012-06-15",21,B,727049.04,221.4009901,6.891,Estrés Moderado,Inflación Alta
"2012-06-22",21,B,735870.0,221.4411622,6.891,Estrés Moderado,Inflación Alta
"2012-06-29",21,B,716341.39,221.4813343,6.891,Estrés Moderado,Inflación Alta
"2012-07-06",21,B,693013.59,221.5215064,6.565,Estrés Moderado,Inflación Alta
"2012-07-13",21,B,668132.36,221.5616784,6.565,Estrés Moderado,Inflación Alta
"2012-07-20",21,B,691200.33,221.5701123,6.565,Estrés Moderado,Inflación Alta
"2012-07-27",21,B,677789.14,221.5785461,6.565,Estrés Moderado,Inflación Alta
"2012-08-03",21,B,693785.85,221.5869799,6.565,Estrés Moderado,Inflación Alta
"2012-08-10",21,B,700272.01,221.5954138,6.565,Estrés Moderado,Inflación Alta
"2012-08-17",21,B,751963.8099999999,221.6751459,6.565,Estrés Moderado,Inflación Alta
"2012-08-24",21,B,802003.61,221.8083518,6.565,Estrés Moderado,Inflación Alta
"2012-08-31",21,B,763867.59,221.9415576,6.565,Estrés Moderado,Inflación Alta
"2012-09-07",21,B,642827.29,222.0747635,6.565,Estrés Moderado,Inflación Alta
"2012-09-14",21,B,628494.63,222.2174395,6.565,Estrés Moderado,Inflación Alta
"2012-09-21",21,B,667151.46,222.4169362,6.565,Estrés Moderado,Inflación Alta
"2012-09-28",21,B,647097.65,222.6164329,6.565,Estrés Moderado,Inflación Alta
"2012-10-05",21,B,651768.91,222.8159296,6.17,Estabilidad Laboral,Inflación Alta
"2012-10-12",21,B,653043.44,223.0154263,6.17,Estabilidad Laboral,Inflación Alta
"2012-10-19",21,B,641368.14,223.0598077,6.17,Estabilidad Laboral,Inflación Alta
"2012-10-26",21,B,675202.87,223.0783366,6.17,Estabilidad Laboral,Inflación Alta
"2010-02-05",22,B,1033017.37,135.3524608,8.283,Estrés Moderado,Inflación Baja
"2010-02-12",22,B,1022571.25,135.4113076,8.283,Estrés Moderado,Inflación Baja
"2010-02-19",22,B,988467.61,135.4657781,8.283,Estrés Moderado,Inflación Baja
"2010-02-26",22,B,899761.48,135.5195191,8.283,Estrés Moderado,Inflación Baja
"2010-03-05",22,B,1009201.24,135.5732602,8.283,Estrés Moderado,Inflación Baja
"2010-03-12",22,B,967187.37,135.6270013,8.283,Estrés Moderado,Inflación Baja
"2010-03-19",22,B,966145.09,135.6682247,8.283,Estrés Moderado,Inflación Baja
"2010-03-26",22,B,1012075.12,135.7073618,8.283,Estrés Moderado,Inflación Baja
"2010-04-02",22,B,1177340.99,135.7464988,8.348,Estrés Moderado,Inflación Baja
"2010-04-09",22,B,1033171.07,135.7856359,8.348,Estrés Moderado,Inflación Baja
"2010-04-16",22,B,1000968.67,135.82725,8.348,Estrés Moderado,Inflación Baja
"2010-04-23",22,B,969594.47,135.8721667,8.348,Estrés Moderado,Inflación Baja
"2010-04-30",22,B,977683.06,135.9170833,8.348,Estrés Moderado,Inflación Baja
"2010-05-07",22,B,1052973.28,135.962,8.348,Estrés Moderado,Inflación Baja
"2010-05-14",22,B,973585.33,136.010394,8.348,Estrés Moderado,Inflación Baja
"2010-05-21",22,B,979977.89,136.0796521,8.348,Estrés Moderado,Inflación Baja
"2010-05-28",22,B,1103740.4,136.1489101,8.348,Estrés Moderado,Inflación Baja
"2010-06-04",22,B,1095539.13,136.2181682,8.348,Estrés Moderado,Inflación Baja
"2010-06-11",22,B,1061196.47,136.2874263,8.348,Estrés Moderado,Inflación Baja
"2010-06-18",22,B,1052895.25,136.3243393,8.348,Estrés Moderado,Inflación Baja
"2010-06-25",22,B,1095020.33,136.3483143,8.348,Estrés Moderado,Inflación Baja
"2010-07-02",22,B,1120259.71,136.3722893,8.433,Estrés Moderado,Inflación Baja
"2010-07-09",22,B,1092654.26,136.3962643,8.433,Estrés Moderado,Inflación Baja
"2010-07-16",22,B,988392.99,136.4179827,8.433,Estrés Moderado,Inflación Baja
"2010-07-23",22,B,974123.2,136.4366924,8.433,Estrés Moderado,Inflación Baja
"2010-07-30",22,B,970773.64,136.4554021,8.433,Estrés Moderado,Inflación Baja
"2010-08-06",22,B,1010326.14,136.4741118,8.433,Estrés Moderado,Inflación Baja
"2010-08-13",22,B,993097.4299999999,136.4928214,8.433,Estrés Moderado,Inflación Baja
"2010-08-20",22,B,1017045.4400000001,136.5249182,8.433,Estrés Moderado,Inflación Baja
"2010-08-27",22,B,1081420.96,136.557015,8.433,Estrés Moderado,Inflación Baja
"2010-09-03",22,B,1074535.88,136.5891118,8.433,Estrés Moderado,Inflación Baja
"2010-09-10",22,B,924174.4,136.6212085,8.433,Estrés Moderado,Inflación Baja
"2010-09-17",22,B,918285.97,136.6338071,8.433,Estrés Moderado,Inflación Baja
"2010-09-24",22,B,902779.25,136.6317821,8.433,Estrés Moderado,Inflación Baja
"2010-10-01",22,B,905987.17,136.6297571,8.572,Inestabilidad Laboral,Inflación Baja
"2010-10-08",22,B,1015051.62,136.6277321,8.572,Inestabilidad Laboral,Inflación Baja
"2010-10-15",22,B,954401.46,136.6401935,8.572,Inestabilidad Laboral,Inflación Baja
"2010-10-22",22,B,960998.52,136.688871,8.572,Inestabilidad Laboral,Inflación Baja
"2010-10-29",22,B,1025766.27,136.7375484,8.572,Inestabilidad Laboral,Inflación Baja
"2010-11-05",22,B,1006888.16,136.7862258,8.572,Inestabilidad Laboral,Inflación Baja
"2010-11-12",22,B,1043698.64,136.8349032,8.572,Inestabilidad Laboral,Inflación Baja
"2010-11-19",22,B,985896.44,136.7715714,8.572,Inestabilidad Laboral,Inflación Baja
"2010-11-26",22,B,1564502.26,136.6895714,8.572,Inestabilidad Laboral,Inflación Baja
"2010-12-03",22,B,1230514.58,136.6075714,8.572,Inestabilidad Laboral,Inflación Baja
"2010-12-10",22,B,1367202.84,136.5255714,8.572,Inestabilidad Laboral,Inflación Baja
"2010-12-17",22,B,1527682.99,136.5292811,8.572,Inestabilidad Laboral,Inflación Baja
"2010-12-24",22,B,1962445.04,136.597273,8.572,Inestabilidad Laboral,Inflación Baja
"2010-12-31",22,B,774262.28,136.665265,8.572,Inestabilidad Laboral,Inflación Baja
"2011-01-07",22,B,873954.7,136.7332569,8.458,Estrés Moderado,Inflación Baja
"2011-01-14",22,B,807535.52,136.803477,8.458,Estrés Moderado,Inflación Baja
"2011-01-21",22,B,855001.02,136.8870657,8.458,Estrés Moderado,Inflación Baja
"2011-01-28",22,B,799369.15,136.9706544,8.458,Estrés Moderado,Inflación Baja
"2011-02-04",22,B,946060.98,137.0542431,8.458,Estrés Moderado,Inflación Baja
"2011-02-11",22,B,1009206.33,137.1378318,8.458,Estrés Moderado,Inflación Baja
"2011-02-18",22,B,975964.86,137.2511849,8.458,Estrés Moderado,Inflación Baja
"2011-02-25",22,B,911245.43,137.3764439,8.458,Estrés Moderado,Inflación Baja
"2011-03-04",22,B,997353.15,137.5017028,8.458,Estrés Moderado,Inflación Baja
"2011-03-11",22,B,944587.23,137.6269617,8.458,Estrés Moderado,Inflación Baja
"2011-03-18",22,B,926427.12,137.7398929,8.458,Estrés Moderado,Inflación Baja
"2011-03-25",22,B,933528.39,137.8478929,8.458,Estrés Moderado,Inflación Baja
"2011-04-01",22,B,951588.37,137.9558929,8.252,Estrés Moderado,Inflación Baja
"2011-04-08",22,B,969046.6900000001,138.0638929,8.252,Estrés Moderado,Inflación Baja
"2011-04-15",22,B,1008557.04,138.1646952,8.252,Estrés Moderado,Inflación Baja
"2011-04-22",22,B,1152781.9,138.2475036,8.252,Estrés Moderado,Inflación Baja
"2011-04-29",22,B,926133.8,138.3303119,8.252,Estrés Moderado,Inflación Baja
"2011-05-06",22,B,1032076.06,138.4131202,8.252,Estrés Moderado,Inflación Baja
"2011-05-13",22,B,1001558.74,138.4959286,8.252,Estrés Moderado,Inflación Baja
"2011-05-20",22,B,970307.83,138.587106,8.252,Estrés Moderado,Inflación Baja
"2011-05-27",22,B,1021568.34,138.6782834,8.252,Estrés Moderado,Inflación Baja
"2011-06-03",22,B,1125169.92,138.7694608,8.252,Estrés Moderado,Inflación Baja
"2011-06-10",22,B,1060868.49,138.8606382,8.252,Estrés Moderado,Inflación Baja
"2011-06-17",22,B,1042454.61,139.0028333,8.252,Estrés Moderado,Inflación Baja
"2011-06-24",22,B,1012584.2,139.1832917,8.252,Estrés Moderado,Inflación Baja
"2011-07-01",22,B,1077491.68,139.36375,8.023,Estrés Moderado,Inflación Baja
"2011-07-08",22,B,1017050.65,139.5442083,8.023,Estrés Moderado,Inflación Baja
"2011-07-15",22,B,961953.57,139.7006325,8.023,Estrés Moderado,Inflación Baja
"2011-07-22",22,B,964683.8,139.7969712,8.023,Estrés Moderado,Inflación Baja
"2011-07-29",22,B,944958.69,139.8933099,8.023,Estrés Moderado,Inflación Baja
"2011-08-05",22,B,983232.96,139.9896486,8.023,Estrés Moderado,Inflación Baja
"2011-08-12",22,B,991779.2,140.0859873,8.023,Estrés Moderado,Inflación Baja
"2011-08-19",22,B,973004.91,140.1289205,8.023,Estrés Moderado,Inflación Baja
"2011-08-26",22,B,1181815.31,140.1629528,8.023,Estrés Moderado,Inflación Baja
"2011-09-02",22,B,912762.76,140.196985,8.023,Estrés Moderado,Inflación Baja
"2011-09-09",22,B,1004434.54,140.2310173,8.023,Estrés Moderado,Inflación Baja
"2011-09-16",22,B,937420.65,140.2735,8.023,Estrés Moderado,Inflación Baja
"2011-09-23",22,B,899834.75,140.32725,8.023,Estrés Moderado,Inflación Baja
"2011-09-30",22,B,953314.16,140.381,8.023,Estrés Moderado,Inflación Baja
"2011-10-07",22,B,993436.67,140.43475,7.706,Estrés Moderado,Inflación Baja
"2011-10-14",22,B,944337.32,140.4784194,7.706,Estrés Moderado,Inflación Baja
"2011-10-21",22,B,981567.22,140.4616048,7.706,Estrés Moderado,Inflación Baja
"2011-10-28",22,B,1099351.68,140.4447903,7.706,Estrés Moderado,Inflación Baja
"2011-11-04",22,B,1106575.59,140.4279758,7.706,Estrés Moderado,Inflación Baja
"2011-11-11",22,B,1051740.29,140.4111613,7.706,Estrés Moderado,Inflación Baja
"2011-11-18",22,B,1007579.4400000001,140.4127857,7.706,Estrés Moderado,Inflación Baja
"2011-11-25",22,B,1535857.49,140.4217857,7.706,Estrés Moderado,Inflación Baja
"2011-12-02",22,B,1167621.14,140.4307857,7.706,Estrés Moderado,Inflación Baja
"2011-12-09",22,B,1308967.44,140.4397857,7.706,Estrés Moderado,Inflación Baja
"2011-12-16",22,B,1453153.33,140.4700795,7.706,Estrés Moderado,Inflación Baja
"2011-12-23",22,B,1863195.68,140.528765,7.706,Estrés Moderado,Inflación Baja
"2011-12-30",22,B,982661.14,140.5874505,7.706,Estrés Moderado,Inflación Baja
"2012-01-06",22,B,895358.2,140.6461359,7.503,Estrés Moderado,Inflación Baja
"2012-01-13",22,B,855437.5700000001,140.7048214,7.503,Estrés Moderado,Inflación Baja
"2012-01-20",22,B,897027.4400000001,140.8086118,7.503,Estrés Moderado,Inflación Baja
"2012-01-27",22,B,786459.23,140.9124021,7.503,Estrés Moderado,Inflación Baja
"2012-02-03",22,B,958487.75,141.0161924,7.503,Estrés Moderado,Inflación Baja
"2012-02-10",22,B,1034448.0700000001,141.1199827,7.503,Estrés Moderado,Inflación Baja
"2012-02-17",22,B,1004749.41,141.2140357,7.503,Estrés Moderado,Inflación Baja
"2012-02-24",22,B,912958.95,141.3007857,7.503,Estrés Moderado,Inflación Baja
"2012-03-02",22,B,974866.65,141.3875357,7.503,Estrés Moderado,Inflación Baja
"2012-03-09",22,B,991127.01,141.4742857,7.503,Estrés Moderado,Inflación Baja
"2012-03-16",22,B,966780.01,141.55478,7.503,Estrés Moderado,Inflación Baja
"2012-03-23",22,B,992774.4,141.6269332,7.503,Estrés Moderado,Inflación Baja
"2012-03-30",22,B,965769.93,141.6990864,7.503,Estrés Moderado,Inflación Baja
"2012-04-06",22,B,1197489.66,141.7712396,7.671,Estrés Moderado,Inflación Baja
"2012-04-13",22,B,939118.24,141.8433929,7.671,Estrés Moderado,Inflación Baja
"2012-04-20",22,B,1000342.87,141.9015262,7.671,Estrés Moderado,Inflación Baja
"2012-04-27",22,B,922539.94,141.9596595,7.671,Estrés Moderado,Inflación Baja
"2012-05-04",22,B,1005083.3099999999,142.0177929,7.671,Estrés Moderado,Inflación Baja
"2012-05-11",22,B,997868.63,142.0759262,7.671,Estrés Moderado,Inflación Baja
"2012-05-18",22,B,986612.02,142.0970115,7.671,Estrés Moderado,Inflación Baja
"2012-05-25",22,B,1047297.38,142.1032776,7.671,Estrés Moderado,Inflación Baja
"2012-06-01",22,B,1102857.37,142.1095438,7.671,Estrés Moderado,Inflación Baja
"2012-06-08",22,B,1061134.3699999999,142.1158099,7.671,Estrés Moderado,Inflación Baja
"2012-06-15",22,B,1061219.19,142.1292548,7.671,Estrés Moderado,Inflación Baja
"2012-06-22",22,B,1112449.3,142.1606464,7.671,Estrés Moderado,Inflación Baja
"2012-06-29",22,B,1053881.78,142.1920381,7.671,Estrés Moderado,Inflación Baja
"2012-07-06",22,B,1097786.1400000001,142.2234298,7.753,Estrés Moderado,Inflación Baja
"2012-07-13",22,B,971361.38,142.2548214,7.753,Estrés Moderado,Inflación Baja
"2012-07-20",22,B,991969.37,142.2337569,7.753,Estrés Moderado,Inflación Baja
"2012-07-27",22,B,925731.21,142.2126924,7.753,Estrés Moderado,Inflación Baja
"2012-08-03",22,B,1007257.83,142.1916279,7.753,Estrés Moderado,Inflación Baja
"2012-08-10",22,B,973812.79,142.1705634,7.753,Estrés Moderado,Inflación Baja
"2012-08-17",22,B,981273.26,142.2157385,7.753,Estrés Moderado,Inflación Baja
"2012-08-24",22,B,1060906.75,142.3105933,7.753,Estrés Moderado,Inflación Baja
"2012-08-31",22,B,1022270.86,142.4054482,7.753,Estrés Moderado,Inflación Baja
"2012-09-07",22,B,996628.8,142.500303,7.753,Estrés Moderado,Inflación Baja
"2012-09-14",22,B,918049.28,142.5938833,7.753,Estrés Moderado,Inflación Baja
"2012-09-21",22,B,921612.53,142.6798167,7.753,Estrés Moderado,Inflación Baja
"2012-09-28",22,B,976479.51,142.76575,7.753,Estrés Moderado,Inflación Baja
"2012-10-05",22,B,1009887.36,142.8516833,7.543,Estrés Moderado,Inflación Baja
"2012-10-12",22,B,1004039.84,142.9376167,7.543,Estrés Moderado,Inflación Baja
"2012-10-19",22,B,978027.95,142.8633629,7.543,Estrés Moderado,Inflación Baja
"2012-10-26",22,B,1094422.69,142.7624113,7.543,Estrés Moderado,Inflación Baja
"2010-02-05",23,B,1364721.58,131.5279032,5.892,Estabilidad Laboral,Inflación Baja
"2010-02-12",23,B,1380892.08,131.5866129,5.892,Estabilidad Laboral,Inflación Baja
"2010-02-19",23,B,1319588.04,131.637,5.892,Estabilidad Laboral,Inflación Baja
"2010-02-26",23,B,1198709.65,131.686,5.892,Estabilidad Laboral,Inflación Baja
"2010-03-05",23,B,1311175.93,131.735,5.892,Estabilidad Laboral,Inflación Baja
"2010-03-12",23,B,1408082.96,131.784,5.892,Estabilidad Laboral,Inflación Baja
"2010-03-19",23,B,1229008.32,131.8242903,5.892,Estabilidad Laboral,Inflación Baja
"2010-03-26",23,B,1310701.8,131.863129,5.892,Estabilidad Laboral,Inflación Baja
"2010-04-02",23,B,1556627.62,131.9019677,5.435,Estabilidad Laboral,Inflación Baja
"2010-04-09",23,B,1264434.7,131.9408065,5.435,Estabilidad Laboral,Inflación Baja
"2010-04-16",23,B,1288823.72,131.9809,5.435,Estabilidad Laboral,Inflación Baja
"2010-04-23",23,B,1315023.08,132.0226667,5.435,Estabilidad Laboral,Inflación Baja
"2010-04-30",23,B,1259414.52,132.0644333,5.435,Estabilidad Laboral,Inflación Baja
"2010-05-07",23,B,1365552.28,132.1062,5.435,Estabilidad Laboral,Inflación Baja
"2010-05-14",23,B,1303055.09,132.152129,5.435,Estabilidad Laboral,Inflación Baja
"2010-05-21",23,B,1327424.28,132.2230323,5.435,Estabilidad Laboral,Inflación Baja
"2010-05-28",23,B,1571158.56,132.2939355,5.435,Estabilidad Laboral,Inflación Baja
"2010-06-04",23,B,1514435.51,132.3648387,5.435,Estabilidad Laboral,Inflación Baja
"2010-06-11",23,B,1439432.06,132.4357419,5.435,Estabilidad Laboral,Inflación Baja
"2010-06-18",23,B,1507708.93,132.4733333,5.435,Estabilidad Laboral,Inflación Baja
"2010-06-25",23,B,1415204.88,132.4976,5.435,Estabilidad Laboral,Inflación Baja
"2010-07-02",23,B,1549113.18,132.5218667,5.326,Estabilidad Laboral,Inflación Baja
"2010-07-09",23,B,1417535.78,132.5461333,5.326,Estabilidad Laboral,Inflación Baja
"2010-07-16",23,B,1413124.11,132.5667742,5.326,Estabilidad Laboral,Inflación Baja
"2010-07-23",23,B,1333634.45,132.5825806,5.326,Estabilidad Laboral,Inflación Baja
"2010-07-30",23,B,1319773.55,132.5983871,5.326,Estabilidad Laboral,Inflación Baja
"2010-08-06",23,B,1417013.07,132.6141935,5.326,Estabilidad Laboral,Inflación Baja
"2010-08-13",23,B,1346345.97,132.63,5.326,Estabilidad Laboral,Inflación Baja
"2010-08-20",23,B,1439901.05,132.6616129,5.326,Estabilidad Laboral,Inflación Baja
"2010-08-27",23,B,1584623.3599999999,132.6932258,5.326,Estabilidad Laboral,Inflación Baja
"2010-09-03",23,B,1405119.23,132.7248387,5.326,Estabilidad Laboral,Inflación Baja
"2010-09-10",23,B,1272842.85,132.7564516,5.326,Estabilidad Laboral,Inflación Baja
"2010-09-17",23,B,1159132.58,132.7670667,5.326,Estabilidad Laboral,Inflación Baja
"2010-09-24",23,B,1099055.65,132.7619333,5.326,Estabilidad Laboral,Inflación Baja
"2010-10-01",23,B,1129909.44,132.7568,5.287,Estabilidad Laboral,Inflación Baja
"2010-10-08",23,B,1179851.68,132.7516667,5.287,Estabilidad Laboral,Inflación Baja
"2010-10-15",23,B,1119809.71,132.7633548,5.287,Estabilidad Laboral,Inflación Baja
"2010-10-22",23,B,1147503.92,132.8170968,5.287,Estabilidad Laboral,Inflación Baja
"2010-10-29",23,B,1112871.23,132.8708387,5.287,Estabilidad Laboral,Inflación Baja
"2010-11-05",23,B,1203119.96,132.9245806,5.287,Estabilidad Laboral,Inflación Baja
"2010-11-12",23,B,1387953.75,132.9783226,5.287,Estabilidad Laboral,Inflación Baja
"2010-11-19",23,B,1314994.32,132.9172,5.287,Estabilidad Laboral,Inflación Baja
"2010-11-26",23,B,2072685.05,132.8369333,5.287,Estabilidad Laboral,Inflación Baja
"2010-12-03",23,B,1617025.41,132.7566667,5.287,Estabilidad Laboral,Inflación Baja
"2010-12-10",23,B,1872365.99,132.6764,5.287,Estabilidad Laboral,Inflación Baja
"2010-12-17",23,B,2238573.48,132.6804516,5.287,Estabilidad Laboral,Inflación Baja
"2010-12-24",23,B,2734277.1,132.7477419,5.287,Estabilidad Laboral,Inflación Baja
"2010-12-31",23,B,1169773.85,132.8150323,5.287,Estabilidad Laboral,Inflación Baja
"2011-01-07",23,B,1122034.48,132.8823226,5.114,Estabilidad Laboral,Inflación Baja
"2011-01-14",23,B,1016756.1,132.9510645,5.114,Estabilidad Laboral,Inflación Baja
"2011-01-21",23,B,1110706.06,133.0285161,5.114,Estabilidad Laboral,Inflación Baja
"2011-01-28",23,B,1083657.61,133.1059677,5.114,Estabilidad Laboral,Inflación Baja
"2011-02-04",23,B,1159438.53,133.1834194,5.114,Estabilidad Laboral,Inflación Baja
"2011-02-11",23,B,1249786.4,133.260871,5.114,Estabilidad Laboral,Inflación Baja
"2011-02-18",23,B,1369971.57,133.3701429,5.114,Estabilidad Laboral,Inflación Baja
"2011-02-25",23,B,1206917.2,133.4921429,5.114,Estabilidad Laboral,Inflación Baja
"2011-03-04",23,B,1301185.28,133.6141429,5.114,Estabilidad Laboral,Inflación Baja
"2011-03-11",23,B,1042043.55,133.7361429,5.114,Estabilidad Laboral,Inflación Baja
"2011-03-18",23,B,1203682.6199999999,133.8492258,5.114,Estabilidad Laboral,Inflación Baja
"2011-03-25",23,B,1148624.83,133.9587419,5.114,Estabilidad Laboral,Inflación Baja
"2011-04-01",23,B,1182694.95,134.0682581,4.781,Estabilidad Laboral,Inflación Baja
"2011-04-08",23,B,1248901.98,134.1777742,4.781,Estabilidad Laboral,Inflación Baja
"2011-04-15",23,B,1263680.51,134.2784667,4.781,Estabilidad Laboral,Inflación Baja
"2011-04-22",23,B,1447301.24,134.3571,4.781,Estabilidad Laboral,Inflación Baja
"2011-04-29",23,B,1173307.4,134.4357333,4.781,Estabilidad Laboral,Inflación Baja
"2011-05-06",23,B,1359921.1300000001,134.5143667,4.781,Estabilidad Laboral,Inflación Baja
"2011-05-13",23,B,1254914.8699999999,134.593,4.781,Estabilidad Laboral,Inflación Baja
"2011-05-20",23,B,1337617.55,134.6803871,4.781,Estabilidad Laboral,Inflación Baja
"2011-05-27",23,B,1361945.18,134.7677742,4.781,Estabilidad Laboral,Inflación Baja
"2011-06-03",23,B,1562161.97,134.8551613,4.781,Estabilidad Laboral,Inflación Baja
"2011-06-10",23,B,1447028.06,134.9425484,4.781,Estabilidad Laboral,Inflación Baja
"2011-06-17",23,B,1470520.83,135.0837333,4.781,Estabilidad Laboral,Inflación Baja
"2011-06-24",23,B,1434036.18,135.2652667,4.781,Estabilidad Laboral,Inflación Baja
"2011-07-01",23,B,1492507.44,135.4468,4.584,Estabilidad Laboral,Inflación Baja
"2011-07-08",23,B,1379488.05,135.6283333,4.584,Estabilidad Laboral,Inflación Baja
"2011-07-15",23,B,1360520.56,135.7837419,4.584,Estabilidad Laboral,Inflación Baja
"2011-07-22",23,B,1362144.0,135.8738387,4.584,Estabilidad Laboral,Inflación Baja
"2011-07-29",23,B,1319767.55,135.9639355,4.584,Estabilidad Laboral,Inflación Baja
"2011-08-05",23,B,1416344.68,136.0540323,4.584,Estabilidad Laboral,Inflación Baja
"2011-08-12",23,B,1380952.05,136.144129,4.584,Estabilidad Laboral,Inflación Baja
"2011-08-19",23,B,1453416.53,136.183129,4.584,Estabilidad Laboral,Inflación Baja
"2011-08-26",23,B,1637266.29,136.2136129,4.584,Estabilidad Laboral,Inflación Baja
"2011-09-02",23,B,1464295.69,136.2440968,4.584,Estabilidad Laboral,Inflación Baja
"2011-09-09",23,B,1423289.9,136.2745806,4.584,Estabilidad Laboral,Inflación Baja
"2011-09-16",23,B,1253329.17,136.3145,4.584,Estabilidad Laboral,Inflación Baja
"2011-09-23",23,B,1289082.81,136.367,4.584,Estabilidad Laboral,Inflación Baja
"2011-09-30",23,B,1275597.85,136.4195,4.584,Estabilidad Laboral,Inflación Baja
"2011-10-07",23,B,1463501.99,136.472,4.42,Estabilidad Laboral,Inflación Baja
"2011-10-14",23,B,1257778.34,136.5150968,4.42,Estabilidad Laboral,Inflación Baja
"2011-10-21",23,B,1441032.59,136.5017742,4.42,Estabilidad Laboral,Inflación Baja
"2011-10-28",23,B,1407191.96,136.4884516,4.42,Estabilidad Laboral,Inflación Baja
"2011-11-04",23,B,1428436.33,136.475129,4.42,Estabilidad Laboral,Inflación Baja
"2011-11-11",23,B,1436940.78,136.4618065,4.42,Estabilidad Laboral,Inflación Baja
"2011-11-18",23,B,1345631.96,136.4666667,4.42,Estabilidad Laboral,Inflación Baja
"2011-11-25",23,B,2057059.53,136.4788,4.42,Estabilidad Laboral,Inflación Baja
"2011-12-02",23,B,1552886.59,136.4909333,4.42,Estabilidad Laboral,Inflación Baja
"2011-12-09",23,B,1841173.6,136.5030667,4.42,Estabilidad Laboral,Inflación Baja
"2011-12-16",23,B,2173621.2,136.5335161,4.42,Estabilidad Laboral,Inflación Baja
"2011-12-23",23,B,2587953.32,136.5883871,4.42,Estabilidad Laboral,Inflación Baja
"2011-12-30",23,B,1213486.95,136.6432581,4.42,Estabilidad Laboral,Inflación Baja
"2012-01-06",23,B,1150662.55,136.698129,4.261,Estabilidad Laboral,Inflación Baja
"2012-01-13",23,B,1031451.35,136.753,4.261,Estabilidad Laboral,Inflación Baja
"2012-01-20",23,B,1146992.1300000001,136.8564194,4.261,Estabilidad Laboral,Inflación Baja
"2012-01-27",23,B,1037476.38,136.9598387,4.261,Estabilidad Laboral,Inflación Baja
"2012-02-03",23,B,1261872.67,137.0632581,4.261,Estabilidad Laboral,Inflación Baja
"2012-02-10",23,B,1358444.07,137.1666774,4.261,Estabilidad Laboral,Inflación Baja
"2012-02-17",23,B,1365546.69,137.2583103,4.261,Estabilidad Laboral,Inflación Baja
"2012-02-24",23,B,1272948.27,137.3411034,4.261,Estabilidad Laboral,Inflación Baja
"2012-03-02",23,B,1322852.2,137.4238966,4.261,Estabilidad Laboral,Inflación Baja
"2012-03-09",23,B,1292724.9,137.5066897,4.261,Estabilidad Laboral,Inflación Baja
"2012-03-16",23,B,1258364.31,137.5843871,4.261,Estabilidad Laboral,Inflación Baja
"2012-03-23",23,B,1288154.1,137.6552903,4.261,Estabilidad Laboral,Inflación Baja
"2012-03-30",23,B,1261964.96,137.7261935,4.261,Estabilidad Laboral,Inflación Baja
"2012-04-06",23,B,1604605.69,137.7970968,4.125,Estabilidad Laboral,Inflación Baja
"2012-04-13",23,B,1231752.54,137.868,4.125,Estabilidad Laboral,Inflación Baja
"2012-04-20",23,B,1287899.41,137.9230667,4.125,Estabilidad Laboral,Inflación Baja
"2012-04-27",23,B,1277758.76,137.9781333,4.125,Estabilidad Laboral,Inflación Baja
"2012-05-04",23,B,1317379.68,138.0332,4.125,Estabilidad Laboral,Inflación Baja
"2012-05-11",23,B,1321914.34,138.0882667,4.125,Estabilidad Laboral,Inflación Baja
"2012-05-18",23,B,1332952.47,138.1065806,4.125,Estabilidad Laboral,Inflación Baja
"2012-05-25",23,B,1552934.64,138.1101935,4.125,Estabilidad Laboral,Inflación Baja
"2012-06-01",23,B,1476144.34,138.1138065,4.125,Estabilidad Laboral,Inflación Baja
"2012-06-08",23,B,1568048.54,138.1174194,4.125,Estabilidad Laboral,Inflación Baja
"2012-06-15",23,B,1543667.68,138.1295333,4.125,Estabilidad Laboral,Inflación Baja
"2012-06-22",23,B,1522042.57,138.1629,4.125,Estabilidad Laboral,Inflación Baja
"2012-06-29",23,B,1451782.16,138.1962667,4.125,Estabilidad Laboral,Inflación Baja
"2012-07-06",23,B,1545370.16,138.2296333,4.156,Estabilidad Laboral,Inflación Baja
"2012-07-13",23,B,1384921.63,138.263,4.156,Estabilidad Laboral,Inflación Baja
"2012-07-20",23,B,1381339.23,138.2331935,4.156,Estabilidad Laboral,Inflación Baja
"2012-07-27",23,B,1322932.36,138.2033871,4.156,Estabilidad Laboral,Inflación Baja
"2012-08-03",23,B,1416926.31,138.1735806,4.156,Estabilidad Laboral,Inflación Baja
"2012-08-10",23,B,1436311.76,138.1437742,4.156,Estabilidad Laboral,Inflación Baja
"2012-08-17",23,B,1510131.45,138.1857097,4.156,Estabilidad Laboral,Inflación Baja
"2012-08-24",23,B,1702220.96,138.2814516,4.156,Estabilidad Laboral,Inflación Baja
"2012-08-31",23,B,1577468.78,138.3771935,4.156,Estabilidad Laboral,Inflación Baja
"2012-09-07",23,B,1427162.26,138.4729355,4.156,Estabilidad Laboral,Inflación Baja
"2012-09-14",23,B,1279041.64,138.5673,4.156,Estabilidad Laboral,Inflación Baja
"2012-09-21",23,B,1338627.55,138.6534,4.156,Estabilidad Laboral,Inflación Baja
"2012-09-28",23,B,1319035.06,138.7395,4.156,Estabilidad Laboral,Inflación Baja
"2012-10-05",23,B,1464616.59,138.8256,4.145,Estabilidad Laboral,Inflación Baja
"2012-10-12",23,B,1412925.25,138.9117,4.145,Estabilidad Laboral,Inflación Baja
"2012-10-19",23,B,1363155.77,138.8336129,4.145,Estabilidad Laboral,Inflación Baja
"2012-10-26",23,B,1347454.59,138.7281613,4.145,Estabilidad Laboral,Inflación Baja
"2010-02-05",24,A,1388725.63,131.5279032,8.326,Estrés Moderado,Inflación Baja
"2010-02-12",24,A,1414107.1,131.5866129,8.326,Estrés Moderado,Inflación Baja
"2010-02-19",24,A,1385362.49,131.637,8.326,Estrés Moderado,Inflación Baja
"2010-02-26",24,A,1158722.74,131.686,8.326,Estrés Moderado,Inflación Baja
"2010-03-05",24,A,1412387.3699999999,131.735,8.326,Estrés Moderado,Inflación Baja
"2010-03-12",24,A,1309340.16,131.784,8.326,Estrés Moderado,Inflación Baja
"2010-03-19",24,A,1222511.29,131.8242903,8.326,Estrés Moderado,Inflación Baja
"2010-03-26",24,A,1258311.56,131.863129,8.326,Estrés Moderado,Inflación Baja
"2010-04-02",24,A,1478321.26,131.9019677,8.211,Estrés Moderado,Inflación Baja
"2010-04-09",24,A,1379579.63,131.9408065,8.211,Estrés Moderado,Inflación Baja
"2010-04-16",24,A,1268266.72,131.9809,8.211,Estrés Moderado,Inflación Baja
"2010-04-23",24,A,1264117.01,132.0226667,8.211,Estrés Moderado,Inflación Baja
"2010-04-30",24,A,1259877.19,132.0644333,8.211,Estrés Moderado,Inflación Baja
"2010-05-07",24,A,1409705.03,132.1062,8.211,Estrés Moderado,Inflación Baja
"2010-05-14",24,A,1346783.35,132.152129,8.211,Estrés Moderado,Inflación Baja
"2010-05-21",24,A,1283482.85,132.2230323,8.211,Estrés Moderado,Inflación Baja
"2010-05-28",24,A,1473868.15,132.2939355,8.211,Estrés Moderado,Inflación Baja
"2010-06-04",24,A,1566668.91,132.3648387,8.211,Estrés Moderado,Inflación Baja
"2010-06-11",24,A,1375458.21,132.4357419,8.211,Estrés Moderado,Inflación Baja
"2010-06-18",24,A,1354168.18,132.4733333,8.211,Estrés Moderado,Inflación Baja
"2010-06-25",24,A,1399073.75,132.4976,8.211,Estrés Moderado,Inflación Baja
"2010-07-02",24,A,1563387.94,132.5218667,8.117,Estrés Moderado,Inflación Baja
"2010-07-09",24,A,1665502.55,132.5461333,8.117,Estrés Moderado,Inflación Baja
"2010-07-16",24,A,1418697.05,132.5667742,8.117,Estrés Moderado,Inflación Baja
"2010-07-23",24,A,1333740.35,132.5825806,8.117,Estrés Moderado,Inflación Baja
"2010-07-30",24,A,1387517.63,132.5983871,8.117,Estrés Moderado,Inflación Baja
"2010-08-06",24,A,1442819.28,132.6141935,8.117,Estrés Moderado,Inflación Baja
"2010-08-13",24,A,1384243.75,132.63,8.117,Estrés Moderado,Inflación Baja
"2010-08-20",24,A,1375307.54,132.6616129,8.117,Estrés Moderado,Inflación Baja
"2010-08-27",24,A,1350059.35,132.6932258,8.117,Estrés Moderado,Inflación Baja
"2010-09-03",24,A,1366381.6,132.7248387,8.117,Estrés Moderado,Inflación Baja
"2010-09-10",24,A,1474498.59,132.7564516,8.117,Estrés Moderado,Inflación Baja
"2010-09-17",24,A,1273295.46,132.7670667,8.117,Estrés Moderado,Inflación Baja
"2010-09-24",24,A,1169413.27,132.7619333,8.117,Estrés Moderado,Inflación Baja
"2010-10-01",24,A,1215273.2,132.7568,8.275,Estrés Moderado,Inflación Baja
"2010-10-08",24,A,1361944.94,132.7516667,8.275,Estrés Moderado,Inflación Baja
"2010-10-15",24,A,1300806.74,132.7633548,8.275,Estrés Moderado,Inflación Baja
"2010-10-22",24,A,1234875.33,132.8170968,8.275,Estrés Moderado,Inflación Baja
"2010-10-29",24,A,1244925.94,132.8708387,8.275,Estrés Moderado,Inflación Baja
"2010-11-05",24,A,1285358.01,132.9245806,8.275,Estrés Moderado,Inflación Baja
"2010-11-12",24,A,1312877.01,132.9783226,8.275,Estrés Moderado,Inflación Baja
"2010-11-19",24,A,1277150.6,132.9172,8.275,Estrés Moderado,Inflación Baja
"2010-11-26",24,A,1779276.51,132.8369333,8.275,Estrés Moderado,Inflación Baja
"2010-12-03",24,A,1413302.7,132.7566667,8.275,Estrés Moderado,Inflación Baja
"2010-12-10",24,A,1593012.75,132.6764,8.275,Estrés Moderado,Inflación Baja
"2010-12-17",24,A,1663525.77,132.6804516,8.275,Estrés Moderado,Inflación Baja
"2010-12-24",24,A,2386015.75,132.7477419,8.275,Estrés Moderado,Inflación Baja
"2010-12-31",24,A,1208600.05,132.8150323,8.275,Estrés Moderado,Inflación Baja
"2011-01-07",24,A,1178641.71,132.8823226,8.252,Estrés Moderado,Inflación Baja
"2011-01-14",24,A,1167740.2,132.9510645,8.252,Estrés Moderado,Inflación Baja
"2011-01-21",24,A,1107170.39,133.0285161,8.252,Estrés Moderado,Inflación Baja
"2011-01-28",24,A,1126921.34,133.1059677,8.252,Estrés Moderado,Inflación Baja
"2011-02-04",24,A,1225182.04,133.1834194,8.252,Estrés Moderado,Inflación Baja
"2011-02-11",24,A,1341240.6199999999,133.260871,8.252,Estrés Moderado,Inflación Baja
"2011-02-18",24,A,1360150.12,133.3701429,8.252,Estrés Moderado,Inflación Baja
"2011-02-25",24,A,1235121.33,133.4921429,8.252,Estrés Moderado,Inflación Baja
"2011-03-04",24,A,1346994.53,133.6141429,8.252,Estrés Moderado,Inflación Baja
"2011-03-11",24,A,1253218.7,133.7361429,8.252,Estrés Moderado,Inflación Baja
"2011-03-18",24,A,1168397.26,133.8492258,8.252,Estrés Moderado,Inflación Baja
"2011-03-25",24,A,1158693.1199999999,133.9587419,8.252,Estrés Moderado,Inflación Baja
"2011-04-01",24,A,1163803.3,134.0682581,8.212,Estrés Moderado,Inflación Baja
"2011-04-08",24,A,1273670.32,134.1777742,8.212,Estrés Moderado,Inflación Baja
"2011-04-15",24,A,1245576.65,134.2784667,8.212,Estrés Moderado,Inflación Baja
"2011-04-22",24,A,1372484.9,134.3571,8.212,Estrés Moderado,Inflación Baja
"2011-04-29",24,A,1197761.17,134.4357333,8.212,Estrés Moderado,Inflación Baja
"2011-05-06",24,A,1339630.35,134.5143667,8.212,Estrés Moderado,Inflación Baja
"2011-05-13",24,A,1311950.16,134.593,8.212,Estrés Moderado,Inflación Baja
"2011-05-20",24,A,1234281.7,134.6803871,8.212,Estrés Moderado,Inflación Baja
"2011-05-27",24,A,1311153.72,134.7677742,8.212,Estrés Moderado,Inflación Baja
"2011-06-03",24,A,1554837.6199999999,134.8551613,8.212,Estrés Moderado,Inflación Baja
"2011-06-10",24,A,1373841.91,134.9425484,8.212,Estrés Moderado,Inflación Baja
"2011-06-17",24,A,1320359.23,135.0837333,8.212,Estrés Moderado,Inflación Baja
"2011-06-24",24,A,1304850.67,135.2652667,8.212,Estrés Moderado,Inflación Baja
"2011-07-01",24,A,1445596.61,135.4468,8.358,Estrés Moderado,Inflación Baja
"2011-07-08",24,A,1567340.07,135.6283333,8.358,Estrés Moderado,Inflación Baja
"2011-07-15",24,A,1356938.95,135.7837419,8.358,Estrés Moderado,Inflación Baja
"2011-07-22",24,A,1357672.24,135.8738387,8.358,Estrés Moderado,Inflación Baja
"2011-07-29",24,A,1310973.06,135.9639355,8.358,Estrés Moderado,Inflación Baja
"2011-08-05",24,A,1417616.81,136.0540323,8.358,Estrés Moderado,Inflación Baja
"2011-08-12",24,A,1402818.01,136.144129,8.358,Estrés Moderado,Inflación Baja
"2011-08-19",24,A,1352039.88,136.183129,8.358,Estrés Moderado,Inflación Baja
"2011-08-26",24,A,1402372.09,136.2136129,8.358,Estrés Moderado,Inflación Baja
"2011-09-02",24,A,1196105.44,136.2440968,8.358,Estrés Moderado,Inflación Baja
"2011-09-09",24,A,1527455.19,136.2745806,8.358,Estrés Moderado,Inflación Baja
"2011-09-16",24,A,1227535.97,136.3145,8.358,Estrés Moderado,Inflación Baja
"2011-09-23",24,A,1232376.49,136.367,8.358,Estrés Moderado,Inflación Baja
"2011-09-30",24,A,1246242.61,136.4195,8.358,Estrés Moderado,Inflación Baja
"2011-10-07",24,A,1405914.39,136.472,8.454,Estrés Moderado,Inflación Baja
"2011-10-14",24,A,1333315.03,136.5150968,8.454,Estrés Moderado,Inflación Baja
"2011-10-21",24,A,1283563.43,136.5017742,8.454,Estrés Moderado,Inflación Baja
"2011-10-28",24,A,1307142.75,136.4884516,8.454,Estrés Moderado,Inflación Baja
"2011-11-04",24,A,1385860.38,136.475129,8.454,Estrés Moderado,Inflación Baja
"2011-11-11",24,A,1425078.59,136.4618065,8.454,Estrés Moderado,Inflación Baja
"2011-11-18",24,A,1297535.69,136.4666667,8.454,Estrés Moderado,Inflación Baja
"2011-11-25",24,A,1761235.67,136.4788,8.454,Estrés Moderado,Inflación Baja
"2011-12-02",24,A,1335647.1,136.4909333,8.454,Estrés Moderado,Inflación Baja
"2011-12-09",24,A,1529615.54,136.5030667,8.454,Estrés Moderado,Inflación Baja
"2011-12-16",24,A,1624994.43,136.5335161,8.454,Estrés Moderado,Inflación Baja
"2011-12-23",24,A,2168344.23,136.5883871,8.454,Estrés Moderado,Inflación Baja
"2011-12-30",24,A,1363973.16,136.6432581,8.454,Estrés Moderado,Inflación Baja
"2012-01-06",24,A,1251581.8900000001,136.698129,8.659,Inestabilidad Laboral,Inflación Baja
"2012-01-13",24,A,1155594.2,136.753,8.659,Inestabilidad Laboral,Inflación Baja
"2012-01-20",24,A,1151993.85,136.8564194,8.659,Inestabilidad Laboral,Inflación Baja
"2012-01-27",24,A,1057290.41,136.9598387,8.659,Inestabilidad Laboral,Inflación Baja
"2012-02-03",24,A,1249696.97,137.0632581,8.659,Inestabilidad Laboral,Inflación Baja
"2012-02-10",24,A,1403460.87,137.1666774,8.659,Inestabilidad Laboral,Inflación Baja
"2012-02-17",24,A,1326370.08,137.2583103,8.659,Inestabilidad Laboral,Inflación Baja
"2012-02-24",24,A,1303233.15,137.3411034,8.659,Inestabilidad Laboral,Inflación Baja
"2012-03-02",24,A,1213994.39,137.4238966,8.659,Inestabilidad Laboral,Inflación Baja
"2012-03-09",24,A,1325835.7,137.5066897,8.659,Inestabilidad Laboral,Inflación Baja
"2012-03-16",24,A,1239299.1199999999,137.5843871,8.659,Inestabilidad Laboral,Inflación Baja
"2012-03-23",24,A,1221723.94,137.6552903,8.659,Inestabilidad Laboral,Inflación Baja
"2012-03-30",24,A,1230106.13,137.7261935,8.659,Inestabilidad Laboral,Inflación Baja
"2012-04-06",24,A,1524734.29,137.7970968,8.983,Inestabilidad Laboral,Inflación Baja
"2012-04-13",24,A,1285783.8699999999,137.868,8.983,Inestabilidad Laboral,Inflación Baja
"2012-04-20",24,A,1208654.4,137.9230667,8.983,Inestabilidad Laboral,Inflación Baja
"2012-04-27",24,A,1194334.65,137.9781333,8.983,Inestabilidad Laboral,Inflación Baja
"2012-05-04",24,A,1306551.71,138.0332,8.983,Inestabilidad Laboral,Inflación Baja
"2012-05-11",24,A,1355391.79,138.0882667,8.983,Inestabilidad Laboral,Inflación Baja
"2012-05-18",24,A,1298809.8,138.1065806,8.983,Inestabilidad Laboral,Inflación Baja
"2012-05-25",24,A,1407897.57,138.1101935,8.983,Inestabilidad Laboral,Inflación Baja
"2012-06-01",24,A,1467722.19,138.1138065,8.983,Inestabilidad Laboral,Inflación Baja
"2012-06-08",24,A,1406313.13,138.1174194,8.983,Inestabilidad Laboral,Inflación Baja
"2012-06-15",24,A,1364445.98,138.1295333,8.983,Inestabilidad Laboral,Inflación Baja
"2012-06-22",24,A,1434709.6300000001,138.1629,8.983,Inestabilidad Laboral,Inflación Baja
"2012-06-29",24,A,1428869.9,138.1962667,8.983,Inestabilidad Laboral,Inflación Baja
"2012-07-06",24,A,1645097.75,138.2296333,8.953,Inestabilidad Laboral,Inflación Baja
"2012-07-13",24,A,1405475.78,138.263,8.953,Inestabilidad Laboral,Inflación Baja
"2012-07-20",24,A,1394299.0,138.2331935,8.953,Inestabilidad Laboral,Inflación Baja
"2012-07-27",24,A,1307339.14,138.2033871,8.953,Inestabilidad Laboral,Inflación Baja
"2012-08-03",24,A,1440374.13,138.1735806,8.953,Inestabilidad Laboral,Inflación Baja
"2012-08-10",24,A,1497054.81,138.1437742,8.953,Inestabilidad Laboral,Inflación Baja
"2012-08-17",24,A,1397970.54,138.1857097,8.953,Inestabilidad Laboral,Inflación Baja
"2012-08-24",24,A,1303726.54,138.2814516,8.953,Inestabilidad Laboral,Inflación Baja
"2012-08-31",24,A,1344558.92,138.3771935,8.953,Inestabilidad Laboral,Inflación Baja
"2012-09-07",24,A,1477134.75,138.4729355,8.953,Inestabilidad Laboral,Inflación Baja
"2012-09-14",24,A,1242909.53,138.5673,8.953,Inestabilidad Laboral,Inflación Baja
"2012-09-21",24,A,1261158.47,138.6534,8.953,Inestabilidad Laboral,Inflación Baja
"2012-09-28",24,A,1259278.36,138.7395,8.953,Inestabilidad Laboral,Inflación Baja
"2012-10-05",24,A,1416720.54,138.8256,8.693,Inestabilidad Laboral,Inflación Baja
"2012-10-12",24,A,1416301.17,138.9117,8.693,Inestabilidad Laboral,Inflación Baja
"2012-10-19",24,A,1255414.84,138.8336129,8.693,Inestabilidad Laboral,Inflación Baja
"2012-10-26",24,A,1307182.29,138.7281613,8.693,Inestabilidad Laboral,Inflación Baja
"2010-02-05",25,B,677231.63,204.2471935,8.187,Estrés Moderado,Inflación Alta
"2010-02-12",25,B,583364.02,204.3857472,8.187,Estrés Moderado,Inflación Alta
"2010-02-19",25,B,676260.67,204.4321004,8.187,Estrés Moderado,Inflación Alta
"2010-02-26",25,B,628516.5700000001,204.4630869,8.187,Estrés Moderado,Inflación Alta
"2010-03-05",25,B,665750.06,204.4940734,8.187,Estrés Moderado,Inflación Alta
"2010-03-12",25,B,660619.99,204.5250598,8.187,Estrés Moderado,Inflación Alta
"2010-03-19",25,B,659795.84,204.3782258,8.187,Estrés Moderado,Inflación Alta
"2010-03-26",25,B,696687.6,204.201755,8.187,Estrés Moderado,Inflación Alta
"2010-04-02",25,B,822486.37,204.0252842,7.856,Estrés Moderado,Inflación Alta
"2010-04-09",25,B,712647.97,203.8488134,7.856,Estrés Moderado,Inflación Alta
"2010-04-16",25,B,715311.6,203.7307486,7.856,Estrés Moderado,Inflación Alta
"2010-04-23",25,B,694531.72,203.6905586,7.856,Estrés Moderado,Inflación Alta
"2010-04-30",25,B,706924.02,203.6503685,7.856,Estrés Moderado,Inflación Alta
"2010-05-07",25,B,724468.97,203.6101784,7.856,Estrés Moderado,Inflación Alta
"2010-05-14",25,B,698073.95,203.6133915,7.856,Estrés Moderado,Inflación Alta
"2010-05-21",25,B,704113.22,203.8770235,7.856,Estrés Moderado,Inflación Alta
"2010-05-28",25,B,792442.54,204.1406556,7.856,Estrés Moderado,Inflación Alta
"2010-06-04",25,B,764155.44,204.4042877,7.856,Estrés Moderado,Inflación Alta
"2010-06-11",25,B,737163.2,204.6679198,7.856,Estrés Moderado,Inflación Alta
"2010-06-18",25,B,780444.94,204.670036,7.856,Estrés Moderado,Inflación Alta
"2010-06-25",25,B,737569.14,204.5675459,7.856,Estrés Moderado,Inflación Alta
"2010-07-02",25,B,759407.87,204.4650559,7.527,Estrés Moderado,Inflación Alta
"2010-07-09",25,B,719591.13,204.3625658,7.527,Estrés Moderado,Inflación Alta
"2010-07-16",25,B,726997.84,204.3571656,7.527,Estrés Moderado,Inflación Alta
"2010-07-23",25,B,665290.93,204.4812188,7.527,Estrés Moderado,Inflación Alta
"2010-07-30",25,B,682124.34,204.605272,7.527,Estrés Moderado,Inflación Alta
"2010-08-06",25,B,699464.43,204.7293252,7.527,Estrés Moderado,Inflación Alta
"2010-08-13",25,B,686072.39,204.8533784,7.527,Estrés Moderado,Inflación Alta
"2010-08-20",25,B,724499.8099999999,204.8217044,7.527,Estrés Moderado,Inflación Alta
"2010-08-27",25,B,711461.95,204.7900305,7.527,Estrés Moderado,Inflación Alta
"2010-09-03",25,B,685700.08,204.7583566,7.527,Estrés Moderado,Inflación Alta
"2010-09-10",25,B,655811.9500000001,204.7266827,7.527,Estrés Moderado,Inflación Alta
"2010-09-17",25,B,628989.88,204.7513279,7.527,Estrés Moderado,Inflación Alta
"2010-09-24",25,B,607819.33,204.8182126,7.527,Estrés Moderado,Inflación Alta
"2010-10-01",25,B,658640.14,204.8850973,7.484,Estrés Moderado,Inflación Alta
"2010-10-08",25,B,674283.86,204.951982,7.484,Estrés Moderado,Inflación Alta
"2010-10-15",25,B,616094.72,205.0137637,7.484,Estrés Moderado,Inflación Alta
"2010-10-22",25,B,661644.19,205.0627881,7.484,Estrés Moderado,Inflación Alta
"2010-10-29",25,B,674458.03,205.1118126,7.484,Estrés Moderado,Inflación Alta
"2010-11-05",25,B,696314.53,205.160837,7.484,Estrés Moderado,Inflación Alta
"2010-11-12",25,B,713250.08,205.2098614,7.484,Estrés Moderado,Inflación Alta
"2010-11-19",25,B,718056.73,205.0992811,7.484,Estrés Moderado,Inflación Alta
"2010-11-26",25,B,1115240.61,204.9621,7.484,Estrés Moderado,Inflación Alta
"2010-12-03",25,B,885572.96,204.8249189,7.484,Estrés Moderado,Inflación Alta
"2010-12-10",25,B,964729.18,204.6877378,7.484,Estrés Moderado,Inflación Alta
"2010-12-17",25,B,1047707.59,204.6321194,7.484,Estrés Moderado,Inflación Alta
"2010-12-24",25,B,1295391.19,204.6376731,7.484,Estrés Moderado,Inflación Alta
"2010-12-31",25,B,623092.54,204.6432267,7.484,Estrés Moderado,Inflación Alta
"2011-01-07",25,B,558794.63,204.6487803,7.343,Estrés Moderado,Inflación Alta
"2011-01-14",25,B,572360.83,204.7026042,7.343,Estrés Moderado,Inflación Alta
"2011-01-21",25,B,568093.57,205.0460497,7.343,Estrés Moderado,Inflación Alta
"2011-01-28",25,B,600448.6900000001,205.3894952,7.343,Estrés Moderado,Inflación Alta
"2011-02-04",25,B,639830.45,205.7329407,7.343,Estrés Moderado,Inflación Alta
"2011-02-11",25,B,615666.78,206.0763862,7.343,Estrés Moderado,Inflación Alta
"2011-02-18",25,B,634637.03,206.3694701,7.343,Estrés Moderado,Inflación Alta
"2011-02-25",25,B,570816.34,206.6424093,7.343,Estrés Moderado,Inflación Alta
"2011-03-04",25,B,640912.18,206.9153485,7.343,Estrés Moderado,Inflación Alta
"2011-03-11",25,B,599828.39,207.1882876,7.343,Estrés Moderado,Inflación Alta
"2011-03-18",25,B,603393.64,207.4283845,7.343,Estrés Moderado,Inflación Alta
"2011-03-25",25,B,616324.24,207.6553444,7.343,Estrés Moderado,Inflación Alta
"2011-04-01",25,B,618377.79,207.8823043,7.287,Estrés Moderado,Inflación Alta
"2011-04-08",25,B,648606.13,208.1092642,7.287,Estrés Moderado,Inflación Alta
"2011-04-15",25,B,674562.45,208.3172811,7.287,Estrés Moderado,Inflación Alta
"2011-04-22",25,B,756588.42,208.4779405,7.287,Estrés Moderado,Inflación Alta
"2011-04-29",25,B,649245.0,208.6386,7.287,Estrés Moderado,Inflación Alta
"2011-05-06",25,B,659446.55,208.7992595,7.287,Estrés Moderado,Inflación Alta
"2011-05-13",25,B,684783.15,208.9599189,7.287,Estrés Moderado,Inflación Alta
"2011-05-20",25,B,677971.33,208.7583165,7.287,Estrés Moderado,Inflación Alta
"2011-05-27",25,B,718373.94,208.556714,7.287,Estrés Moderado,Inflación Alta
"2011-06-03",25,B,737551.74,208.3551116,7.287,Estrés Moderado,Inflación Alta
"2011-06-10",25,B,740259.63,208.1535092,7.287,Estrés Moderado,Inflación Alta
"2011-06-17",25,B,717373.43,208.1265604,7.287,Estrés Moderado,Inflación Alta
"2011-06-24",25,B,699270.1,208.2306018,7.287,Estrés Moderado,Inflación Alta
"2011-07-01",25,B,706206.86,208.3346432,7.274,Estrés Moderado,Inflación Alta
"2011-07-08",25,B,698529.64,208.4386847,7.274,Estrés Moderado,Inflación Alta
"2011-07-15",25,B,680510.23,208.5309337,7.274,Estrés Moderado,Inflación Alta
"2011-07-22",25,B,670854.96,208.5937018,7.274,Estrés Moderado,Inflación Alta
"2011-07-29",25,B,668390.82,208.6564699,7.274,Estrés Moderado,Inflación Alta
"2011-08-05",25,B,679706.01,208.719238,7.274,Estrés Moderado,Inflación Alta
"2011-08-12",25,B,667130.48,208.7820061,7.274,Estrés Moderado,Inflación Alta
"2011-08-19",25,B,688958.75,208.8424359,7.274,Estrés Moderado,Inflación Alta
"2011-08-26",25,B,726422.55,208.902476,7.274,Estrés Moderado,Inflación Alta
"2011-09-02",25,B,699779.0,208.9625161,7.274,Estrés Moderado,Inflación Alta
"2011-09-09",25,B,673248.48,209.0225562,7.274,Estrés Moderado,Inflación Alta
"2011-09-16",25,B,628720.46,209.1893892,7.274,Estrés Moderado,Inflación Alta
"2011-09-23",25,B,620885.93,209.4986126,7.274,Estrés Moderado,Inflación Alta
"2011-09-30",25,B,639160.24,209.807836,7.274,Estrés Moderado,Inflación Alta
"2011-10-07",25,B,671522.87,210.1170595,7.082,Estrés Moderado,Inflación Alta
"2011-10-14",25,B,646915.47,210.4027602,7.082,Estrés Moderado,Inflación Alta
"2011-10-21",25,B,690675.5,210.5473252,7.082,Estrés Moderado,Inflación Alta
"2011-10-28",25,B,724443.97,210.6918901,7.082,Estrés Moderado,Inflación Alta
"2011-11-04",25,B,718393.61,210.8364551,7.082,Estrés Moderado,Inflación Alta
"2011-11-11",25,B,719235.07,210.9810201,7.082,Estrés Moderado,Inflación Alta
"2011-11-18",25,B,728525.6,211.1847207,7.082,Estrés Moderado,Inflación Alta
"2011-11-25",25,B,1116211.39,211.4120757,7.082,Estrés Moderado,Inflación Alta
"2011-12-02",25,B,878314.57,211.6394306,7.082,Estrés Moderado,Inflación Alta
"2011-12-09",25,B,916446.02,211.8667856,7.082,Estrés Moderado,Inflación Alta
"2011-12-16",25,B,997502.47,212.0685039,7.082,Estrés Moderado,Inflación Alta
"2011-12-23",25,B,1290532.97,212.2360401,7.082,Estrés Moderado,Inflación Alta
"2011-12-30",25,B,683665.37,212.4035763,7.082,Estrés Moderado,Inflación Alta
"2012-01-06",25,B,636419.12,212.5711125,6.961,Estrés Moderado,Inflación Alta
"2012-01-13",25,B,614764.31,212.7386486,6.961,Estrés Moderado,Inflación Alta
"2012-01-20",25,B,594744.89,212.8336399,6.961,Estrés Moderado,Inflación Alta
"2012-01-27",25,B,589554.29,212.9286312,6.961,Estrés Moderado,Inflación Alta
"2012-02-03",25,B,642776.4,213.0236225,6.961,Estrés Moderado,Inflación Alta
"2012-02-10",25,B,658984.38,213.1186138,6.961,Estrés Moderado,Inflación Alta
"2012-02-17",25,B,654088.02,213.2732106,6.961,Estrés Moderado,Inflación Alta
"2012-02-24",25,B,613501.05,213.4725116,6.961,Estrés Moderado,Inflación Alta
"2012-03-02",25,B,643155.89,213.6718127,6.961,Estrés Moderado,Inflación Alta
"2012-03-09",25,B,643711.53,213.8711137,6.961,Estrés Moderado,Inflación Alta
"2012-03-16",25,B,638204.27,214.0167132,6.961,Estrés Moderado,Inflación Alta
"2012-03-23",25,B,672831.78,214.0907105,6.961,Estrés Moderado,Inflación Alta
"2012-03-30",25,B,684348.92,214.1647079,6.961,Estrés Moderado,Inflación Alta
"2012-04-06",25,B,791356.9,214.2387053,7.139,Estrés Moderado,Inflación Alta
"2012-04-13",25,B,658691.5599999999,214.3127027,7.139,Estrés Moderado,Inflación Alta
"2012-04-20",25,B,661566.48,214.3675045,7.139,Estrés Moderado,Inflación Alta
"2012-04-27",25,B,655157.32,214.4223063,7.139,Estrés Moderado,Inflación Alta
"2012-05-04",25,B,696421.72,214.4771081,7.139,Estrés Moderado,Inflación Alta
"2012-05-11",25,B,739866.16,214.5319099,7.139,Estrés Moderado,Inflación Alta
"2012-05-18",25,B,717207.19,214.5485571,7.139,Estrés Moderado,Inflación Alta
"2012-05-25",25,B,783371.02,214.5499425,7.139,Estrés Moderado,Inflación Alta
"2012-06-01",25,B,694765.95,214.5513278,7.139,Estrés Moderado,Inflación Alta
"2012-06-08",25,B,730254.19,214.5527132,7.139,Estrés Moderado,Inflación Alta
"2012-06-15",25,B,753860.89,214.5653243,7.139,Estrés Moderado,Inflación Alta
"2012-06-22",25,B,721601.9,214.606,7.139,Estrés Moderado,Inflación Alta
"2012-06-29",25,B,718890.8099999999,214.6466757,7.139,Estrés Moderado,Inflación Alta
"2012-07-06",25,B,753385.5499999999,214.6873514,7.28,Estrés Moderado,Inflación Alta
"2012-07-13",25,B,714093.95,214.728027,7.28,Estrés Moderado,Inflación Alta
"2012-07-20",25,B,685676.58,214.7331351,7.28,Estrés Moderado,Inflación Alta
"2012-07-27",25,B,659109.53,214.7382432,7.28,Estrés Moderado,Inflación Alta
"2012-08-03",25,B,709724.6,214.7433514,7.28,Estrés Moderado,Inflación Alta
"2012-08-10",25,B,710496.97,214.7484595,7.28,Estrés Moderado,Inflación Alta
"2012-08-17",25,B,728467.72,214.825578,7.28,Estrés Moderado,Inflación Alta
"2012-08-24",25,B,756527.64,214.9567044,7.28,Estrés Moderado,Inflación Alta
"2012-08-31",25,B,714828.73,215.0878309,7.28,Estrés Moderado,Inflación Alta
"2012-09-07",25,B,671482.9,215.2189573,7.28,Estrés Moderado,Inflación Alta
"2012-09-14",25,B,657241.63,215.3583757,7.28,Estrés Moderado,Inflación Alta
"2012-09-21",25,B,664745.2,215.5475459,7.28,Estrés Moderado,Inflación Alta
"2012-09-28",25,B,683300.84,215.7367162,7.28,Estrés Moderado,Inflación Alta
"2012-10-05",25,B,699536.73,215.9258865,7.293,Estrés Moderado,Inflación Alta
"2012-10-12",25,B,697317.41,216.1150568,7.293,Estrés Moderado,Inflación Alta
"2012-10-19",25,B,685531.85,216.1464699,7.293,Estrés Moderado,Inflación Alta
"2012-10-26",25,B,688940.9400000001,216.1515902,7.293,Estrés Moderado,Inflación Alta
"2010-02-05",26,A,1034119.21,131.5279032,8.488,Estrés Moderado,Inflación Baja
"2010-02-12",26,A,1015684.09,131.5866129,8.488,Estrés Moderado,Inflación Baja
"2010-02-19",26,A,999348.55,131.637,8.488,Estrés Moderado,Inflación Baja
"2010-02-26",26,A,855385.01,131.686,8.488,Estrés Moderado,Inflación Baja
"2010-03-05",26,A,1005669.58,131.735,8.488,Estrés Moderado,Inflación Baja
"2010-03-12",26,A,963382.09,131.784,8.488,Estrés Moderado,Inflación Baja
"2010-03-19",26,A,903366.55,131.8242903,8.488,Estrés Moderado,Inflación Baja
"2010-03-26",26,A,893613.0,131.863129,8.488,Estrés Moderado,Inflación Baja
"2010-04-02",26,A,1029849.2,131.9019677,8.512,Inestabilidad Laboral,Inflación Baja
"2010-04-09",26,A,1022293.8099999999,131.9408065,8.512,Inestabilidad Laboral,Inflación Baja
"2010-04-16",26,A,905548.38,131.9809,8.512,Inestabilidad Laboral,Inflación Baja
"2010-04-23",26,A,881930.87,132.0226667,8.512,Inestabilidad Laboral,Inflación Baja
"2010-04-30",26,A,904503.85,132.0644333,8.512,Inestabilidad Laboral,Inflación Baja
"2010-05-07",26,A,1074479.73,132.1062,8.512,Inestabilidad Laboral,Inflación Baja
"2010-05-14",26,A,972663.59,132.152129,8.512,Inestabilidad Laboral,Inflación Baja
"2010-05-21",26,A,986765.01,132.2230323,8.512,Inestabilidad Laboral,Inflación Baja
"2010-05-28",26,A,1069851.59,132.2939355,8.512,Inestabilidad Laboral,Inflación Baja
"2010-06-04",26,A,1003202.66,132.3648387,8.512,Inestabilidad Laboral,Inflación Baja
"2010-06-11",26,A,1073862.59,132.4357419,8.512,Inestabilidad Laboral,Inflación Baja
"2010-06-18",26,A,1001286.67,132.4733333,8.512,Inestabilidad Laboral,Inflación Baja
"2010-06-25",26,A,976242.09,132.4976,8.512,Inestabilidad Laboral,Inflación Baja
"2010-07-02",26,A,1078455.48,132.5218667,8.445,Estrés Moderado,Inflación Baja
"2010-07-09",26,A,1122356.53,132.5461333,8.445,Estrés Moderado,Inflación Baja
"2010-07-16",26,A,1028151.72,132.5667742,8.445,Estrés Moderado,Inflación Baja
"2010-07-23",26,A,971615.62,132.5825806,8.445,Estrés Moderado,Inflación Baja
"2010-07-30",26,A,1005324.28,132.5983871,8.445,Estrés Moderado,Inflación Baja
"2010-08-06",26,A,1125329.77,132.6141935,8.445,Estrés Moderado,Inflación Baja
"2010-08-13",26,A,1011938.29,132.63,8.445,Estrés Moderado,Inflación Baja
"2010-08-20",26,A,1007385.36,132.6616129,8.445,Estrés Moderado,Inflación Baja
"2010-08-27",26,A,977322.52,132.6932258,8.445,Estrés Moderado,Inflación Baja
"2010-09-03",26,A,1037549.71,132.7248387,8.445,Estrés Moderado,Inflación Baja
"2010-09-10",26,A,1042226.2999999999,132.7564516,8.445,Estrés Moderado,Inflación Baja
"2010-09-17",26,A,923473.7,132.7670667,8.445,Estrés Moderado,Inflación Baja
"2010-09-24",26,A,868636.3,132.7619333,8.445,Estrés Moderado,Inflación Baja
"2010-10-01",26,A,923221.52,132.7568,8.149,Estrés Moderado,Inflación Baja
"2010-10-08",26,A,1001069.52,132.7516667,8.149,Estrés Moderado,Inflación Baja
"2010-10-15",26,A,937956.89,132.7633548,8.149,Estrés Moderado,Inflación Baja
"2010-10-22",26,A,916522.66,132.8170968,8.149,Estrés Moderado,Inflación Baja
"2010-10-29",26,A,895069.88,132.8708387,8.149,Estrés Moderado,Inflación Baja
"2010-11-05",26,A,970224.51,132.9245806,8.149,Estrés Moderado,Inflación Baja
"2010-11-12",26,A,971193.01,132.9783226,8.149,Estrés Moderado,Inflación Baja
"2010-11-19",26,A,901972.7000000001,132.9172,8.149,Estrés Moderado,Inflación Baja
"2010-11-26",26,A,1286833.6199999999,132.8369333,8.149,Estrés Moderado,Inflación Baja
"2010-12-03",26,A,1016143.64,132.7566667,8.149,Estrés Moderado,Inflación Baja
"2010-12-10",26,A,1149612.04,132.6764,8.149,Estrés Moderado,Inflación Baja
"2010-12-17",26,A,1196813.33,132.6804516,8.149,Estrés Moderado,Inflación Baja
"2010-12-24",26,A,1573982.47,132.7477419,8.149,Estrés Moderado,Inflación Baja
"2010-12-31",26,A,877268.29,132.8150323,8.149,Estrés Moderado,Inflación Baja
"2011-01-07",26,A,938149.21,132.8823226,7.907,Estrés Moderado,Inflación Baja
"2011-01-14",26,A,812323.29,132.9510645,7.907,Estrés Moderado,Inflación Baja
"2011-01-21",26,A,809833.21,133.0285161,7.907,Estrés Moderado,Inflación Baja
"2011-01-28",26,A,817485.14,133.1059677,7.907,Estrés Moderado,Inflación Baja
"2011-02-04",26,A,911807.02,133.1834194,7.907,Estrés Moderado,Inflación Baja
"2011-02-11",26,A,1010711.08,133.260871,7.907,Estrés Moderado,Inflación Baja
"2011-02-18",26,A,981978.02,133.3701429,7.907,Estrés Moderado,Inflación Baja
"2011-02-25",26,A,910298.44,133.4921429,7.907,Estrés Moderado,Inflación Baja
"2011-03-04",26,A,945643.17,133.6141429,7.907,Estrés Moderado,Inflación Baja
"2011-03-11",26,A,946614.55,133.7361429,7.907,Estrés Moderado,Inflación Baja
"2011-03-18",26,A,887426.12,133.8492258,7.907,Estrés Moderado,Inflación Baja
"2011-03-25",26,A,866566.54,133.9587419,7.907,Estrés Moderado,Inflación Baja
"2011-04-01",26,A,849231.61,134.0682581,7.818,Estrés Moderado,Inflación Baja
"2011-04-08",26,A,985229.8099999999,134.1777742,7.818,Estrés Moderado,Inflación Baja
"2011-04-15",26,A,863266.12,134.2784667,7.818,Estrés Moderado,Inflación Baja
"2011-04-22",26,A,921700.61,134.3571,7.818,Estrés Moderado,Inflación Baja
"2011-04-29",26,A,873450.29,134.4357333,7.818,Estrés Moderado,Inflación Baja
"2011-05-06",26,A,1024778.23,134.5143667,7.818,Estrés Moderado,Inflación Baja
"2011-05-13",26,A,941008.85,134.593,7.818,Estrés Moderado,Inflación Baja
"2011-05-20",26,A,938334.62,134.6803871,7.818,Estrés Moderado,Inflación Baja
"2011-05-27",26,A,996723.58,134.7677742,7.818,Estrés Moderado,Inflación Baja
"2011-06-03",26,A,1054454.4,134.8551613,7.818,Estrés Moderado,Inflación Baja
"2011-06-10",26,A,1094058.68,134.9425484,7.818,Estrés Moderado,Inflación Baja
"2011-06-17",26,A,981646.46,135.0837333,7.818,Estrés Moderado,Inflación Baja
"2011-06-24",26,A,997474.93,135.2652667,7.818,Estrés Moderado,Inflación Baja
"2011-07-01",26,A,1070119.09,135.4468,7.767,Estrés Moderado,Inflación Baja
"2011-07-08",26,A,1133807.03,135.6283333,7.767,Estrés Moderado,Inflación Baja
"2011-07-15",26,A,1021534.7,135.7837419,7.767,Estrés Moderado,Inflación Baja
"2011-07-22",26,A,1017867.8,135.8738387,7.767,Estrés Moderado,Inflación Baja
"2011-07-29",26,A,1005360.5,135.9639355,7.767,Estrés Moderado,Inflación Baja
"2011-08-05",26,A,1107552.43,136.0540323,7.767,Estrés Moderado,Inflación Baja
"2011-08-12",26,A,1087644.5,136.144129,7.767,Estrés Moderado,Inflación Baja
"2011-08-19",26,A,1021766.75,136.183129,7.767,Estrés Moderado,Inflación Baja
"2011-08-26",26,A,1064617.6199999999,136.2136129,7.767,Estrés Moderado,Inflación Baja
"2011-09-02",26,A,1040143.14,136.2440968,7.767,Estrés Moderado,Inflación Baja
"2011-09-09",26,A,1069710.97,136.2745806,7.767,Estrés Moderado,Inflación Baja
"2011-09-16",26,A,951569.84,136.3145,7.767,Estrés Moderado,Inflación Baja
"2011-09-23",26,A,923644.6,136.367,7.767,Estrés Moderado,Inflación Baja
"2011-09-30",26,A,959339.51,136.4195,7.767,Estrés Moderado,Inflación Baja
"2011-10-07",26,A,1130022.99,136.472,7.598,Estrés Moderado,Inflación Baja
"2011-10-14",26,A,987886.08,136.5150968,7.598,Estrés Moderado,Inflación Baja
"2011-10-21",26,A,974907.28,136.5017742,7.598,Estrés Moderado,Inflación Baja
"2011-10-28",26,A,972256.98,136.4884516,7.598,Estrés Moderado,Inflación Baja
"2011-11-04",26,A,988950.75,136.475129,7.598,Estrés Moderado,Inflación Baja
"2011-11-11",26,A,1077640.13,136.4618065,7.598,Estrés Moderado,Inflación Baja
"2011-11-18",26,A,946091.79,136.4666667,7.598,Estrés Moderado,Inflación Baja
"2011-11-25",26,A,1282320.05,136.4788,7.598,Estrés Moderado,Inflación Baja
"2011-12-02",26,A,1012498.49,136.4909333,7.598,Estrés Moderado,Inflación Baja
"2011-12-09",26,A,1148987.46,136.5030667,7.598,Estrés Moderado,Inflación Baja
"2011-12-16",26,A,1204807.83,136.5335161,7.598,Estrés Moderado,Inflación Baja
"2011-12-23",26,A,1515175.01,136.5883871,7.598,Estrés Moderado,Inflación Baja
"2011-12-30",26,A,972834.42,136.6432581,7.598,Estrés Moderado,Inflación Baja
"2012-01-06",26,A,971557.62,136.698129,7.467,Estrés Moderado,Inflación Baja
"2012-01-13",26,A,836305.65,136.753,7.467,Estrés Moderado,Inflación Baja
"2012-01-20",26,A,838751.5,136.8564194,7.467,Estrés Moderado,Inflación Baja
"2012-01-27",26,A,820059.89,136.9598387,7.467,Estrés Moderado,Inflación Baja
"2012-02-03",26,A,939158.25,137.0632581,7.467,Estrés Moderado,Inflación Baja
"2012-02-10",26,A,1081005.6400000001,137.1666774,7.467,Estrés Moderado,Inflación Baja
"2012-02-17",26,A,965788.76,137.2583103,7.467,Estrés Moderado,Inflación Baja
"2012-02-24",26,A,917924.47,137.3411034,7.467,Estrés Moderado,Inflación Baja
"2012-03-02",26,A,955641.74,137.4238966,7.467,Estrés Moderado,Inflación Baja
"2012-03-09",26,A,1028569.01,137.5066897,7.467,Estrés Moderado,Inflación Baja
"2012-03-16",26,A,919503.4,137.5843871,7.467,Estrés Moderado,Inflación Baja
"2012-03-23",26,A,874790.6799999999,137.6552903,7.467,Estrés Moderado,Inflación Baja
"2012-03-30",26,A,922018.43,137.7261935,7.467,Estrés Moderado,Inflación Baja
"2012-04-06",26,A,1116829.23,137.7970968,7.489,Estrés Moderado,Inflación Baja
"2012-04-13",26,A,889670.29,137.868,7.489,Estrés Moderado,Inflación Baja
"2012-04-20",26,A,923600.02,137.9230667,7.489,Estrés Moderado,Inflación Baja
"2012-04-27",26,A,911969.0,137.9781333,7.489,Estrés Moderado,Inflación Baja
"2012-05-04",26,A,946573.29,138.0332,7.489,Estrés Moderado,Inflación Baja
"2012-05-11",26,A,1062548.73,138.0882667,7.489,Estrés Moderado,Inflación Baja
"2012-05-18",26,A,978082.84,138.1065806,7.489,Estrés Moderado,Inflación Baja
"2012-05-25",26,A,1067310.74,138.1101935,7.489,Estrés Moderado,Inflación Baja
"2012-06-01",26,A,1015853.03,138.1138065,7.489,Estrés Moderado,Inflación Baja
"2012-06-08",26,A,1106176.83,138.1174194,7.489,Estrés Moderado,Inflación Baja
"2012-06-15",26,A,1029248.22,138.1295333,7.489,Estrés Moderado,Inflación Baja
"2012-06-22",26,A,1056282.91,138.1629,7.489,Estrés Moderado,Inflación Baja
"2012-06-29",26,A,1051190.44,138.1962667,7.489,Estrés Moderado,Inflación Baja
"2012-07-06",26,A,1180470.8,138.2296333,7.405,Estrés Moderado,Inflación Baja
"2012-07-13",26,A,1063149.78,138.263,7.405,Estrés Moderado,Inflación Baja
"2012-07-20",26,A,1049625.9,138.2331935,7.405,Estrés Moderado,Inflación Baja
"2012-07-27",26,A,1031745.14,138.2033871,7.405,Estrés Moderado,Inflación Baja
"2012-08-03",26,A,1090915.09,138.1735806,7.405,Estrés Moderado,Inflación Baja
"2012-08-10",26,A,1121476.51,138.1437742,7.405,Estrés Moderado,Inflación Baja
"2012-08-17",26,A,1068292.56,138.1857097,7.405,Estrés Moderado,Inflación Baja
"2012-08-24",26,A,1022704.2,138.2814516,7.405,Estrés Moderado,Inflación Baja
"2012-08-31",26,A,1053495.51,138.3771935,7.405,Estrés Moderado,Inflación Baja
"2012-09-07",26,A,1081874.03,138.4729355,7.405,Estrés Moderado,Inflación Baja
"2012-09-14",26,A,986131.94,138.5673,7.405,Estrés Moderado,Inflación Baja
"2012-09-21",26,A,961084.08,138.6534,7.405,Estrés Moderado,Inflación Baja
"2012-09-28",26,A,964726.37,138.7395,7.405,Estrés Moderado,Inflación Baja
"2012-10-05",26,A,1095504.26,138.8256,7.138,Estrés Moderado,Inflación Baja
"2012-10-12",26,A,1044639.69,138.9117,7.138,Estrés Moderado,Inflación Baja
"2012-10-19",26,A,975578.02,138.8336129,7.138,Estrés Moderado,Inflación Baja
"2012-10-26",26,A,958619.8,138.7281613,7.138,Estrés Moderado,Inflación Baja
"2010-02-05",27,A,1874289.79,135.3524608,8.237,Estrés Moderado,Inflación Baja
"2010-02-12",27,A,1745362.72,135.4113076,8.237,Estrés Moderado,Inflación Baja
"2010-02-19",27,A,1945070.33,135.4657781,8.237,Estrés Moderado,Inflación Baja
"2010-02-26",27,A,1390934.27,135.5195191,8.237,Estrés Moderado,Inflación Baja
"2010-03-05",27,A,1313729.72,135.5732602,8.237,Estrés Moderado,Inflación Baja
"2010-03-12",27,A,1925113.1199999999,135.6270013,8.237,Estrés Moderado,Inflación Baja
"2010-03-19",27,A,1700627.97,135.6682247,8.237,Estrés Moderado,Inflación Baja
"2010-03-26",27,A,1836714.84,135.7073618,8.237,Estrés Moderado,Inflación Baja
"2010-04-02",27,A,2053952.97,135.7464988,8.058,Estrés Moderado,Inflación Baja
"2010-04-09",27,A,1955814.13,135.7856359,8.058,Estrés Moderado,Inflación Baja
"2010-04-16",27,A,1857500.96,135.82725,8.058,Estrés Moderado,Inflación Baja
"2010-04-23",27,A,1850205.47,135.8721667,8.058,Estrés Moderado,Inflación Baja
"2010-04-30",27,A,1805885.04,135.9170833,8.058,Estrés Moderado,Inflación Baja
"2010-05-07",27,A,1939458.84,135.962,8.058,Estrés Moderado,Inflación Baja
"2010-05-14",27,A,1842465.78,136.010394,8.058,Estrés Moderado,Inflación Baja
"2010-05-21",27,A,1836595.58,136.0796521,8.058,Estrés Moderado,Inflación Baja
"2010-05-28",27,A,1962468.67,136.1489101,8.058,Estrés Moderado,Inflación Baja
"2010-06-04",27,A,2073102.59,136.2181682,8.058,Estrés Moderado,Inflación Baja
"2010-06-11",27,A,1873812.93,136.2874263,8.058,Estrés Moderado,Inflación Baja
"2010-06-18",27,A,1887182.27,136.3243393,8.058,Estrés Moderado,Inflación Baja
"2010-06-25",27,A,1962625.01,136.3483143,8.058,Estrés Moderado,Inflación Baja
"2010-07-02",27,A,2024554.1,136.3722893,7.982,Estrés Moderado,Inflación Baja
"2010-07-09",27,A,2119163.0100000002,136.3962643,7.982,Estrés Moderado,Inflación Baja
"2010-07-16",27,A,1880691.64,136.4179827,7.982,Estrés Moderado,Inflación Baja
"2010-07-23",27,A,1808250.71,136.4366924,7.982,Estrés Moderado,Inflación Baja
"2010-07-30",27,A,1816489.53,136.4554021,7.982,Estrés Moderado,Inflación Baja
"2010-08-06",27,A,1908036.68,136.4741118,7.982,Estrés Moderado,Inflación Baja
"2010-08-13",27,A,1864436.12,136.4928214,7.982,Estrés Moderado,Inflación Baja
"2010-08-20",27,A,1936878.46,136.5249182,7.982,Estrés Moderado,Inflación Baja
"2010-08-27",27,A,1870684.21,136.557015,7.982,Estrés Moderado,Inflación Baja
"2010-09-03",27,A,1908110.9,136.5891118,7.982,Estrés Moderado,Inflación Baja
"2010-09-10",27,A,1913494.81,136.6212085,7.982,Estrés Moderado,Inflación Baja
"2010-09-17",27,A,1629978.46,136.6338071,7.982,Estrés Moderado,Inflación Baja
"2010-09-24",27,A,1597002.71,136.6317821,7.982,Estrés Moderado,Inflación Baja
"2010-10-01",27,A,1543532.83,136.6297571,8.021,Estrés Moderado,Inflación Baja
"2010-10-08",27,A,1707662.8699999999,136.6277321,8.021,Estrés Moderado,Inflación Baja
"2010-10-15",27,A,1728388.2,136.6401935,8.021,Estrés Moderado,Inflación Baja
"2010-10-22",27,A,1693935.29,136.688871,8.021,Estrés Moderado,Inflación Baja
"2010-10-29",27,A,1688955.49,136.7375484,8.021,Estrés Moderado,Inflación Baja
"2010-11-05",27,A,1686010.02,136.7862258,8.021,Estrés Moderado,Inflación Baja
"2010-11-12",27,A,1828010.25,136.8349032,8.021,Estrés Moderado,Inflación Baja
"2010-11-19",27,A,1704785.74,136.7715714,8.021,Estrés Moderado,Inflación Baja
"2010-11-26",27,A,2627910.75,136.6895714,8.021,Estrés Moderado,Inflación Baja
"2010-12-03",27,A,1884343.67,136.6075714,8.021,Estrés Moderado,Inflación Baja
"2010-12-10",27,A,2139733.68,136.5255714,8.021,Estrés Moderado,Inflación Baja
"2010-12-17",27,A,2350098.36,136.5292811,8.021,Estrés Moderado,Inflación Baja
"2010-12-24",27,A,3078162.08,136.597273,8.021,Estrés Moderado,Inflación Baja
"2010-12-31",27,A,1440963.0,136.665265,8.021,Estrés Moderado,Inflación Baja
"2011-01-07",27,A,1568159.48,136.7332569,7.827,Estrés Moderado,Inflación Baja
"2011-01-14",27,A,1532308.6199999999,136.803477,7.827,Estrés Moderado,Inflación Baja
"2011-01-21",27,A,1517029.9,136.8870657,7.827,Estrés Moderado,Inflación Baja
"2011-01-28",27,A,1421111.55,136.9706544,7.827,Estrés Moderado,Inflación Baja
"2011-02-04",27,A,1628100.79,137.0542431,7.827,Estrés Moderado,Inflación Baja
"2011-02-11",27,A,1636224.77,137.1378318,7.827,Estrés Moderado,Inflación Baja
"2011-02-18",27,A,1709365.19,137.2511849,7.827,Estrés Moderado,Inflación Baja
"2011-02-25",27,A,1688935.71,137.3764439,7.827,Estrés Moderado,Inflación Baja
"2011-03-04",27,A,1656130.67,137.5017028,7.827,Estrés Moderado,Inflación Baja
"2011-03-11",27,A,1613259.77,137.6269617,7.827,Estrés Moderado,Inflación Baja
"2011-03-18",27,A,1624539.21,137.7398929,7.827,Estrés Moderado,Inflación Baja
"2011-03-25",27,A,1554651.08,137.8478929,7.827,Estrés Moderado,Inflación Baja
"2011-04-01",27,A,1628868.28,137.9558929,7.725,Estrés Moderado,Inflación Baja
"2011-04-08",27,A,1689844.18,138.0638929,7.725,Estrés Moderado,Inflación Baja
"2011-04-15",27,A,1727175.61,138.1646952,7.725,Estrés Moderado,Inflación Baja
"2011-04-22",27,A,1921655.48,138.2475036,7.725,Estrés Moderado,Inflación Baja
"2011-04-29",27,A,1642074.64,138.3303119,7.725,Estrés Moderado,Inflación Baja
"2011-05-06",27,A,1757041.96,138.4131202,7.725,Estrés Moderado,Inflación Baja
"2011-05-13",27,A,1763545.32,138.4959286,7.725,Estrés Moderado,Inflación Baja
"2011-05-20",27,A,1725268.56,138.587106,7.725,Estrés Moderado,Inflación Baja
"2011-05-27",27,A,1820723.17,138.6782834,7.725,Estrés Moderado,Inflación Baja
"2011-06-03",27,A,2053708.01,138.7694608,7.725,Estrés Moderado,Inflación Baja
"2011-06-10",27,A,1817914.71,138.8606382,7.725,Estrés Moderado,Inflación Baja
"2011-06-17",27,A,1814740.09,139.0028333,7.725,Estrés Moderado,Inflación Baja
"2011-06-24",27,A,1811455.15,139.1832917,7.725,Estrés Moderado,Inflación Baja
"2011-07-01",27,A,1949983.93,139.36375,7.85,Estrés Moderado,Inflación Baja
"2011-07-08",27,A,2000055.27,139.5442083,7.85,Estrés Moderado,Inflación Baja
"2011-07-15",27,A,1762155.79,139.7006325,7.85,Estrés Moderado,Inflación Baja
"2011-07-22",27,A,1754879.45,139.7969712,7.85,Estrés Moderado,Inflación Baja
"2011-07-29",27,A,1744879.06,139.8933099,7.85,Estrés Moderado,Inflación Baja
"2011-08-05",27,A,1747289.53,139.9896486,7.85,Estrés Moderado,Inflación Baja
"2011-08-12",27,A,1758437.96,140.0859873,7.85,Estrés Moderado,Inflación Baja
"2011-08-19",27,A,1781905.24,140.1289205,7.85,Estrés Moderado,Inflación Baja
"2011-08-26",27,A,2034400.78,140.1629528,7.85,Estrés Moderado,Inflación Baja
"2011-09-02",27,A,1511717.53,140.196985,7.85,Estrés Moderado,Inflación Baja
"2011-09-09",27,A,1911470.84,140.2310173,7.85,Estrés Moderado,Inflación Baja
"2011-09-16",27,A,1613773.9,140.2735,7.85,Estrés Moderado,Inflación Baja
"2011-09-23",27,A,1606208.68,140.32725,7.85,Estrés Moderado,Inflación Baja
"2011-09-30",27,A,1599626.26,140.381,7.85,Estrés Moderado,Inflación Baja
"2011-10-07",27,A,1672339.27,140.43475,7.906,Estrés Moderado,Inflación Baja
"2011-10-14",27,A,1682652.51,140.4784194,7.906,Estrés Moderado,Inflación Baja
"2011-10-21",27,A,1689591.44,140.4616048,7.906,Estrés Moderado,Inflación Baja
"2011-10-28",27,A,1710372.4,140.4447903,7.906,Estrés Moderado,Inflación Baja
"2011-11-04",27,A,1621109.3,140.4279758,7.906,Estrés Moderado,Inflación Baja
"2011-11-11",27,A,1800728.07,140.4111613,7.906,Estrés Moderado,Inflación Baja
"2011-11-18",27,A,1723739.44,140.4127857,7.906,Estrés Moderado,Inflación Baja
"2011-11-25",27,A,2504400.71,140.4217857,7.906,Estrés Moderado,Inflación Baja
"2011-12-02",27,A,1806924.74,140.4307857,7.906,Estrés Moderado,Inflación Baja
"2011-12-09",27,A,2014665.98,140.4397857,7.906,Estrés Moderado,Inflación Baja
"2011-12-16",27,A,2205919.86,140.4700795,7.906,Estrés Moderado,Inflación Baja
"2011-12-23",27,A,2739019.75,140.528765,7.906,Estrés Moderado,Inflación Baja
"2011-12-30",27,A,1650604.6,140.5874505,7.906,Estrés Moderado,Inflación Baja
"2012-01-06",27,A,1535287.4,140.6461359,8.009,Estrés Moderado,Inflación Baja
"2012-01-13",27,A,1492399.13,140.7048214,8.009,Estrés Moderado,Inflación Baja
"2012-01-20",27,A,1542131.05,140.8086118,8.009,Estrés Moderado,Inflación Baja
"2012-01-27",27,A,1263534.86,140.9124021,8.009,Estrés Moderado,Inflación Baja
"2012-02-03",27,A,1564246.02,141.0161924,8.009,Estrés Moderado,Inflación Baja
"2012-02-10",27,A,1651605.35,141.1199827,8.009,Estrés Moderado,Inflación Baja
"2012-02-17",27,A,1606221.56,141.2140357,8.009,Estrés Moderado,Inflación Baja
"2012-02-24",27,A,1648602.39,141.3007857,8.009,Estrés Moderado,Inflación Baja
"2012-03-02",27,A,1509323.09,141.3875357,8.009,Estrés Moderado,Inflación Baja
"2012-03-09",27,A,1607343.41,141.4742857,8.009,Estrés Moderado,Inflación Baja
"2012-03-16",27,A,1635984.07,141.55478,8.009,Estrés Moderado,Inflación Baja
"2012-03-23",27,A,1620839.34,141.6269332,8.009,Estrés Moderado,Inflación Baja
"2012-03-30",27,A,1615494.14,141.6990864,8.009,Estrés Moderado,Inflación Baja
"2012-04-06",27,A,1899013.34,141.7712396,8.253,Estrés Moderado,Inflación Baja
"2012-04-13",27,A,1650405.21,141.8433929,8.253,Estrés Moderado,Inflación Baja
"2012-04-20",27,A,1639999.47,141.9015262,8.253,Estrés Moderado,Inflación Baja
"2012-04-27",27,A,1565498.84,141.9596595,8.253,Estrés Moderado,Inflación Baja
"2012-05-04",27,A,1669388.45,142.0177929,8.253,Estrés Moderado,Inflación Baja
"2012-05-11",27,A,1674306.31,142.0759262,8.253,Estrés Moderado,Inflación Baja
"2012-05-18",27,A,1707158.82,142.0970115,8.253,Estrés Moderado,Inflación Baja
"2012-05-25",27,A,1818906.73,142.1032776,8.253,Estrés Moderado,Inflación Baja
"2012-06-01",27,A,1900638.6,142.1095438,8.253,Estrés Moderado,Inflación Baja
"2012-06-08",27,A,1764756.31,142.1158099,8.253,Estrés Moderado,Inflación Baja
"2012-06-15",27,A,1773500.56,142.1292548,8.253,Estrés Moderado,Inflación Baja
"2012-06-22",27,A,1837884.79,142.1606464,8.253,Estrés Moderado,Inflación Baja
"2012-06-29",27,A,1842555.32,142.1920381,8.253,Estrés Moderado,Inflación Baja
"2012-07-06",27,A,2062224.92,142.2234298,8.239,Estrés Moderado,Inflación Baja
"2012-07-13",27,A,1755889.53,142.2548214,8.239,Estrés Moderado,Inflación Baja
"2012-07-20",27,A,1730913.66,142.2337569,8.239,Estrés Moderado,Inflación Baja
"2012-07-27",27,A,1625883.71,142.2126924,8.239,Estrés Moderado,Inflación Baja
"2012-08-03",27,A,1705810.84,142.1916279,8.239,Estrés Moderado,Inflación Baja
"2012-08-10",27,A,1720537.26,142.1705634,8.239,Estrés Moderado,Inflación Baja
"2012-08-17",27,A,1735339.59,142.2157385,8.239,Estrés Moderado,Inflación Baja
"2012-08-24",27,A,1780443.3599999999,142.3105933,8.239,Estrés Moderado,Inflación Baja
"2012-08-31",27,A,1731935.43,142.4054482,8.239,Estrés Moderado,Inflación Baja
"2012-09-07",27,A,1840955.23,142.500303,8.239,Estrés Moderado,Inflación Baja
"2012-09-14",27,A,1519604.5,142.5938833,8.239,Estrés Moderado,Inflación Baja
"2012-09-21",27,A,1557485.75,142.6798167,8.239,Estrés Moderado,Inflación Baja
"2012-09-28",27,A,1540687.6300000001,142.76575,8.239,Estrés Moderado,Inflación Baja
"2012-10-05",27,A,1591816.88,142.8516833,8.0,Estrés Moderado,Inflación Baja
"2012-10-12",27,A,1660081.29,142.9376167,8.0,Estrés Moderado,Inflación Baja
"2012-10-19",27,A,1620374.24,142.8633629,8.0,Estrés Moderado,Inflación Baja
"2012-10-26",27,A,1703047.74,142.7624113,8.0,Estrés Moderado,Inflación Baja
"2010-02-05",28,A,1672352.29,126.4420645,13.975,Inestabilidad Laboral,Inflación Baja
"2010-02-12",28,A,1558968.49,126.4962581,13.975,Inestabilidad Laboral,Inflación Baja
"2010-02-19",28,A,1491300.42,126.5262857,13.975,Inestabilidad Laboral,Inflación Baja
"2010-02-26",28,A,1542173.33,126.5522857,13.975,Inestabilidad Laboral,Inflación Baja
"2010-03-05",28,A,1608435.45,126.5782857,13.975,Inestabilidad Laboral,Inflación Baja
"2010-03-12",28,A,1326877.1099999999,126.6042857,13.975,Inestabilidad Laboral,Inflación Baja
"2010-03-19",28,A,1279819.43,126.6066452,13.975,Inestabilidad Laboral,Inflación Baja
"2010-03-26",28,A,1245268.77,126.6050645,13.975,Inestabilidad Laboral,Inflación Baja
"2010-04-02",28,A,1441559.4,126.6034839,14.099,Inestabilidad Laboral,Inflación Baja
"2010-04-09",28,A,1382359.21,126.6019032,14.099,Inestabilidad Laboral,Inflación Baja
"2010-04-16",28,A,1268240.66,126.5621,14.099,Inestabilidad Laboral,Inflación Baja
"2010-04-23",28,A,1244177.21,126.4713333,14.099,Inestabilidad Laboral,Inflación Baja
"2010-04-30",28,A,1186971.02,126.3805667,14.099,Inestabilidad Laboral,Inflación Baja
"2010-05-07",28,A,1532893.22,126.2898,14.099,Inestabilidad Laboral,Inflación Baja
"2010-05-14",28,A,1245898.73,126.2085484,14.099,Inestabilidad Laboral,Inflación Baja
"2010-05-21",28,A,1217923.71,126.1843871,14.099,Inestabilidad Laboral,Inflación Baja
"2010-05-28",28,A,1176588.25,126.1602258,14.099,Inestabilidad Laboral,Inflación Baja
"2010-06-04",28,A,1543678.02,126.1360645,14.099,Inestabilidad Laboral,Inflación Baja
"2010-06-11",28,A,1348995.17,126.1119032,14.099,Inestabilidad Laboral,Inflación Baja
"2010-06-18",28,A,1267619.06,126.114,14.099,Inestabilidad Laboral,Inflación Baja
"2010-06-25",28,A,1231025.07,126.1266,14.099,Inestabilidad Laboral,Inflación Baja
"2010-07-02",28,A,1399960.15,126.1392,14.18,Inestabilidad Laboral,Inflación Baja
"2010-07-09",28,A,1340293.87,126.1518,14.18,Inestabilidad Laboral,Inflación Baja
"2010-07-16",28,A,1225336.41,126.1498065,14.18,Inestabilidad Laboral,Inflación Baja
"2010-07-23",28,A,1205884.98,126.1283548,14.18,Inestabilidad Laboral,Inflación Baja
"2010-07-30",28,A,1150204.71,126.1069032,14.18,Inestabilidad Laboral,Inflación Baja
"2010-08-06",28,A,1523101.3800000001,126.0854516,14.18,Inestabilidad Laboral,Inflación Baja
"2010-08-13",28,A,1218688.09,126.064,14.18,Inestabilidad Laboral,Inflación Baja
"2010-08-20",28,A,1195897.6,126.0766452,14.18,Inestabilidad Laboral,Inflación Baja
"2010-08-27",28,A,1191585.92,126.0892903,14.18,Inestabilidad Laboral,Inflación Baja
"2010-09-03",28,A,1523410.71,126.1019355,14.18,Inestabilidad Laboral,Inflación Baja
"2010-09-10",28,A,1246062.17,126.1145806,14.18,Inestabilidad Laboral,Inflación Baja
"2010-09-17",28,A,1159812.35,126.1454667,14.18,Inestabilidad Laboral,Inflación Baja
"2010-09-24",28,A,1111797.21,126.1900333,14.18,Inestabilidad Laboral,Inflación Baja
"2010-10-01",28,A,1203080.41,126.2346,14.313,Inestabilidad Laboral,Inflación Baja
"2010-10-08",28,A,1334571.87,126.2791667,14.313,Inestabilidad Laboral,Inflación Baja
"2010-10-15",28,A,1158062.99,126.3266774,14.313,Inestabilidad Laboral,Inflación Baja
"2010-10-22",28,A,1120619.32,126.3815484,14.313,Inestabilidad Laboral,Inflación Baja
"2010-10-29",28,A,1231688.48,126.4364194,14.313,Inestabilidad Laboral,Inflación Baja
"2010-11-05",28,A,1501663.26,126.4912903,14.313,Inestabilidad Laboral,Inflación Baja
"2010-11-12",28,A,1266460.45,126.5461613,14.313,Inestabilidad Laboral,Inflación Baja
"2010-11-19",28,A,1179315.72,126.6072,14.313,Inestabilidad Laboral,Inflación Baja
"2010-11-26",28,A,1937033.5,126.6692667,14.313,Inestabilidad Laboral,Inflación Baja
"2010-12-03",28,A,1447916.29,126.7313333,14.313,Inestabilidad Laboral,Inflación Baja
"2010-12-10",28,A,1466164.49,126.7934,14.313,Inestabilidad Laboral,Inflación Baja
"2010-12-17",28,A,1510443.6199999999,126.8794839,14.313,Inestabilidad Laboral,Inflación Baja
"2010-12-24",28,A,2026026.39,126.9835806,14.313,Inestabilidad Laboral,Inflación Baja
"2010-12-31",28,A,1090558.57,127.0876774,14.313,Inestabilidad Laboral,Inflación Baja
"2011-01-07",28,A,1402902.47,127.1917742,14.021,Inestabilidad Laboral,Inflación Baja
"2011-01-14",28,A,1098286.61,127.3009355,14.021,Inestabilidad Laboral,Inflación Baja
"2011-01-21",28,A,1079669.11,127.4404839,14.021,Inestabilidad Laboral,Inflación Baja
"2011-01-28",28,A,1127859.69,127.5800323,14.021,Inestabilidad Laboral,Inflación Baja
"2011-02-04",28,A,1564897.32,127.7195806,14.021,Inestabilidad Laboral,Inflación Baja
"2011-02-11",28,A,1397301.38,127.859129,14.021,Inestabilidad Laboral,Inflación Baja
"2011-02-18",28,A,1514828.82,127.99525,14.021,Inestabilidad Laboral,Inflación Baja
"2011-02-25",28,A,1311796.91,128.13,14.021,Inestabilidad Laboral,Inflación Baja
"2011-03-04",28,A,1723736.91,128.26475,14.021,Inestabilidad Laboral,Inflación Baja
"2011-03-11",28,A,1380836.35,128.3995,14.021,Inestabilidad Laboral,Inflación Baja
"2011-03-18",28,A,1286413.71,128.5121935,14.021,Inestabilidad Laboral,Inflación Baja
"2011-03-25",28,A,1201059.72,128.6160645,14.021,Inestabilidad Laboral,Inflación Baja
"2011-04-01",28,A,1336838.41,128.7199355,13.736,Inestabilidad Laboral,Inflación Baja
"2011-04-08",28,A,1414713.5,128.8238065,13.736,Inestabilidad Laboral,Inflación Baja
"2011-04-15",28,A,1240126.07,128.9107333,13.736,Inestabilidad Laboral,Inflación Baja
"2011-04-22",28,A,1297452.0,128.9553,13.736,Inestabilidad Laboral,Inflación Baja
"2011-04-29",28,A,1222367.9,128.9998667,13.736,Inestabilidad Laboral,Inflación Baja
"2011-05-06",28,A,1515890.3800000001,129.0444333,13.736,Inestabilidad Laboral,Inflación Baja
"2011-05-13",28,A,1253316.3,129.089,13.736,Inestabilidad Laboral,Inflación Baja
"2011-05-20",28,A,1151282.31,129.0756774,13.736,Inestabilidad Laboral,Inflación Baja
"2011-05-27",28,A,1160043.98,129.0623548,13.736,Inestabilidad Laboral,Inflación Baja
"2011-06-03",28,A,1403779.25,129.0490323,13.736,Inestabilidad Laboral,Inflación Baja
"2011-06-10",28,A,1339972.83,129.0357097,13.736,Inestabilidad Laboral,Inflación Baja
"2011-06-17",28,A,1268503.49,129.0432,13.736,Inestabilidad Laboral,Inflación Baja
"2011-06-24",28,A,1208809.34,129.0663,13.736,Inestabilidad Laboral,Inflación Baja
"2011-07-01",28,A,1319054.57,129.0894,13.503,Inestabilidad Laboral,Inflación Baja
"2011-07-08",28,A,1459655.85,129.1125,13.503,Inestabilidad Laboral,Inflación Baja
"2011-07-15",28,A,1197373.13,129.1338387,13.503,Inestabilidad Laboral,Inflación Baja
"2011-07-22",28,A,1165870.54,129.1507742,13.503,Inestabilidad Laboral,Inflación Baja
"2011-07-29",28,A,1114530.29,129.1677097,13.503,Inestabilidad Laboral,Inflación Baja
"2011-08-05",28,A,1523870.89,129.1846452,13.503,Inestabilidad Laboral,Inflación Baja
"2011-08-12",28,A,1218764.94,129.2015806,13.503,Inestabilidad Laboral,Inflación Baja
"2011-08-19",28,A,1200019.74,129.2405806,13.503,Inestabilidad Laboral,Inflación Baja
"2011-08-26",28,A,1166479.51,129.2832581,13.503,Inestabilidad Laboral,Inflación Baja
"2011-09-02",28,A,1468871.49,129.3259355,13.503,Inestabilidad Laboral,Inflación Baja
"2011-09-09",28,A,1310087.0,129.3686129,13.503,Inestabilidad Laboral,Inflación Baja
"2011-09-16",28,A,1159212.1,129.4306,13.503,Inestabilidad Laboral,Inflación Baja
"2011-09-23",28,A,1109105.92,129.5183333,13.503,Inestabilidad Laboral,Inflación Baja
"2011-09-30",28,A,1120731.76,129.6060667,13.503,Inestabilidad Laboral,Inflación Baja
"2011-10-07",28,A,1557314.58,129.6938,12.89,Inestabilidad Laboral,Inflación Baja
"2011-10-14",28,A,1220984.94,129.7706452,12.89,Inestabilidad Laboral,Inflación Baja
"2011-10-21",28,A,1203172.05,129.7821613,12.89,Inestabilidad Laboral,Inflación Baja
"2011-10-28",28,A,1242746.06,129.7936774,12.89,Inestabilidad Laboral,Inflación Baja
"2011-11-04",28,A,1576654.6700000002,129.8051935,12.89,Inestabilidad Laboral,Inflación Baja
"2011-11-11",28,A,1402654.95,129.8167097,12.89,Inestabilidad Laboral,Inflación Baja
"2011-11-18",28,A,1255081.22,129.8268333,12.89,Inestabilidad Laboral,Inflación Baja
"2011-11-25",28,A,1929738.27,129.8364,12.89,Inestabilidad Laboral,Inflación Baja
"2011-12-02",28,A,1368130.35,129.8459667,12.89,Inestabilidad Laboral,Inflación Baja
"2011-12-09",28,A,1467024.3,129.8555333,12.89,Inestabilidad Laboral,Inflación Baja
"2011-12-16",28,A,1429954.66,129.8980645,12.89,Inestabilidad Laboral,Inflación Baja
"2011-12-23",28,A,1796203.51,129.9845484,12.89,Inestabilidad Laboral,Inflación Baja
"2011-12-30",28,A,1270036.53,130.0710323,12.89,Inestabilidad Laboral,Inflación Baja
"2012-01-06",28,A,1466046.07,130.1575161,12.187,Inestabilidad Laboral,Inflación Baja
"2012-01-13",28,A,1161190.29,130.244,12.187,Inestabilidad Laboral,Inflación Baja
"2012-01-20",28,A,1129540.48,130.2792258,12.187,Inestabilidad Laboral,Inflación Baja
"2012-01-27",28,A,1132948.48,130.3144516,12.187,Inestabilidad Laboral,Inflación Baja
"2012-02-03",28,A,1531599.44,130.3496774,12.187,Inestabilidad Laboral,Inflación Baja
"2012-02-10",28,A,1572966.15,130.3849032,12.187,Inestabilidad Laboral,Inflación Baja
"2012-02-17",28,A,1501503.68,130.4546207,12.187,Inestabilidad Laboral,Inflación Baja
"2012-02-24",28,A,1323487.91,130.5502069,12.187,Inestabilidad Laboral,Inflación Baja
"2012-03-02",28,A,1451740.57,130.6457931,12.187,Inestabilidad Laboral,Inflación Baja
"2012-03-09",28,A,1680764.06,130.7413793,12.187,Inestabilidad Laboral,Inflación Baja
"2012-03-16",28,A,1337875.49,130.8261935,12.187,Inestabilidad Laboral,Inflación Baja
"2012-03-23",28,A,1216059.41,130.8966452,12.187,Inestabilidad Laboral,Inflación Baja
"2012-03-30",28,A,1209524.11,130.9670968,12.187,Inestabilidad Laboral,Inflación Baja
"2012-04-06",28,A,1559592.79,131.0375484,11.627,Inestabilidad Laboral,Inflación Baja
"2012-04-13",28,A,1290684.95,131.108,11.627,Inestabilidad Laboral,Inflación Baja
"2012-04-20",28,A,1180797.2,131.1173333,11.627,Inestabilidad Laboral,Inflación Baja
"2012-04-27",28,A,1170456.16,131.1266667,11.627,Inestabilidad Laboral,Inflación Baja
"2012-05-04",28,A,1450628.85,131.136,11.627,Inestabilidad Laboral,Inflación Baja
"2012-05-11",28,A,1264575.18,131.1453333,11.627,Inestabilidad Laboral,Inflación Baja
"2012-05-18",28,A,1213310.45,131.0983226,11.627,Inestabilidad Laboral,Inflación Baja
"2012-05-25",28,A,1151214.41,131.0287742,11.627,Inestabilidad Laboral,Inflación Baja
"2012-06-01",28,A,1245480.95,130.9592258,11.627,Inestabilidad Laboral,Inflación Baja
"2012-06-08",28,A,1440687.69,130.8896774,11.627,Inestabilidad Laboral,Inflación Baja
"2012-06-15",28,A,1229760.97,130.8295333,11.627,Inestabilidad Laboral,Inflación Baja
"2012-06-22",28,A,1180671.55,130.7929,11.627,Inestabilidad Laboral,Inflación Baja
"2012-06-29",28,A,1129031.98,130.7562667,11.627,Inestabilidad Laboral,Inflación Baja
"2012-07-06",28,A,1500863.54,130.7196333,10.926,Inestabilidad Laboral,Inflación Baja
"2012-07-13",28,A,1179915.04,130.683,10.926,Inestabilidad Laboral,Inflación Baja
"2012-07-20",28,A,1149427.48,130.7012903,10.926,Inestabilidad Laboral,Inflación Baja
"2012-07-27",28,A,1135035.09,130.7195806,10.926,Inestabilidad Laboral,Inflación Baja
"2012-08-03",28,A,1376520.0999999999,130.737871,10.926,Inestabilidad Laboral,Inflación Baja
"2012-08-10",28,A,1269113.41,130.7561613,10.926,Inestabilidad Laboral,Inflación Baja
"2012-08-17",28,A,1184198.41,130.7909677,10.926,Inestabilidad Laboral,Inflación Baja
"2012-08-24",28,A,1199309.59,130.8381613,10.926,Inestabilidad Laboral,Inflación Baja
"2012-08-31",28,A,1227118.75,130.8853548,10.926,Inestabilidad Laboral,Inflación Baja
"2012-09-07",28,A,1469693.99,130.9325484,10.926,Inestabilidad Laboral,Inflación Baja
"2012-09-14",28,A,1124660.77,130.9776667,10.926,Inestabilidad Laboral,Inflación Baja
"2012-09-21",28,A,1135340.19,131.0103333,10.926,Inestabilidad Laboral,Inflación Baja
"2012-09-28",28,A,1129508.61,131.043,10.926,Inestabilidad Laboral,Inflación Baja
"2012-10-05",28,A,1462941.03,131.0756667,10.199,Inestabilidad Laboral,Inflación Baja
"2012-10-12",28,A,1205536.71,131.1083333,10.199,Inestabilidad Laboral,Inflación Baja
"2012-10-19",28,A,1143724.48,131.1499677,10.199,Inestabilidad Laboral,Inflación Baja
"2012-10-26",28,A,1213860.61,131.1930968,10.199,Inestabilidad Laboral,Inflación Baja
"2010-02-05",29,B,538634.46,131.5279032,10.064,Inestabilidad Laboral,Inflación Baja
"2010-02-12",29,B,529672.95,131.5866129,10.064,Inestabilidad Laboral,Inflación Baja
"2010-02-19",29,B,542399.07,131.637,10.064,Inestabilidad Laboral,Inflación Baja
"2010-02-26",29,B,488417.61,131.686,10.064,Inestabilidad Laboral,Inflación Baja
"2010-03-05",29,B,535087.91,131.735,10.064,Inestabilidad Laboral,Inflación Baja
"2010-03-12",29,B,519042.49,131.784,10.064,Inestabilidad Laboral,Inflación Baja
"2010-03-19",29,B,496851.6,131.8242903,10.064,Inestabilidad Laboral,Inflación Baja
"2010-03-26",29,B,552985.34,131.863129,10.064,Inestabilidad Laboral,Inflación Baja
"2010-04-02",29,B,599629.25,131.9019677,10.16,Inestabilidad Laboral,Inflación Baja
"2010-04-09",29,B,569937.23,131.9408065,10.16,Inestabilidad Laboral,Inflación Baja
"2010-04-16",29,B,509100.84,131.9809,10.16,Inestabilidad Laboral,Inflación Baja
"2010-04-23",29,B,505329.66,132.0226667,10.16,Inestabilidad Laboral,Inflación Baja
"2010-04-30",29,B,501013.47000000003,132.0644333,10.16,Inestabilidad Laboral,Inflación Baja
"2010-05-07",29,B,568497.35,132.1062,10.16,Inestabilidad Laboral,Inflación Baja
"2010-05-14",29,B,518940.88,132.152129,10.16,Inestabilidad Laboral,Inflación Baja
"2010-05-21",29,B,502021.82,132.2230323,10.16,Inestabilidad Laboral,Inflación Baja
"2010-05-28",29,B,577627.66,132.2939355,10.16,Inestabilidad Laboral,Inflación Baja
"2010-06-04",29,B,588017.66,132.3648387,10.16,Inestabilidad Laboral,Inflación Baja
"2010-06-11",29,B,540716.58,132.4357419,10.16,Inestabilidad Laboral,Inflación Baja
"2010-06-18",29,B,558731.74,132.4733333,10.16,Inestabilidad Laboral,Inflación Baja
"2010-06-25",29,B,585548.79,132.4976,10.16,Inestabilidad Laboral,Inflación Baja
"2010-07-02",29,B,581473.55,132.5218667,10.409,Inestabilidad Laboral,Inflación Baja
"2010-07-09",29,B,563449.43,132.5461333,10.409,Inestabilidad Laboral,Inflación Baja
"2010-07-16",29,B,512292.01,132.5667742,10.409,Inestabilidad Laboral,Inflación Baja
"2010-07-23",29,B,506502.09,132.5825806,10.409,Inestabilidad Laboral,Inflación Baja
"2010-07-30",29,B,509872.77,132.5983871,10.409,Inestabilidad Laboral,Inflación Baja
"2010-08-06",29,B,519787.93,132.6141935,10.409,Inestabilidad Laboral,Inflación Baja
"2010-08-13",29,B,495269.0,132.63,10.409,Inestabilidad Laboral,Inflación Baja
"2010-08-20",29,B,531640.1900000001,132.6616129,10.409,Inestabilidad Laboral,Inflación Baja
"2010-08-27",29,B,545766.13,132.6932258,10.409,Inestabilidad Laboral,Inflación Baja
"2010-09-03",29,B,579272.38,132.7248387,10.409,Inestabilidad Laboral,Inflación Baja
"2010-09-10",29,B,491290.37,132.7564516,10.409,Inestabilidad Laboral,Inflación Baja
"2010-09-17",29,B,463752.89,132.7670667,10.409,Inestabilidad Laboral,Inflación Baja
"2010-09-24",29,B,465338.41,132.7619333,10.409,Inestabilidad Laboral,Inflación Baja
"2010-10-01",29,B,474698.01,132.7568,10.524,Inestabilidad Laboral,Inflación Baja
"2010-10-08",29,B,530059.06,132.7516667,10.524,Inestabilidad Laboral,Inflación Baja
"2010-10-15",29,B,483011.69,132.7633548,10.524,Inestabilidad Laboral,Inflación Baja
"2010-10-22",29,B,505221.17,132.8170968,10.524,Inestabilidad Laboral,Inflación Baja
"2010-10-29",29,B,527058.59,132.8708387,10.524,Inestabilidad Laboral,Inflación Baja
"2010-11-05",29,B,521002.97,132.9245806,10.524,Inestabilidad Laboral,Inflación Baja
"2010-11-12",29,B,524450.7,132.9783226,10.524,Inestabilidad Laboral,Inflación Baja
"2010-11-19",29,B,508174.55,132.9172,10.524,Inestabilidad Laboral,Inflación Baja
"2010-11-26",29,B,975268.91,132.8369333,10.524,Inestabilidad Laboral,Inflación Baja
"2010-12-03",29,B,642678.53,132.7566667,10.524,Inestabilidad Laboral,Inflación Baja
"2010-12-10",29,B,713834.74,132.6764,10.524,Inestabilidad Laboral,Inflación Baja
"2010-12-17",29,B,850538.25,132.6804516,10.524,Inestabilidad Laboral,Inflación Baja
"2010-12-24",29,B,1130926.79,132.7477419,10.524,Inestabilidad Laboral,Inflación Baja
"2010-12-31",29,B,465992.01999999996,132.8150323,10.524,Inestabilidad Laboral,Inflación Baja
"2011-01-07",29,B,455952.18,132.8823226,10.256,Inestabilidad Laboral,Inflación Baja
"2011-01-14",29,B,426905.26,132.9510645,10.256,Inestabilidad Laboral,Inflación Baja
"2011-01-21",29,B,445134.15,133.0285161,10.256,Inestabilidad Laboral,Inflación Baja
"2011-01-28",29,B,410426.97,133.1059677,10.256,Inestabilidad Laboral,Inflación Baja
"2011-02-04",29,B,504126.89,133.1834194,10.256,Inestabilidad Laboral,Inflación Baja
"2011-02-11",29,B,550387.78,133.260871,10.256,Inestabilidad Laboral,Inflación Baja
"2011-02-18",29,B,542529.21,133.3701429,10.256,Inestabilidad Laboral,Inflación Baja
"2011-02-25",29,B,483660.15,133.4921429,10.256,Inestabilidad Laboral,Inflación Baja
"2011-03-04",29,B,536031.67,133.6141429,10.256,Inestabilidad Laboral,Inflación Baja
"2011-03-11",29,B,493430.45,133.7361429,10.256,Inestabilidad Laboral,Inflación Baja
"2011-03-18",29,B,493653.43,133.8492258,10.256,Inestabilidad Laboral,Inflación Baja
"2011-03-25",29,B,478773.05,133.9587419,10.256,Inestabilidad Laboral,Inflación Baja
"2011-04-01",29,B,475615.26,134.0682581,9.966,Inestabilidad Laboral,Inflación Baja
"2011-04-08",29,B,505304.33,134.1777742,9.966,Inestabilidad Laboral,Inflación Baja
"2011-04-15",29,B,518245.97,134.2784667,9.966,Inestabilidad Laboral,Inflación Baja
"2011-04-22",29,B,589252.69,134.3571,9.966,Inestabilidad Laboral,Inflación Baja
"2011-04-29",29,B,493078.64,134.4357333,9.966,Inestabilidad Laboral,Inflación Baja
"2011-05-06",29,B,534372.53,134.5143667,9.966,Inestabilidad Laboral,Inflación Baja
"2011-05-13",29,B,549551.02,134.593,9.966,Inestabilidad Laboral,Inflación Baja
"2011-05-20",29,B,492932.51,134.6803871,9.966,Inestabilidad Laboral,Inflación Baja
"2011-05-27",29,B,550735.64,134.7677742,9.966,Inestabilidad Laboral,Inflación Baja
"2011-06-03",29,B,598251.5700000001,134.8551613,9.966,Inestabilidad Laboral,Inflación Baja
"2011-06-10",29,B,558431.4400000001,134.9425484,9.966,Inestabilidad Laboral,Inflación Baja
"2011-06-17",29,B,536914.17,135.0837333,9.966,Inestabilidad Laboral,Inflación Baja
"2011-06-24",29,B,545368.17,135.2652667,9.966,Inestabilidad Laboral,Inflación Baja
"2011-07-01",29,B,567114.6,135.4468,9.863,Inestabilidad Laboral,Inflación Baja
"2011-07-08",29,B,547586.07,135.6283333,9.863,Inestabilidad Laboral,Inflación Baja
"2011-07-15",29,B,505246.15,135.7837419,9.863,Inestabilidad Laboral,Inflación Baja
"2011-07-22",29,B,507335.75,135.8738387,9.863,Inestabilidad Laboral,Inflación Baja
"2011-07-29",29,B,474653.06,135.9639355,9.863,Inestabilidad Laboral,Inflación Baja
"2011-08-05",29,B,503486.37,136.0540323,9.863,Inestabilidad Laboral,Inflación Baja
"2011-08-12",29,B,471311.5,136.144129,9.863,Inestabilidad Laboral,Inflación Baja
"2011-08-19",29,B,498056.0,136.183129,9.863,Inestabilidad Laboral,Inflación Baja
"2011-08-26",29,B,608294.98,136.2136129,9.863,Inestabilidad Laboral,Inflación Baja
"2011-09-02",29,B,497085.91,136.2440968,9.863,Inestabilidad Laboral,Inflación Baja
"2011-09-09",29,B,505406.72000000003,136.2745806,9.863,Inestabilidad Laboral,Inflación Baja
"2011-09-16",29,B,474129.35,136.3145,9.863,Inestabilidad Laboral,Inflación Baja
"2011-09-23",29,B,475696.37,136.367,9.863,Inestabilidad Laboral,Inflación Baja
"2011-09-30",29,B,446516.26,136.4195,9.863,Inestabilidad Laboral,Inflación Baja
"2011-10-07",29,B,514993.0,136.472,9.357,Inestabilidad Laboral,Inflación Baja
"2011-10-14",29,B,475776.45,136.5150968,9.357,Inestabilidad Laboral,Inflación Baja
"2011-10-21",29,B,505068.22000000003,136.5017742,9.357,Inestabilidad Laboral,Inflación Baja
"2011-10-28",29,B,515119.64,136.4884516,9.357,Inestabilidad Laboral,Inflación Baja
"2011-11-04",29,B,620735.72,136.475129,9.357,Inestabilidad Laboral,Inflación Baja
"2011-11-11",29,B,531600.62,136.4618065,9.357,Inestabilidad Laboral,Inflación Baja
"2011-11-18",29,B,504601.29,136.4666667,9.357,Inestabilidad Laboral,Inflación Baja
"2011-11-25",29,B,913165.19,136.4788,9.357,Inestabilidad Laboral,Inflación Baja
"2011-12-02",29,B,579874.22,136.4909333,9.357,Inestabilidad Laboral,Inflación Baja
"2011-12-09",29,B,633240.53,136.5030667,9.357,Inestabilidad Laboral,Inflación Baja
"2011-12-16",29,B,736805.66,136.5335161,9.357,Inestabilidad Laboral,Inflación Baja
"2011-12-23",29,B,1016637.39,136.5883871,9.357,Inestabilidad Laboral,Inflación Baja
"2011-12-30",29,B,551743.05,136.6432581,9.357,Inestabilidad Laboral,Inflación Baja
"2012-01-06",29,B,469773.85,136.698129,8.988,Inestabilidad Laboral,Inflación Baja
"2012-01-13",29,B,444756.37,136.753,8.988,Inestabilidad Laboral,Inflación Baja
"2012-01-20",29,B,446863.31,136.8564194,8.988,Inestabilidad Laboral,Inflación Baja
"2012-01-27",29,B,395987.24,136.9598387,8.988,Inestabilidad Laboral,Inflación Baja
"2012-02-03",29,B,493159.35,137.0632581,8.988,Inestabilidad Laboral,Inflación Baja
"2012-02-10",29,B,545840.05,137.1666774,8.988,Inestabilidad Laboral,Inflación Baja
"2012-02-17",29,B,559606.91,137.2583103,8.988,Inestabilidad Laboral,Inflación Baja
"2012-02-24",29,B,488782.63,137.3411034,8.988,Inestabilidad Laboral,Inflación Baja
"2012-03-02",29,B,500801.72,137.4238966,8.988,Inestabilidad Laboral,Inflación Baja
"2012-03-09",29,B,504750.35,137.5066897,8.988,Inestabilidad Laboral,Inflación Baja
"2012-03-16",29,B,489293.72,137.5843871,8.988,Inestabilidad Laboral,Inflación Baja
"2012-03-23",29,B,517408.48,137.6552903,8.988,Inestabilidad Laboral,Inflación Baja
"2012-03-30",29,B,504566.27999999997,137.7261935,8.988,Inestabilidad Laboral,Inflación Baja
"2012-04-06",29,B,633826.55,137.7970968,9.14,Inestabilidad Laboral,Inflación Baja
"2012-04-13",29,B,520493.83,137.868,9.14,Inestabilidad Laboral,Inflación Baja
"2012-04-20",29,B,525200.59,137.9230667,9.14,Inestabilidad Laboral,Inflación Baja
"2012-04-27",29,B,497250.22000000003,137.9781333,9.14,Inestabilidad Laboral,Inflación Baja
"2012-05-04",29,B,504963.84,138.0332,9.14,Inestabilidad Laboral,Inflación Baja
"2012-05-11",29,B,529707.87,138.0882667,9.14,Inestabilidad Laboral,Inflación Baja
"2012-05-18",29,B,543706.04,138.1065806,9.14,Inestabilidad Laboral,Inflación Baja
"2012-05-25",29,B,549665.67,138.1101935,9.14,Inestabilidad Laboral,Inflación Baja
"2012-06-01",29,B,576252.35,138.1138065,9.14,Inestabilidad Laboral,Inflación Baja
"2012-06-08",29,B,554093.15,138.1174194,9.14,Inestabilidad Laboral,Inflación Baja
"2012-06-15",29,B,552338.76,138.1295333,9.14,Inestabilidad Laboral,Inflación Baja
"2012-06-22",29,B,581854.5,138.1629,9.14,Inestabilidad Laboral,Inflación Baja
"2012-06-29",29,B,555954.13,138.1962667,9.14,Inestabilidad Laboral,Inflación Baja
"2012-07-06",29,B,578832.41,138.2296333,9.419,Inestabilidad Laboral,Inflación Baja
"2012-07-13",29,B,514709.76,138.263,9.419,Inestabilidad Laboral,Inflación Baja
"2012-07-20",29,B,506705.36,138.2331935,9.419,Inestabilidad Laboral,Inflación Baja
"2012-07-27",29,B,475158.24,138.2033871,9.419,Inestabilidad Laboral,Inflación Baja
"2012-08-03",29,B,504754.74,138.1735806,9.419,Inestabilidad Laboral,Inflación Baja
"2012-08-10",29,B,518628.42,138.1437742,9.419,Inestabilidad Laboral,Inflación Baja
"2012-08-17",29,B,416881.66,138.1857097,9.419,Inestabilidad Laboral,Inflación Baja
"2012-08-24",29,B,615026.15,138.2814516,9.419,Inestabilidad Laboral,Inflación Baja
"2012-08-31",29,B,545844.91,138.3771935,9.419,Inestabilidad Laboral,Inflación Baja
"2012-09-07",29,B,540811.85,138.4729355,9.419,Inestabilidad Laboral,Inflación Baja
"2012-09-14",29,B,475127.18,138.5673,9.419,Inestabilidad Laboral,Inflación Baja
"2012-09-21",29,B,489079.23,138.6534,9.419,Inestabilidad Laboral,Inflación Baja
"2012-09-28",29,B,489674.23,138.7395,9.419,Inestabilidad Laboral,Inflación Baja
"2012-10-05",29,B,520632.8,138.8256,9.151,Inestabilidad Laboral,Inflación Baja
"2012-10-12",29,B,513737.0,138.9117,9.151,Inestabilidad Laboral,Inflación Baja
"2012-10-19",29,B,516909.24,138.8336129,9.151,Inestabilidad Laboral,Inflación Baja
"2012-10-26",29,B,534970.68,138.7281613,9.151,Inestabilidad Laboral,Inflación Baja
"2010-02-05",30,C,465108.52,210.7526053,8.324,Estrés Moderado,Inflación Alta
"2010-02-12",30,C,497374.57,210.8979935,8.324,Estrés Moderado,Inflación Alta
"2010-02-19",30,C,463513.26,210.9451605,8.324,Estrés Moderado,Inflación Alta
"2010-02-26",30,C,472330.71,210.9759573,8.324,Estrés Moderado,Inflación Alta
"2010-03-05",30,C,472591.07,211.0067542,8.324,Estrés Moderado,Inflación Alta
"2010-03-12",30,C,468189.93,211.037551,8.324,Estrés Moderado,Inflación Alta
"2010-03-19",30,C,445736.36,210.8733316,8.324,Estrés Moderado,Inflación Alta
"2010-03-26",30,C,442457.35000000003,210.6766095,8.324,Estrés Moderado,Inflación Alta
"2010-04-02",30,C,457884.06,210.4798874,8.2,Estrés Moderado,Inflación Alta
"2010-04-09",30,C,454800.96,210.2831653,8.2,Estrés Moderado,Inflación Alta
"2010-04-16",30,C,471054.16,210.1495463,8.2,Estrés Moderado,Inflación Alta
"2010-04-23",30,C,462454.39,210.1000648,8.2,Estrés Moderado,Inflación Alta
"2010-04-30",30,C,456140.34,210.0505833,8.2,Estrés Moderado,Inflación Alta
"2010-05-07",30,C,457883.94,210.0011018,8.2,Estrés Moderado,Inflación Alta
"2010-05-14",30,C,461868.09,209.9984585,8.2,Estrés Moderado,Inflación Alta
"2010-05-21",30,C,455751.84,210.2768443,8.2,Estrés Moderado,Inflación Alta
"2010-05-28",30,C,462474.16,210.5552301,8.2,Estrés Moderado,Inflación Alta
"2010-06-04",30,C,458343.7,210.833616,8.2,Estrés Moderado,Inflación Alta
"2010-06-11",30,C,445530.16,211.1120018,8.2,Estrés Moderado,Inflación Alta
"2010-06-18",30,C,447727.51999999996,211.1096543,8.2,Estrés Moderado,Inflación Alta
"2010-06-25",30,C,453210.24,210.9950134,8.2,Estrés Moderado,Inflación Alta
"2010-07-02",30,C,450337.47,210.8803726,8.099,Estrés Moderado,Inflación Alta
"2010-07-09",30,C,436293.4,210.7657317,8.099,Estrés Moderado,Inflación Alta
"2010-07-16",30,C,438068.71,210.7577954,8.099,Estrés Moderado,Inflación Alta
"2010-07-23",30,C,440491.33,210.8921319,8.099,Estrés Moderado,Inflación Alta
"2010-07-30",30,C,437893.76,211.0264684,8.099,Estrés Moderado,Inflación Alta
"2010-08-06",30,C,441407.06,211.1608049,8.099,Estrés Moderado,Inflación Alta
"2010-08-13",30,C,444160.07,211.2951413,8.099,Estrés Moderado,Inflación Alta
"2010-08-20",30,C,447139.8,211.2596586,8.099,Estrés Moderado,Inflación Alta
"2010-08-27",30,C,443810.77999999997,211.2241759,8.099,Estrés Moderado,Inflación Alta
"2010-09-03",30,C,461548.98,211.1886931,8.099,Estrés Moderado,Inflación Alta
"2010-09-10",30,C,455162.92,211.1532104,8.099,Estrés Moderado,Inflación Alta
"2010-09-17",30,C,462058.19,211.1806415,8.099,Estrés Moderado,Inflación Alta
"2010-09-24",30,C,448392.17,211.2552578,8.099,Estrés Moderado,Inflación Alta
"2010-10-01",30,C,445475.3,211.3298742,8.163,Estrés Moderado,Inflación Alta
"2010-10-08",30,C,462080.47000000003,211.4044906,8.163,Estrés Moderado,Inflación Alta
"2010-10-15",30,C,453943.89,211.4713286,8.163,Estrés Moderado,Inflación Alta
"2010-10-22",30,C,459631.74,211.5187208,8.163,Estrés Moderado,Inflación Alta
"2010-10-29",30,C,438334.39,211.5661131,8.163,Estrés Moderado,Inflación Alta
"2010-11-05",30,C,484661.87,211.6135053,8.163,Estrés Moderado,Inflación Alta
"2010-11-12",30,C,431266.64,211.6608975,8.163,Estrés Moderado,Inflación Alta
"2010-11-19",30,C,423707.69,211.5470304,8.163,Estrés Moderado,Inflación Alta
"2010-11-26",30,C,462732.36,211.4062867,8.163,Estrés Moderado,Inflación Alta
"2010-12-03",30,C,407112.22000000003,211.265543,8.163,Estrés Moderado,Inflación Alta
"2010-12-10",30,C,428631.91,211.1247993,8.163,Estrés Moderado,Inflación Alta
"2010-12-17",30,C,445332.27999999997,211.0645458,8.163,Estrés Moderado,Inflación Alta
"2010-12-24",30,C,519354.88,211.0646599,8.163,Estrés Moderado,Inflación Alta
"2010-12-31",30,C,397631.02,211.064774,8.163,Estrés Moderado,Inflación Alta
"2011-01-07",30,C,451077.21,211.0648881,8.028,Estrés Moderado,Inflación Alta
"2011-01-14",30,C,465408.72,211.1176713,8.028,Estrés Moderado,Inflación Alta
"2011-01-21",30,C,439132.62,211.4864691,8.028,Estrés Moderado,Inflación Alta
"2011-01-28",30,C,425989.04,211.8552668,8.028,Estrés Moderado,Inflación Alta
"2011-02-04",30,C,490970.95,212.2240646,8.028,Estrés Moderado,Inflación Alta
"2011-02-11",30,C,470921.24,212.5928624,8.028,Estrés Moderado,Inflación Alta
"2011-02-18",30,C,417070.51,212.9033115,8.028,Estrés Moderado,Inflación Alta
"2011-02-25",30,C,432687.97,213.190421,8.028,Estrés Moderado,Inflación Alta
"2011-03-04",30,C,443334.71,213.4775305,8.028,Estrés Moderado,Inflación Alta
"2011-03-11",30,C,438529.81,213.7646401,8.028,Estrés Moderado,Inflación Alta
"2011-03-18",30,C,425470.83999999997,214.0156238,8.028,Estrés Moderado,Inflación Alta
"2011-03-25",30,C,431754.01,214.2521573,8.028,Estrés Moderado,Inflación Alta
"2011-04-01",30,C,437926.79,214.4886908,7.931,Estrés Moderado,Inflación Alta
"2011-04-08",30,C,443889.5,214.7252242,7.931,Estrés Moderado,Inflación Alta
"2011-04-15",30,C,426666.92,214.9420631,7.931,Estrés Moderado,Inflación Alta
"2011-04-22",30,C,445358.73,215.1096657,7.931,Estrés Moderado,Inflación Alta
"2011-04-29",30,C,423687.2,215.2772683,7.931,Estrés Moderado,Inflación Alta
"2011-05-06",30,C,438789.52,215.4448709,7.931,Estrés Moderado,Inflación Alta
"2011-05-13",30,C,424614.59,215.6124735,7.931,Estrés Moderado,Inflación Alta
"2011-05-20",30,C,435102.2,215.3834778,7.931,Estrés Moderado,Inflación Alta
"2011-05-27",30,C,429305.82,215.1544822,7.931,Estrés Moderado,Inflación Alta
"2011-06-03",30,C,432808.48,214.9254865,7.931,Estrés Moderado,Inflación Alta
"2011-06-10",30,C,424697.05,214.6964908,7.931,Estrés Moderado,Inflación Alta
"2011-06-17",30,C,435481.03,214.6513538,7.931,Estrés Moderado,Inflación Alta
"2011-06-24",30,C,422715.74,214.7441108,7.931,Estrés Moderado,Inflación Alta
"2011-07-01",30,C,428782.38,214.8368678,7.852,Estrés Moderado,Inflación Alta
"2011-07-08",30,C,419764.37,214.9296249,7.852,Estrés Moderado,Inflación Alta
"2011-07-15",30,C,420515.63,215.0134426,7.852,Estrés Moderado,Inflación Alta
"2011-07-22",30,C,423441.76,215.0749122,7.852,Estrés Moderado,Inflación Alta
"2011-07-29",30,C,414245.96,215.1363819,7.852,Estrés Moderado,Inflación Alta
"2011-08-05",30,C,431798.64,215.1978515,7.852,Estrés Moderado,Inflación Alta
"2011-08-12",30,C,412224.67,215.2593211,7.852,Estrés Moderado,Inflación Alta
"2011-08-19",30,C,414450.61,215.3229307,7.852,Estrés Moderado,Inflación Alta
"2011-08-26",30,C,387944.83,215.386897,7.852,Estrés Moderado,Inflación Alta
"2011-09-02",30,C,369722.32,215.4508632,7.852,Estrés Moderado,Inflación Alta
"2011-09-09",30,C,370897.82,215.5148295,7.852,Estrés Moderado,Inflación Alta
"2011-09-16",30,C,382914.66000000003,215.6944378,7.852,Estrés Moderado,Inflación Alta
"2011-09-23",30,C,391837.56,216.0282356,7.852,Estrés Moderado,Inflación Alta
"2011-09-30",30,C,387001.13,216.3620333,7.852,Estrés Moderado,Inflación Alta
"2011-10-07",30,C,417528.26,216.6958311,7.441,Estrés Moderado,Inflación Alta
"2011-10-14",30,C,410711.99,217.0048261,7.441,Estrés Moderado,Inflación Alta
"2011-10-21",30,C,428958.53,217.1650042,7.441,Estrés Moderado,Inflación Alta
"2011-10-28",30,C,426151.88,217.3251824,7.441,Estrés Moderado,Inflación Alta
"2011-11-04",30,C,432359.04000000004,217.4853605,7.441,Estrés Moderado,Inflación Alta
"2011-11-11",30,C,409686.63,217.6455387,7.441,Estrés Moderado,Inflación Alta
"2011-11-18",30,C,436462.63,217.8670218,7.441,Estrés Moderado,Inflación Alta
"2011-11-25",30,C,452163.93,218.1130269,7.441,Estrés Moderado,Inflación Alta
"2011-12-02",30,C,412385.75,218.3590319,7.441,Estrés Moderado,Inflación Alta
"2011-12-09",30,C,436741.02,218.605037,7.441,Estrés Moderado,Inflación Alta
"2011-12-16",30,C,441265.08,218.8217928,7.441,Estrés Moderado,Inflación Alta
"2011-12-23",30,C,492022.68,218.9995495,7.441,Estrés Moderado,Inflación Alta
"2011-12-30",30,C,376777.45,219.1773063,7.441,Estrés Moderado,Inflación Alta
"2012-01-06",30,C,457030.86,219.355063,7.057,Estrés Moderado,Inflación Alta
"2012-01-13",30,C,447023.91,219.5328198,7.057,Estrés Moderado,Inflación Alta
"2012-01-20",30,C,438760.62,219.6258417,7.057,Estrés Moderado,Inflación Alta
"2012-01-27",30,C,433037.66000000003,219.7188636,7.057,Estrés Moderado,Inflación Alta
"2012-02-03",30,C,434080.74,219.8118854,7.057,Estrés Moderado,Inflación Alta
"2012-02-10",30,C,451365.99,219.9049073,7.057,Estrés Moderado,Inflación Alta
"2012-02-17",30,C,435109.11,220.0651993,7.057,Estrés Moderado,Inflación Alta
"2012-02-24",30,C,425215.71,220.275944,7.057,Estrés Moderado,Inflación Alta
"2012-03-02",30,C,438640.61,220.4866886,7.057,Estrés Moderado,Inflación Alta
"2012-03-09",30,C,446617.89,220.6974332,7.057,Estrés Moderado,Inflación Alta
"2012-03-16",30,C,413617.45,220.8498468,7.057,Estrés Moderado,Inflación Alta
"2012-03-23",30,C,430222.97,220.9244858,7.057,Estrés Moderado,Inflación Alta
"2012-03-30",30,C,449603.91,220.9991248,7.057,Estrés Moderado,Inflación Alta
"2012-04-06",30,C,461511.92,221.0737638,6.891,Estrés Moderado,Inflación Alta
"2012-04-13",30,C,428784.7,221.1484028,6.891,Estrés Moderado,Inflación Alta
"2012-04-20",30,C,462909.41,221.2021074,6.891,Estrés Moderado,Inflación Alta
"2012-04-27",30,C,433744.83,221.255812,6.891,Estrés Moderado,Inflación Alta
"2012-05-04",30,C,454477.54,221.3095166,6.891,Estrés Moderado,Inflación Alta
"2012-05-11",30,C,436070.45,221.3632212,6.891,Estrés Moderado,Inflación Alta
"2012-05-18",30,C,460945.14,221.380331,6.891,Estrés Moderado,Inflación Alta
"2012-05-25",30,C,449355.91,221.3828029,6.891,Estrés Moderado,Inflación Alta
"2012-06-01",30,C,427021.18,221.3852748,6.891,Estrés Moderado,Inflación Alta
"2012-06-08",30,C,437222.94,221.3877467,6.891,Estrés Moderado,Inflación Alta
"2012-06-15",30,C,438523.24,221.4009901,6.891,Estrés Moderado,Inflación Alta
"2012-06-22",30,C,428554.63,221.4411622,6.891,Estrés Moderado,Inflación Alta
"2012-06-29",30,C,423192.4,221.4813343,6.891,Estrés Moderado,Inflación Alta
"2012-07-06",30,C,440553.42,221.5215064,6.565,Estrés Moderado,Inflación Alta
"2012-07-13",30,C,417640.33999999997,221.5616784,6.565,Estrés Moderado,Inflación Alta
"2012-07-20",30,C,427491.04,221.5701123,6.565,Estrés Moderado,Inflación Alta
"2012-07-27",30,C,424581.17,221.5785461,6.565,Estrés Moderado,Inflación Alta
"2012-08-03",30,C,425136.55,221.5869799,6.565,Estrés Moderado,Inflación Alta
"2012-08-10",30,C,430878.27999999997,221.5954138,6.565,Estrés Moderado,Inflación Alta
"2012-08-17",30,C,423351.15,221.6751459,6.565,Estrés Moderado,Inflación Alta
"2012-08-24",30,C,425296.64999999997,221.8083518,6.565,Estrés Moderado,Inflación Alta
"2012-08-31",30,C,439132.5,221.9415576,6.565,Estrés Moderado,Inflación Alta
"2012-09-07",30,C,433565.77,222.0747635,6.565,Estrés Moderado,Inflación Alta
"2012-09-14",30,C,437773.31,222.2174395,6.565,Estrés Moderado,Inflación Alta
"2012-09-21",30,C,443891.64,222.4169362,6.565,Estrés Moderado,Inflación Alta
"2012-09-28",30,C,425410.04,222.6164329,6.565,Estrés Moderado,Inflación Alta
"2012-10-05",30,C,446751.45,222.8159296,6.17,Estabilidad Laboral,Inflación Alta
"2012-10-12",30,C,434593.26,223.0154263,6.17,Estabilidad Laboral,Inflación Alta
"2012-10-19",30,C,437537.29,223.0598077,6.17,Estabilidad Laboral,Inflación Alta
"2012-10-26",30,C,439424.5,223.0783366,6.17,Estabilidad Laboral,Inflación Alta
"2010-02-05",31,A,1469252.05,210.7526053,8.324,Estrés Moderado,Inflación Alta
"2010-02-12",31,A,1543947.23,210.8979935,8.324,Estrés Moderado,Inflación Alta
"2010-02-19",31,A,1473386.75,210.9451605,8.324,Estrés Moderado,Inflación Alta
"2010-02-26",31,A,1344354.41,210.9759573,8.324,Estrés Moderado,Inflación Alta
"2010-03-05",31,A,1384870.51,211.0067542,8.324,Estrés Moderado,Inflación Alta
"2010-03-12",31,A,1366193.35,211.037551,8.324,Estrés Moderado,Inflación Alta
"2010-03-19",31,A,1332261.01,210.8733316,8.324,Estrés Moderado,Inflación Alta
"2010-03-26",31,A,1229635.7,210.6766095,8.324,Estrés Moderado,Inflación Alta
"2010-04-02",31,A,1357600.68,210.4798874,8.2,Estrés Moderado,Inflación Alta
"2010-04-09",31,A,1395710.09,210.2831653,8.2,Estrés Moderado,Inflación Alta
"2010-04-16",31,A,1367448.28,210.1495463,8.2,Estrés Moderado,Inflación Alta
"2010-04-23",31,A,1280465.8,210.1000648,8.2,Estrés Moderado,Inflación Alta
"2010-04-30",31,A,1243200.24,210.0505833,8.2,Estrés Moderado,Inflación Alta
"2010-05-07",31,A,1381796.8,210.0011018,8.2,Estrés Moderado,Inflación Alta
"2010-05-14",31,A,1287288.59,209.9984585,8.2,Estrés Moderado,Inflación Alta
"2010-05-21",31,A,1337405.5999999999,210.2768443,8.2,Estrés Moderado,Inflación Alta
"2010-05-28",31,A,1309437.17,210.5552301,8.2,Estrés Moderado,Inflación Alta
"2010-06-04",31,A,1427624.5,210.833616,8.2,Estrés Moderado,Inflación Alta
"2010-06-11",31,A,1377092.33,211.1120018,8.2,Estrés Moderado,Inflación Alta
"2010-06-18",31,A,1368090.08,211.1096543,8.2,Estrés Moderado,Inflación Alta
"2010-06-25",31,A,1303523.73,210.9950134,8.2,Estrés Moderado,Inflación Alta
"2010-07-02",31,A,1311704.92,210.8803726,8.099,Estrés Moderado,Inflación Alta
"2010-07-09",31,A,1315118.4,210.7657317,8.099,Estrés Moderado,Inflación Alta
"2010-07-16",31,A,1335433.72,210.7577954,8.099,Estrés Moderado,Inflación Alta
"2010-07-23",31,A,1276031.84,210.8921319,8.099,Estrés Moderado,Inflación Alta
"2010-07-30",31,A,1231993.14,211.0264684,8.099,Estrés Moderado,Inflación Alta
"2010-08-06",31,A,1352401.08,211.1608049,8.099,Estrés Moderado,Inflación Alta
"2010-08-13",31,A,1327719.34,211.2951413,8.099,Estrés Moderado,Inflación Alta
"2010-08-20",31,A,1376571.21,211.2596586,8.099,Estrés Moderado,Inflación Alta
"2010-08-27",31,A,1326621.98,211.2241759,8.099,Estrés Moderado,Inflación Alta
"2010-09-03",31,A,1302047.48,211.1886931,8.099,Estrés Moderado,Inflación Alta
"2010-09-10",31,A,1308179.02,211.1532104,8.099,Estrés Moderado,Inflación Alta
"2010-09-17",31,A,1294105.01,211.1806415,8.099,Estrés Moderado,Inflación Alta
"2010-09-24",31,A,1230250.25,211.2552578,8.099,Estrés Moderado,Inflación Alta
"2010-10-01",31,A,1213981.64,211.3298742,8.163,Estrés Moderado,Inflación Alta
"2010-10-08",31,A,1300131.68,211.4044906,8.163,Estrés Moderado,Inflación Alta
"2010-10-15",31,A,1265852.43,211.4713286,8.163,Estrés Moderado,Inflación Alta
"2010-10-22",31,A,1262289.29,211.5187208,8.163,Estrés Moderado,Inflación Alta
"2010-10-29",31,A,1257921.28,211.5661131,8.163,Estrés Moderado,Inflación Alta
"2010-11-05",31,A,1324455.72,211.6135053,8.163,Estrés Moderado,Inflación Alta
"2010-11-12",31,A,1352780.76,211.6608975,8.163,Estrés Moderado,Inflación Alta
"2010-11-19",31,A,1359158.57,211.5470304,8.163,Estrés Moderado,Inflación Alta
"2010-11-26",31,A,1858856.06,211.4062867,8.163,Estrés Moderado,Inflación Alta
"2010-12-03",31,A,1338716.37,211.265543,8.163,Estrés Moderado,Inflación Alta
"2010-12-10",31,A,1475685.1,211.1247993,8.163,Estrés Moderado,Inflación Alta
"2010-12-17",31,A,1714667.0,211.0645458,8.163,Estrés Moderado,Inflación Alta
"2010-12-24",31,A,2068942.97,211.0646599,8.163,Estrés Moderado,Inflación Alta
"2010-12-31",31,A,1198071.6,211.064774,8.163,Estrés Moderado,Inflación Alta
"2011-01-07",31,A,1311986.87,211.0648881,8.028,Estrés Moderado,Inflación Alta
"2011-01-14",31,A,1350730.31,211.1176713,8.028,Estrés Moderado,Inflación Alta
"2011-01-21",31,A,1344167.13,211.4864691,8.028,Estrés Moderado,Inflación Alta
"2011-01-28",31,A,1254955.68,211.8552668,8.028,Estrés Moderado,Inflación Alta
"2011-02-04",31,A,1443206.46,212.2240646,8.028,Estrés Moderado,Inflación Alta
"2011-02-11",31,A,1539230.32,212.5928624,8.028,Estrés Moderado,Inflación Alta
"2011-02-18",31,A,1539063.91,212.9033115,8.028,Estrés Moderado,Inflación Alta
"2011-02-25",31,A,1365678.22,213.190421,8.028,Estrés Moderado,Inflación Alta
"2011-03-04",31,A,1412721.18,213.4775305,8.028,Estrés Moderado,Inflación Alta
"2011-03-11",31,A,1405572.93,213.7646401,8.028,Estrés Moderado,Inflación Alta
"2011-03-18",31,A,1425559.02,214.0156238,8.028,Estrés Moderado,Inflación Alta
"2011-03-25",31,A,1357036.1,214.2521573,8.028,Estrés Moderado,Inflación Alta
"2011-04-01",31,A,1344890.73,214.4886908,7.931,Estrés Moderado,Inflación Alta
"2011-04-08",31,A,1416790.17,214.7252242,7.931,Estrés Moderado,Inflación Alta
"2011-04-15",31,A,1408464.08,214.9420631,7.931,Estrés Moderado,Inflación Alta
"2011-04-22",31,A,1461393.91,215.1096657,7.931,Estrés Moderado,Inflación Alta
"2011-04-29",31,A,1331137.96,215.2772683,7.931,Estrés Moderado,Inflación Alta
"2011-05-06",31,A,1388755.6099999999,215.4448709,7.931,Estrés Moderado,Inflación Alta
"2011-05-13",31,A,1408118.22,215.6124735,7.931,Estrés Moderado,Inflación Alta
"2011-05-20",31,A,1387365.19,215.3834778,7.931,Estrés Moderado,Inflación Alta
"2011-05-27",31,A,1342273.64,215.1544822,7.931,Estrés Moderado,Inflación Alta
"2011-06-03",31,A,1430348.1,214.9254865,7.931,Estrés Moderado,Inflación Alta
"2011-06-10",31,A,1425299.37,214.6964908,7.931,Estrés Moderado,Inflación Alta
"2011-06-17",31,A,1491039.14,214.6513538,7.931,Estrés Moderado,Inflación Alta
"2011-06-24",31,A,1375962.46,214.7441108,7.931,Estrés Moderado,Inflación Alta
"2011-07-01",31,A,1371889.27,214.8368678,7.852,Estrés Moderado,Inflación Alta
"2011-07-08",31,A,1423144.47,214.9296249,7.852,Estrés Moderado,Inflación Alta
"2011-07-15",31,A,1415473.91,215.0134426,7.852,Estrés Moderado,Inflación Alta
"2011-07-22",31,A,1401944.8,215.0749122,7.852,Estrés Moderado,Inflación Alta
"2011-07-29",31,A,1308122.15,215.1363819,7.852,Estrés Moderado,Inflación Alta
"2011-08-05",31,A,1428993.33,215.1978515,7.852,Estrés Moderado,Inflación Alta
"2011-08-12",31,A,1443311.49,215.2593211,7.852,Estrés Moderado,Inflación Alta
"2011-08-19",31,A,1487542.53,215.3229307,7.852,Estrés Moderado,Inflación Alta
"2011-08-26",31,A,1417267.07,215.386897,7.852,Estrés Moderado,Inflación Alta
"2011-09-02",31,A,1385769.03,215.4508632,7.852,Estrés Moderado,Inflación Alta
"2011-09-09",31,A,1376670.27,215.5148295,7.852,Estrés Moderado,Inflación Alta
"2011-09-16",31,A,1363460.86,215.6944378,7.852,Estrés Moderado,Inflación Alta
"2011-09-23",31,A,1347607.74,216.0282356,7.852,Estrés Moderado,Inflación Alta
"2011-09-30",31,A,1285534.74,216.3620333,7.852,Estrés Moderado,Inflación Alta
"2011-10-07",31,A,1427383.24,216.6958311,7.441,Estrés Moderado,Inflación Alta
"2011-10-14",31,A,1378340.18,217.0048261,7.441,Estrés Moderado,Inflación Alta
"2011-10-21",31,A,1409310.4,217.1650042,7.441,Estrés Moderado,Inflación Alta
"2011-10-28",31,A,1346862.72,217.3251824,7.441,Estrés Moderado,Inflación Alta
"2011-11-04",31,A,1426405.46,217.4853605,7.441,Estrés Moderado,Inflación Alta
"2011-11-11",31,A,1444783.6400000001,217.6455387,7.441,Estrés Moderado,Inflación Alta
"2011-11-18",31,A,1445174.79,217.8670218,7.441,Estrés Moderado,Inflación Alta
"2011-11-25",31,A,1934099.65,218.1130269,7.441,Estrés Moderado,Inflación Alta
"2011-12-02",31,A,1388809.43,218.3590319,7.441,Estrés Moderado,Inflación Alta
"2011-12-09",31,A,1556798.94,218.605037,7.441,Estrés Moderado,Inflación Alta
"2011-12-16",31,A,1611196.61,218.8217928,7.441,Estrés Moderado,Inflación Alta
"2011-12-23",31,A,2026176.14,218.9995495,7.441,Estrés Moderado,Inflación Alta
"2011-12-30",31,A,1355405.95,219.1773063,7.441,Estrés Moderado,Inflación Alta
"2012-01-06",31,A,1401232.52,219.355063,7.057,Estrés Moderado,Inflación Alta
"2012-01-13",31,A,1377485.1199999999,219.5328198,7.057,Estrés Moderado,Inflación Alta
"2012-01-20",31,A,1372504.9,219.6258417,7.057,Estrés Moderado,Inflación Alta
"2012-01-27",31,A,1259941.48,219.7188636,7.057,Estrés Moderado,Inflación Alta
"2012-02-03",31,A,1391479.91,219.8118854,7.057,Estrés Moderado,Inflación Alta
"2012-02-10",31,A,1527688.58,219.9049073,7.057,Estrés Moderado,Inflación Alta
"2012-02-17",31,A,1570813.52,220.0651993,7.057,Estrés Moderado,Inflación Alta
"2012-02-24",31,A,1392543.37,220.275944,7.057,Estrés Moderado,Inflación Alta
"2012-03-02",31,A,1427881.22,220.4866886,7.057,Estrés Moderado,Inflación Alta
"2012-03-09",31,A,1439034.86,220.6974332,7.057,Estrés Moderado,Inflación Alta
"2012-03-16",31,A,1481728.1300000001,220.8498468,7.057,Estrés Moderado,Inflación Alta
"2012-03-23",31,A,1365824.97,220.9244858,7.057,Estrés Moderado,Inflación Alta
"2012-03-30",31,A,1318854.22,220.9991248,7.057,Estrés Moderado,Inflación Alta
"2012-04-06",31,A,1496169.81,221.0737638,6.891,Estrés Moderado,Inflación Alta
"2012-04-13",31,A,1407842.91,221.1484028,6.891,Estrés Moderado,Inflación Alta
"2012-04-20",31,A,1407036.59,221.2021074,6.891,Estrés Moderado,Inflación Alta
"2012-04-27",31,A,1311352.25,221.255812,6.891,Estrés Moderado,Inflación Alta
"2012-05-04",31,A,1391257.28,221.3095166,6.891,Estrés Moderado,Inflación Alta
"2012-05-11",31,A,1392938.06,221.3632212,6.891,Estrés Moderado,Inflación Alta
"2012-05-18",31,A,1441473.82,221.380331,6.891,Estrés Moderado,Inflación Alta
"2012-05-25",31,A,1397094.26,221.3828029,6.891,Estrés Moderado,Inflación Alta
"2012-06-01",31,A,1404516.29,221.3852748,6.891,Estrés Moderado,Inflación Alta
"2012-06-08",31,A,1443285.79,221.3877467,6.891,Estrés Moderado,Inflación Alta
"2012-06-15",31,A,1431003.43,221.4009901,6.891,Estrés Moderado,Inflación Alta
"2012-06-22",31,A,1394065.76,221.4411622,6.891,Estrés Moderado,Inflación Alta
"2012-06-29",31,A,1349202.25,221.4813343,6.891,Estrés Moderado,Inflación Alta
"2012-07-06",31,A,1458059.42,221.5215064,6.565,Estrés Moderado,Inflación Alta
"2012-07-13",31,A,1374301.34,221.5616784,6.565,Estrés Moderado,Inflación Alta
"2012-07-20",31,A,1392395.2,221.5701123,6.565,Estrés Moderado,Inflación Alta
"2012-07-27",31,A,1303732.36,221.5785461,6.565,Estrés Moderado,Inflación Alta
"2012-08-03",31,A,1390174.63,221.5869799,6.565,Estrés Moderado,Inflación Alta
"2012-08-10",31,A,1386472.59,221.5954138,6.565,Estrés Moderado,Inflación Alta
"2012-08-17",31,A,1410181.7,221.6751459,6.565,Estrés Moderado,Inflación Alta
"2012-08-24",31,A,1379783.21,221.8083518,6.565,Estrés Moderado,Inflación Alta
"2012-08-31",31,A,1373651.49,221.9415576,6.565,Estrés Moderado,Inflación Alta
"2012-09-07",31,A,1358111.62,222.0747635,6.565,Estrés Moderado,Inflación Alta
"2012-09-14",31,A,1327705.44,222.2174395,6.565,Estrés Moderado,Inflación Alta
"2012-09-21",31,A,1373064.8699999999,222.4169362,6.565,Estrés Moderado,Inflación Alta
"2012-09-28",31,A,1279080.58,222.6164329,6.565,Estrés Moderado,Inflación Alta
"2012-10-05",31,A,1363365.05,222.8159296,6.17,Estabilidad Laboral,Inflación Alta
"2012-10-12",31,A,1401113.42,223.0154263,6.17,Estabilidad Laboral,Inflación Alta
"2012-10-19",31,A,1378730.45,223.0598077,6.17,Estabilidad Laboral,Inflación Alta
"2012-10-26",31,A,1340232.55,223.0783366,6.17,Estabilidad Laboral,Inflación Alta
"2010-02-05",32,A,1087616.19,189.3816974,9.014,Inestabilidad Laboral,Inflación Media
"2010-02-12",32,A,1123566.1199999999,189.4642725,9.014,Inestabilidad Laboral,Inflación Media
"2010-02-19",32,A,1082559.06,189.5340998,9.014,Inestabilidad Laboral,Inflación Media
"2010-02-26",32,A,1053247.1,189.6018023,9.014,Inestabilidad Laboral,Inflación Media
"2010-03-05",32,A,1066566.74,189.6695049,9.014,Inestabilidad Laboral,Inflación Media
"2010-03-12",32,A,1093319.37,189.7372075,9.014,Inestabilidad Laboral,Inflación Media
"2010-03-19",32,A,1059781.78,189.734262,9.014,Inestabilidad Laboral,Inflación Media
"2010-03-26",32,A,1076021.58,189.7195417,9.014,Inestabilidad Laboral,Inflación Media
"2010-04-02",32,A,1131732.94,189.7048215,8.963,Inestabilidad Laboral,Inflación Media
"2010-04-09",32,A,1095889.22,189.6901012,8.963,Inestabilidad Laboral,Inflación Media
"2010-04-16",32,A,1082763.27,189.6628845,8.963,Inestabilidad Laboral,Inflación Media
"2010-04-23",32,A,1072474.8,189.6190057,8.963,Inestabilidad Laboral,Inflación Media
"2010-04-30",32,A,1066792.63,189.575127,8.963,Inestabilidad Laboral,Inflación Media
"2010-05-07",32,A,1133657.58,189.5312483,8.963,Inestabilidad Laboral,Inflación Media
"2010-05-14",32,A,1079314.52,189.4904116,8.963,Inestabilidad Laboral,Inflación Media
"2010-05-21",32,A,1143819.35,189.467827,8.963,Inestabilidad Laboral,Inflación Media
"2010-05-28",32,A,1205662.85,189.4452425,8.963,Inestabilidad Laboral,Inflación Media
"2010-06-04",32,A,1149234.96,189.422658,8.963,Inestabilidad Laboral,Inflación Media
"2010-06-11",32,A,1192074.09,189.4000734,8.963,Inestabilidad Laboral,Inflación Media
"2010-06-18",32,A,1150191.72,189.4185259,8.963,Inestabilidad Laboral,Inflación Media
"2010-06-25",32,A,1124763.74,189.4533931,8.963,Inestabilidad Laboral,Inflación Media
"2010-07-02",32,A,1187988.64,189.4882603,9.017,Inestabilidad Laboral,Inflación Media
"2010-07-09",32,A,1077253.67,189.5231276,9.017,Inestabilidad Laboral,Inflación Media
"2010-07-16",32,A,1120172.24,189.6125456,9.017,Inestabilidad Laboral,Inflación Media
"2010-07-23",32,A,1109574.11,189.774698,9.017,Inestabilidad Laboral,Inflación Media
"2010-07-30",32,A,1065350.56,189.9368504,9.017,Inestabilidad Laboral,Inflación Media
"2010-08-06",32,A,1144552.09,190.0990028,9.017,Inestabilidad Laboral,Inflación Media
"2010-08-13",32,A,1157975.68,190.2611552,9.017,Inestabilidad Laboral,Inflación Media
"2010-08-20",32,A,1189887.86,190.2948237,9.017,Inestabilidad Laboral,Inflación Media
"2010-08-27",32,A,1140501.03,190.3284922,9.017,Inestabilidad Laboral,Inflación Media
"2010-09-03",32,A,1095932.51,190.3621607,9.017,Inestabilidad Laboral,Inflación Media
"2010-09-10",32,A,1028635.39,190.3958293,9.017,Inestabilidad Laboral,Inflación Media
"2010-09-17",32,A,1043962.36,190.4688287,9.017,Inestabilidad Laboral,Inflación Media
"2010-09-24",32,A,1067432.1,190.5713264,9.017,Inestabilidad Laboral,Inflación Media
"2010-10-01",32,A,1061089.56,190.6738241,9.137,Inestabilidad Laboral,Inflación Media
"2010-10-08",32,A,1085483.44,190.7763218,9.137,Inestabilidad Laboral,Inflación Media
"2010-10-15",32,A,1096692.88,190.8623087,9.137,Inestabilidad Laboral,Inflación Media
"2010-10-22",32,A,1102185.0,190.9070184,9.137,Inestabilidad Laboral,Inflación Media
"2010-10-29",32,A,1115138.51,190.951728,9.137,Inestabilidad Laboral,Inflación Media
"2010-11-05",32,A,1063056.21,190.9964377,9.137,Inestabilidad Laboral,Inflación Media
"2010-11-12",32,A,1141019.11,191.0411474,9.137,Inestabilidad Laboral,Inflación Media
"2010-11-19",32,A,1150729.89,191.0312172,9.137,Inestabilidad Laboral,Inflación Media
"2010-11-26",32,A,1634635.86,191.0121805,9.137,Inestabilidad Laboral,Inflación Media
"2010-12-03",32,A,1200892.56,190.9931437,9.137,Inestabilidad Laboral,Inflación Media
"2010-12-10",32,A,1377322.73,190.9741069,9.137,Inestabilidad Laboral,Inflación Media
"2010-12-17",32,A,1557776.1,191.0303376,9.137,Inestabilidad Laboral,Inflación Media
"2010-12-24",32,A,1949183.14,191.1430189,9.137,Inestabilidad Laboral,Inflación Media
"2010-12-31",32,A,955463.84,191.2557002,9.137,Inestabilidad Laboral,Inflación Media
"2011-01-07",32,A,1046416.17,191.3683815,8.818,Inestabilidad Laboral,Inflación Media
"2011-01-14",32,A,1028206.51,191.4784939,8.818,Inestabilidad Laboral,Inflación Media
"2011-01-21",32,A,1078348.91,191.5731924,8.818,Inestabilidad Laboral,Inflación Media
"2011-01-28",32,A,1006814.85,191.667891,8.818,Inestabilidad Laboral,Inflación Media
"2011-02-04",32,A,1070457.8,191.7625895,8.818,Inestabilidad Laboral,Inflación Media
"2011-02-11",32,A,1124357.2,191.8572881,8.818,Inestabilidad Laboral,Inflación Media
"2011-02-18",32,A,1183528.58,191.9178331,8.818,Inestabilidad Laboral,Inflación Media
"2011-02-25",32,A,1054754.67,191.9647167,8.818,Inestabilidad Laboral,Inflación Media
"2011-03-04",32,A,1106847.62,192.0116004,8.818,Inestabilidad Laboral,Inflación Media
"2011-03-11",32,A,1101458.21,192.058484,8.818,Inestabilidad Laboral,Inflación Media
"2011-03-18",32,A,1100765.5,192.1237981,8.818,Inestabilidad Laboral,Inflación Media
"2011-03-25",32,A,1068719.22,192.1964844,8.818,Inestabilidad Laboral,Inflación Media
"2011-04-01",32,A,1051121.02,192.2691707,8.595,Inestabilidad Laboral,Inflación Media
"2011-04-08",32,A,1102975.59,192.3418571,8.595,Inestabilidad Laboral,Inflación Media
"2011-04-15",32,A,1120508.14,192.4225954,8.595,Inestabilidad Laboral,Inflación Media
"2011-04-22",32,A,1210602.91,192.5234638,8.595,Inestabilidad Laboral,Inflación Media
"2011-04-29",32,A,1107494.55,192.6243322,8.595,Inestabilidad Laboral,Inflación Media
"2011-05-06",32,A,1181793.55,192.7252006,8.595,Inestabilidad Laboral,Inflación Media
"2011-05-13",32,A,1138162.76,192.826069,8.595,Inestabilidad Laboral,Inflación Media
"2011-05-20",32,A,1145084.76,192.831317,8.595,Inestabilidad Laboral,Inflación Media
"2011-05-27",32,A,1175447.49,192.8365651,8.595,Inestabilidad Laboral,Inflación Media
"2011-06-03",32,A,1167757.0,192.8418131,8.595,Inestabilidad Laboral,Inflación Media
"2011-06-10",32,A,1239741.34,192.8470612,8.595,Inestabilidad Laboral,Inflación Media
"2011-06-17",32,A,1192031.38,192.9034759,8.595,Inestabilidad Laboral,Inflación Media
"2011-06-24",32,A,1163869.52,192.9982655,8.595,Inestabilidad Laboral,Inflación Media
"2011-07-01",32,A,1199845.29,193.0930552,8.622,Inestabilidad Laboral,Inflación Media
"2011-07-08",32,A,1110244.52,193.1878448,8.622,Inestabilidad Laboral,Inflación Media
"2011-07-15",32,A,1144254.26,193.3125484,8.622,Inestabilidad Laboral,Inflación Media
"2011-07-22",32,A,1185674.48,193.5120367,8.622,Inestabilidad Laboral,Inflación Media
"2011-07-29",32,A,1169988.62,193.711525,8.622,Inestabilidad Laboral,Inflación Media
"2011-08-05",32,A,1201694.1400000001,193.9110133,8.622,Inestabilidad Laboral,Inflación Media
"2011-08-12",32,A,1206795.74,194.1105017,8.622,Inestabilidad Laboral,Inflación Media
"2011-08-19",32,A,1221318.17,194.2500634,8.622,Inestabilidad Laboral,Inflación Media
"2011-08-26",32,A,1183740.91,194.3796374,8.622,Inestabilidad Laboral,Inflación Media
"2011-09-02",32,A,1152117.5,194.5092113,8.622,Inestabilidad Laboral,Inflación Media
"2011-09-09",32,A,1128237.3,194.6387853,8.622,Inestabilidad Laboral,Inflación Media
"2011-09-16",32,A,1142499.25,194.7419707,8.622,Inestabilidad Laboral,Inflación Media
"2011-09-23",32,A,1116140.29,194.8099713,8.622,Inestabilidad Laboral,Inflación Media
"2011-09-30",32,A,1088943.98,194.8779718,8.622,Inestabilidad Laboral,Inflación Media
"2011-10-07",32,A,1149448.02,194.9459724,8.513,Inestabilidad Laboral,Inflación Media
"2011-10-14",32,A,1175420.26,195.0261012,8.513,Inestabilidad Laboral,Inflación Media
"2011-10-21",32,A,1151258.74,195.1789994,8.513,Inestabilidad Laboral,Inflación Media
"2011-10-28",32,A,1185391.96,195.3318977,8.513,Inestabilidad Laboral,Inflación Media
"2011-11-04",32,A,1204628.28,195.4847959,8.513,Inestabilidad Laboral,Inflación Media
"2011-11-11",32,A,1182733.0,195.6376941,8.513,Inestabilidad Laboral,Inflación Media
"2011-11-18",32,A,1181651.55,195.7184713,8.513,Inestabilidad Laboral,Inflación Media
"2011-11-25",32,A,1684468.66,195.7704,8.513,Inestabilidad Laboral,Inflación Media
"2011-12-02",32,A,1179773.88,195.8223287,8.513,Inestabilidad Laboral,Inflación Media
"2011-12-09",32,A,1415746.91,195.8742575,8.513,Inestabilidad Laboral,Inflación Media
"2011-12-16",32,A,1556017.91,195.9841685,8.513,Inestabilidad Laboral,Inflación Media
"2011-12-23",32,A,1959526.96,196.1713893,8.513,Inestabilidad Laboral,Inflación Media
"2011-12-30",32,A,1102367.65,196.3586101,8.513,Inestabilidad Laboral,Inflación Media
"2012-01-06",32,A,1099937.25,196.5458309,8.256,Estrés Moderado,Inflación Media
"2012-01-13",32,A,1071598.36,196.7330517,8.256,Estrés Moderado,Inflación Media
"2012-01-20",32,A,1080012.04,196.7796652,8.256,Estrés Moderado,Inflación Media
"2012-01-27",32,A,1051864.6,196.8262786,8.256,Estrés Moderado,Inflación Media
"2012-02-03",32,A,1156826.31,196.8728921,8.256,Estrés Moderado,Inflación Media
"2012-02-10",32,A,1129422.86,196.9195056,8.256,Estrés Moderado,Inflación Media
"2012-02-17",32,A,1243812.59,196.9432711,8.256,Estrés Moderado,Inflación Media
"2012-02-24",32,A,1091822.72,196.9499007,8.256,Estrés Moderado,Inflación Media
"2012-03-02",32,A,1153332.89,196.9565303,8.256,Estrés Moderado,Inflación Media
"2012-03-09",32,A,1124537.97,196.9631599,8.256,Estrés Moderado,Inflación Media
"2012-03-16",32,A,1138101.18,197.0457208,8.256,Estrés Moderado,Inflación Media
"2012-03-23",32,A,1146632.46,197.2295234,8.256,Estrés Moderado,Inflación Media
"2012-03-30",32,A,1108686.87,197.4133259,8.256,Estrés Moderado,Inflación Media
"2012-04-06",32,A,1270577.01,197.5971285,8.09,Estrés Moderado,Inflación Media
"2012-04-13",32,A,1171834.47,197.780931,8.09,Estrés Moderado,Inflación Media
"2012-04-20",32,A,1121405.91,197.7227385,8.09,Estrés Moderado,Inflación Media
"2012-04-27",32,A,1126962.44,197.664546,8.09,Estrés Moderado,Inflación Media
"2012-05-04",32,A,1187384.53,197.6063534,8.09,Estrés Moderado,Inflación Media
"2012-05-11",32,A,1187051.07,197.5481609,8.09,Estrés Moderado,Inflación Media
"2012-05-18",32,A,1177539.71,197.5553137,8.09,Estrés Moderado,Inflación Media
"2012-05-25",32,A,1232784.22,197.5886046,8.09,Estrés Moderado,Inflación Media
"2012-06-01",32,A,1157557.79,197.6218954,8.09,Estrés Moderado,Inflación Media
"2012-06-08",32,A,1246322.44,197.6551863,8.09,Estrés Moderado,Inflación Media
"2012-06-15",32,A,1234759.54,197.692292,8.09,Estrés Moderado,Inflación Media
"2012-06-22",32,A,1196880.11,197.7389345,8.09,Estrés Moderado,Inflación Media
"2012-06-29",32,A,1178211.81,197.785577,8.09,Estrés Moderado,Inflación Media
"2012-07-06",32,A,1214183.97,197.8322195,7.872,Estrés Moderado,Inflación Media
"2012-07-13",32,A,1141184.66,197.8788621,7.872,Estrés Moderado,Inflación Media
"2012-07-20",32,A,1167829.33,197.9290378,7.872,Estrés Moderado,Inflación Media
"2012-07-27",32,A,1144901.52,197.9792136,7.872,Estrés Moderado,Inflación Media
"2012-08-03",32,A,1183571.35,198.0293893,7.872,Estrés Moderado,Inflación Media
"2012-08-10",32,A,1227469.2,198.0795651,7.872,Estrés Moderado,Inflación Media
"2012-08-17",32,A,1261306.37,198.1001057,7.872,Estrés Moderado,Inflación Media
"2012-08-24",32,A,1272809.11,198.0984199,7.872,Estrés Moderado,Inflación Media
"2012-08-31",32,A,1183979.27,198.0967341,7.872,Estrés Moderado,Inflación Media
"2012-09-07",32,A,1126685.95,198.0950484,7.872,Estrés Moderado,Inflación Media
"2012-09-14",32,A,1156377.47,198.1267184,7.872,Estrés Moderado,Inflación Media
"2012-09-21",32,A,1159119.6,198.358523,7.872,Estrés Moderado,Inflación Media
"2012-09-28",32,A,1157111.15,198.5903276,7.872,Estrés Moderado,Inflación Media
"2012-10-05",32,A,1202775.24,198.8221322,7.557,Estrés Moderado,Inflación Media
"2012-10-12",32,A,1176681.31,199.0539368,7.557,Estrés Moderado,Inflación Media
"2012-10-19",32,A,1199292.06,199.1481963,7.557,Estrés Moderado,Inflación Media
"2012-10-26",32,A,1219979.29,199.2195317,7.557,Estrés Moderado,Inflación Media
"2010-02-05",33,A,274593.43,126.4420645,10.115,Inestabilidad Laboral,Inflación Baja
"2010-02-12",33,A,294882.83,126.4962581,10.115,Inestabilidad Laboral,Inflación Baja
"2010-02-19",33,A,296850.83,126.5262857,10.115,Inestabilidad Laboral,Inflación Baja
"2010-02-26",33,A,284052.77,126.5522857,10.115,Inestabilidad Laboral,Inflación Baja
"2010-03-05",33,A,291484.89,126.5782857,10.115,Inestabilidad Laboral,Inflación Baja
"2010-03-12",33,A,312161.0,126.6042857,10.115,Inestabilidad Laboral,Inflación Baja
"2010-03-19",33,A,282235.73,126.6066452,10.115,Inestabilidad Laboral,Inflación Baja
"2010-03-26",33,A,262893.76,126.6050645,10.115,Inestabilidad Laboral,Inflación Baja
"2010-04-02",33,A,274634.52,126.6034839,9.849,Inestabilidad Laboral,Inflación Baja
"2010-04-09",33,A,325201.05,126.6019032,9.849,Inestabilidad Laboral,Inflación Baja
"2010-04-16",33,A,307779.64,126.5621,9.849,Inestabilidad Laboral,Inflación Baja
"2010-04-23",33,A,263263.02,126.4713333,9.849,Inestabilidad Laboral,Inflación Baja
"2010-04-30",33,A,275883.23,126.3805667,9.849,Inestabilidad Laboral,Inflación Baja
"2010-05-07",33,A,326870.13,126.2898,9.849,Inestabilidad Laboral,Inflación Baja
"2010-05-14",33,A,331173.51,126.2085484,9.849,Inestabilidad Laboral,Inflación Baja
"2010-05-21",33,A,294264.2,126.1843871,9.849,Inestabilidad Laboral,Inflación Baja
"2010-05-28",33,A,279246.33,126.1602258,9.849,Inestabilidad Laboral,Inflación Baja
"2010-06-04",33,A,285100.0,126.1360645,9.849,Inestabilidad Laboral,Inflación Baja
"2010-06-11",33,A,310800.79,126.1119032,9.849,Inestabilidad Laboral,Inflación Baja
"2010-06-18",33,A,272399.08,126.114,9.849,Inestabilidad Laboral,Inflación Baja
"2010-06-25",33,A,259419.91,126.1266,9.849,Inestabilidad Laboral,Inflación Baja
"2010-07-02",33,A,267495.76,126.1392,9.495,Inestabilidad Laboral,Inflación Baja
"2010-07-09",33,A,302423.93,126.1518,9.495,Inestabilidad Laboral,Inflación Baja
"2010-07-16",33,A,280937.84,126.1498065,9.495,Inestabilidad Laboral,Inflación Baja
"2010-07-23",33,A,252734.31,126.1283548,9.495,Inestabilidad Laboral,Inflación Baja
"2010-07-30",33,A,242047.03,126.1069032,9.495,Inestabilidad Laboral,Inflación Baja
"2010-08-06",33,A,262789.95,126.0854516,9.495,Inestabilidad Laboral,Inflación Baja
"2010-08-13",33,A,265367.51,126.064,9.495,Inestabilidad Laboral,Inflación Baja
"2010-08-20",33,A,230519.49,126.0766452,9.495,Inestabilidad Laboral,Inflación Baja
"2010-08-27",33,A,224031.19,126.0892903,9.495,Inestabilidad Laboral,Inflación Baja
"2010-09-03",33,A,237405.82,126.1019355,9.495,Inestabilidad Laboral,Inflación Baja
"2010-09-10",33,A,272834.88,126.1145806,9.495,Inestabilidad Laboral,Inflación Baja
"2010-09-17",33,A,246277.18,126.1454667,9.495,Inestabilidad Laboral,Inflación Baja
"2010-09-24",33,A,231976.84,126.1900333,9.495,Inestabilidad Laboral,Inflación Baja
"2010-10-01",33,A,224294.39,126.2346,9.265,Inestabilidad Laboral,Inflación Baja
"2010-10-08",33,A,266484.19,126.2791667,9.265,Inestabilidad Laboral,Inflación Baja
"2010-10-15",33,A,251732.92,126.3266774,9.265,Inestabilidad Laboral,Inflación Baja
"2010-10-22",33,A,234175.92,126.3815484,9.265,Inestabilidad Laboral,Inflación Baja
"2010-10-29",33,A,213538.32,126.4364194,9.265,Inestabilidad Laboral,Inflación Baja
"2010-11-05",33,A,246124.61,126.4912903,9.265,Inestabilidad Laboral,Inflación Baja
"2010-11-12",33,A,272803.94,126.5461613,9.265,Inestabilidad Laboral,Inflación Baja
"2010-11-19",33,A,224639.76,126.6072,9.265,Inestabilidad Laboral,Inflación Baja
"2010-11-26",33,A,240044.57,126.6692667,9.265,Inestabilidad Laboral,Inflación Baja
"2010-12-03",33,A,209986.25,126.7313333,9.265,Inestabilidad Laboral,Inflación Baja
"2010-12-10",33,A,253050.1,126.7934,9.265,Inestabilidad Laboral,Inflación Baja
"2010-12-17",33,A,238875.26,126.8794839,9.265,Inestabilidad Laboral,Inflación Baja
"2010-12-24",33,A,249246.80000000002,126.9835806,9.265,Inestabilidad Laboral,Inflación Baja
"2010-12-31",33,A,219804.85,127.0876774,9.265,Inestabilidad Laboral,Inflación Baja
"2011-01-07",33,A,243948.82,127.1917742,8.951,Inestabilidad Laboral,Inflación Baja
"2011-01-14",33,A,259527.75,127.3009355,8.951,Inestabilidad Laboral,Inflación Baja
"2011-01-21",33,A,244856.44,127.4404839,8.951,Inestabilidad Laboral,Inflación Baja
"2011-01-28",33,A,231155.9,127.5800323,8.951,Inestabilidad Laboral,Inflación Baja
"2011-02-04",33,A,234218.03,127.7195806,8.951,Inestabilidad Laboral,Inflación Baja
"2011-02-11",33,A,276198.74,127.859129,8.951,Inestabilidad Laboral,Inflación Baja
"2011-02-18",33,A,252349.6,127.99525,8.951,Inestabilidad Laboral,Inflación Baja
"2011-02-25",33,A,242901.21,128.13,8.951,Inestabilidad Laboral,Inflación Baja
"2011-03-04",33,A,245435.80000000002,128.26475,8.951,Inestabilidad Laboral,Inflación Baja
"2011-03-11",33,A,270921.44,128.3995,8.951,Inestabilidad Laboral,Inflación Baja
"2011-03-18",33,A,247234.47,128.5121935,8.951,Inestabilidad Laboral,Inflación Baja
"2011-03-25",33,A,238084.08,128.6160645,8.951,Inestabilidad Laboral,Inflación Baja
"2011-04-01",33,A,232769.09,128.7199355,8.687,Inestabilidad Laboral,Inflación Baja
"2011-04-08",33,A,271924.73,128.8238065,8.687,Inestabilidad Laboral,Inflación Baja
"2011-04-15",33,A,275749.56,128.9107333,8.687,Inestabilidad Laboral,Inflación Baja
"2011-04-22",33,A,248603.3,128.9553,8.687,Inestabilidad Laboral,Inflación Baja
"2011-04-29",33,A,248561.86,128.9998667,8.687,Inestabilidad Laboral,Inflación Baja
"2011-05-06",33,A,257031.19,129.0444333,8.687,Inestabilidad Laboral,Inflación Baja
"2011-05-13",33,A,279466.87,129.089,8.687,Inestabilidad Laboral,Inflación Baja
"2011-05-20",33,A,239206.26,129.0756774,8.687,Inestabilidad Laboral,Inflación Baja
"2011-05-27",33,A,239431.85,129.0623548,8.687,Inestabilidad Laboral,Inflación Baja
"2011-06-03",33,A,243477.03,129.0490323,8.687,Inestabilidad Laboral,Inflación Baja
"2011-06-10",33,A,258427.39,129.0357097,8.687,Inestabilidad Laboral,Inflación Baja
"2011-06-17",33,A,238172.66,129.0432,8.687,Inestabilidad Laboral,Inflación Baja
"2011-06-24",33,A,238433.53,129.0663,8.687,Inestabilidad Laboral,Inflación Baja
"2011-07-01",33,A,226702.36000000002,129.0894,8.442,Estrés Moderado,Inflación Baja
"2011-07-08",33,A,262717.71,129.1125,8.442,Estrés Moderado,Inflación Baja
"2011-07-15",33,A,265003.47,129.1338387,8.442,Estrés Moderado,Inflación Baja
"2011-07-22",33,A,238915.05000000002,129.1507742,8.442,Estrés Moderado,Inflación Baja
"2011-07-29",33,A,224806.96,129.1677097,8.442,Estrés Moderado,Inflación Baja
"2011-08-05",33,A,242456.39,129.1846452,8.442,Estrés Moderado,Inflación Baja
"2011-08-12",33,A,274721.85,129.2015806,8.442,Estrés Moderado,Inflación Baja
"2011-08-19",33,A,242771.37,129.2405806,8.442,Estrés Moderado,Inflación Baja
"2011-08-26",33,A,237095.82,129.2832581,8.442,Estrés Moderado,Inflación Baja
"2011-09-02",33,A,239198.36,129.3259355,8.442,Estrés Moderado,Inflación Baja
"2011-09-09",33,A,281842.27999999997,129.3686129,8.442,Estrés Moderado,Inflación Baja
"2011-09-16",33,A,262407.57,129.4306,8.442,Estrés Moderado,Inflación Baja
"2011-09-23",33,A,234793.12,129.5183333,8.442,Estrés Moderado,Inflación Baja
"2011-09-30",33,A,229731.98,129.6060667,8.442,Estrés Moderado,Inflación Baja
"2011-10-07",33,A,262159.13,129.6938,8.01,Estrés Moderado,Inflación Baja
"2011-10-14",33,A,272487.33,129.7706452,8.01,Estrés Moderado,Inflación Baja
"2011-10-21",33,A,233543.08,129.7821613,8.01,Estrés Moderado,Inflación Baja
"2011-10-28",33,A,231319.96,129.7936774,8.01,Estrés Moderado,Inflación Baja
"2011-11-04",33,A,236157.12,129.8051935,8.01,Estrés Moderado,Inflación Baja
"2011-11-11",33,A,271961.04,129.8167097,8.01,Estrés Moderado,Inflación Baja
"2011-11-18",33,A,251294.5,129.8268333,8.01,Estrés Moderado,Inflación Baja
"2011-11-25",33,A,255996.47,129.8364,8.01,Estrés Moderado,Inflación Baja
"2011-12-02",33,A,220060.35,129.8459667,8.01,Estrés Moderado,Inflación Baja
"2011-12-09",33,A,270373.05,129.8555333,8.01,Estrés Moderado,Inflación Baja
"2011-12-16",33,A,259638.35,129.8980645,8.01,Estrés Moderado,Inflación Baja
"2011-12-23",33,A,256235.19,129.9845484,8.01,Estrés Moderado,Inflación Baja
"2011-12-30",33,A,215359.21,130.0710323,8.01,Estrés Moderado,Inflación Baja
"2012-01-06",33,A,267058.08,130.1575161,7.603,Estrés Moderado,Inflación Baja
"2012-01-13",33,A,279447.22,130.244,7.603,Estrés Moderado,Inflación Baja
"2012-01-20",33,A,244899.19999999998,130.2792258,7.603,Estrés Moderado,Inflación Baja
"2012-01-27",33,A,236920.49,130.3144516,7.603,Estrés Moderado,Inflación Baja
"2012-02-03",33,A,256091.32,130.3496774,7.603,Estrés Moderado,Inflación Baja
"2012-02-10",33,A,282552.58,130.3849032,7.603,Estrés Moderado,Inflación Baja
"2012-02-17",33,A,266300.98,130.4546207,7.603,Estrés Moderado,Inflación Baja
"2012-02-24",33,A,242526.7,130.5502069,7.603,Estrés Moderado,Inflación Baja
"2012-03-02",33,A,248051.53,130.6457931,7.603,Estrés Moderado,Inflación Baja
"2012-03-09",33,A,287346.29,130.7413793,7.603,Estrés Moderado,Inflación Baja
"2012-03-16",33,A,278067.73,130.8261935,7.603,Estrés Moderado,Inflación Baja
"2012-03-23",33,A,246970.97,130.8966452,7.603,Estrés Moderado,Inflación Baja
"2012-03-30",33,A,251327.67,130.9670968,7.603,Estrés Moderado,Inflación Baja
"2012-04-06",33,A,275911.97000000003,131.0375484,7.396,Estrés Moderado,Inflación Baja
"2012-04-13",33,A,312698.67,131.108,7.396,Estrés Moderado,Inflación Baja
"2012-04-20",33,A,261837.2,131.1173333,7.396,Estrés Moderado,Inflación Baja
"2012-04-27",33,A,249798.75,131.1266667,7.396,Estrés Moderado,Inflación Baja
"2012-05-04",33,A,270497.51,131.136,7.396,Estrés Moderado,Inflación Baja
"2012-05-11",33,A,295841.84,131.1453333,7.396,Estrés Moderado,Inflación Baja
"2012-05-18",33,A,276899.95,131.0983226,7.396,Estrés Moderado,Inflación Baja
"2012-05-25",33,A,261851.74,131.0287742,7.396,Estrés Moderado,Inflación Baja
"2012-06-01",33,A,261131.09,130.9592258,7.396,Estrés Moderado,Inflación Baja
"2012-06-08",33,A,286082.76,130.8896774,7.396,Estrés Moderado,Inflación Baja
"2012-06-15",33,A,290444.31,130.8295333,7.396,Estrés Moderado,Inflación Baja
"2012-06-22",33,A,261666.29,130.7929,7.396,Estrés Moderado,Inflación Baja
"2012-06-29",33,A,244338.31,130.7562667,7.396,Estrés Moderado,Inflación Baja
"2012-07-06",33,A,273690.37,130.7196333,7.147,Estrés Moderado,Inflación Baja
"2012-07-13",33,A,287033.64,130.683,7.147,Estrés Moderado,Inflación Baja
"2012-07-20",33,A,253205.88999999998,130.7012903,7.147,Estrés Moderado,Inflación Baja
"2012-07-27",33,A,249134.32,130.7195806,7.147,Estrés Moderado,Inflación Baja
"2012-08-03",33,A,258533.12,130.737871,7.147,Estrés Moderado,Inflación Baja
"2012-08-10",33,A,297753.49,130.7561613,7.147,Estrés Moderado,Inflación Baja
"2012-08-17",33,A,270097.76,130.7909677,7.147,Estrés Moderado,Inflación Baja
"2012-08-24",33,A,247672.56,130.8381613,7.147,Estrés Moderado,Inflación Baja
"2012-08-31",33,A,237129.81,130.8853548,7.147,Estrés Moderado,Inflación Baja
"2012-09-07",33,A,286428.78,130.9325484,7.147,Estrés Moderado,Inflación Baja
"2012-09-14",33,A,277417.53,130.9776667,7.147,Estrés Moderado,Inflación Baja
"2012-09-21",33,A,252709.58000000002,131.0103333,7.147,Estrés Moderado,Inflación Baja
"2012-09-28",33,A,242813.51,131.043,7.147,Estrés Moderado,Inflación Baja
"2012-10-05",33,A,265444.9,131.0756667,6.895,Estrés Moderado,Inflación Baja
"2012-10-12",33,A,291781.14999999997,131.1083333,6.895,Estrés Moderado,Inflación Baja
"2012-10-19",33,A,254412.34,131.1499677,6.895,Estrés Moderado,Inflación Baja
"2012-10-26",33,A,253731.13,131.1930968,6.895,Estrés Moderado,Inflación Baja
"2010-02-05",34,A,956228.96,126.4420645,9.521,Inestabilidad Laboral,Inflación Baja
"2010-02-12",34,A,994610.99,126.4962581,9.521,Inestabilidad Laboral,Inflación Baja
"2010-02-19",34,A,983963.07,126.5262857,9.521,Inestabilidad Laboral,Inflación Baja
"2010-02-26",34,A,905756.13,126.5522857,9.521,Inestabilidad Laboral,Inflación Baja
"2010-03-05",34,A,918295.79,126.5782857,9.521,Inestabilidad Laboral,Inflación Baja
"2010-03-12",34,A,921247.88,126.6042857,9.521,Inestabilidad Laboral,Inflación Baja
"2010-03-19",34,A,892070.82,126.6066452,9.521,Inestabilidad Laboral,Inflación Baja
"2010-03-26",34,A,880742.35,126.6050645,9.521,Inestabilidad Laboral,Inflación Baja
"2010-04-02",34,A,979428.66,126.6034839,9.593,Inestabilidad Laboral,Inflación Baja
"2010-04-09",34,A,950684.2,126.6019032,9.593,Inestabilidad Laboral,Inflación Baja
"2010-04-16",34,A,923344.54,126.5621,9.593,Inestabilidad Laboral,Inflación Baja
"2010-04-23",34,A,910240.68,126.4713333,9.593,Inestabilidad Laboral,Inflación Baja
"2010-04-30",34,A,859922.19,126.3805667,9.593,Inestabilidad Laboral,Inflación Baja
"2010-05-07",34,A,953495.48,126.2898,9.593,Inestabilidad Laboral,Inflación Baja
"2010-05-14",34,A,933924.44,126.2085484,9.593,Inestabilidad Laboral,Inflación Baja
"2010-05-21",34,A,913616.32,126.1843871,9.593,Inestabilidad Laboral,Inflación Baja
"2010-05-28",34,A,942868.38,126.1602258,9.593,Inestabilidad Laboral,Inflación Baja
"2010-06-04",34,A,966187.51,126.1360645,9.593,Inestabilidad Laboral,Inflación Baja
"2010-06-11",34,A,954681.56,126.1119032,9.593,Inestabilidad Laboral,Inflación Baja
"2010-06-18",34,A,941612.04,126.114,9.593,Inestabilidad Laboral,Inflación Baja
"2010-06-25",34,A,895800.0700000001,126.1266,9.593,Inestabilidad Laboral,Inflación Baja
"2010-07-02",34,A,919229.36,126.1392,9.816,Inestabilidad Laboral,Inflación Baja
"2010-07-09",34,A,911210.81,126.1518,9.816,Inestabilidad Laboral,Inflación Baja
"2010-07-16",34,A,930269.79,126.1498065,9.816,Inestabilidad Laboral,Inflación Baja
"2010-07-23",34,A,902050.95,126.1283548,9.816,Inestabilidad Laboral,Inflación Baja
"2010-07-30",34,A,875976.83,126.1069032,9.816,Inestabilidad Laboral,Inflación Baja
"2010-08-06",34,A,987435.35,126.0854516,9.816,Inestabilidad Laboral,Inflación Baja
"2010-08-13",34,A,951208.65,126.064,9.816,Inestabilidad Laboral,Inflación Baja
"2010-08-20",34,A,985152.9400000001,126.0766452,9.816,Inestabilidad Laboral,Inflación Baja
"2010-08-27",34,A,855421.39,126.0892903,9.816,Inestabilidad Laboral,Inflación Baja
"2010-09-03",34,A,964356.74,126.1019355,9.816,Inestabilidad Laboral,Inflación Baja
"2010-09-10",34,A,932240.96,126.1145806,9.816,Inestabilidad Laboral,Inflación Baja
"2010-09-17",34,A,885445.47,126.1454667,9.816,Inestabilidad Laboral,Inflación Baja
"2010-09-24",34,A,867539.07,126.1900333,9.816,Inestabilidad Laboral,Inflación Baja
"2010-10-01",34,A,865709.11,126.2346,10.21,Inestabilidad Laboral,Inflación Baja
"2010-10-08",34,A,931710.67,126.2791667,10.21,Inestabilidad Laboral,Inflación Baja
"2010-10-15",34,A,888703.62,126.3266774,10.21,Inestabilidad Laboral,Inflación Baja
"2010-10-22",34,A,936293.6,126.3815484,10.21,Inestabilidad Laboral,Inflación Baja
"2010-10-29",34,A,926294.02,126.4364194,10.21,Inestabilidad Laboral,Inflación Baja
"2010-11-05",34,A,972292.31,126.4912903,10.21,Inestabilidad Laboral,Inflación Baja
"2010-11-12",34,A,979730.78,126.5461613,10.21,Inestabilidad Laboral,Inflación Baja
"2010-11-19",34,A,955766.33,126.6072,10.21,Inestabilidad Laboral,Inflación Baja
"2010-11-26",34,A,1309476.68,126.6692667,10.21,Inestabilidad Laboral,Inflación Baja
"2010-12-03",34,A,1001512.21,126.7313333,10.21,Inestabilidad Laboral,Inflación Baja
"2010-12-10",34,A,1086661.02,126.7934,10.21,Inestabilidad Laboral,Inflación Baja
"2010-12-17",34,A,1227148.13,126.8794839,10.21,Inestabilidad Laboral,Inflación Baja
"2010-12-24",34,A,1620748.25,126.9835806,10.21,Inestabilidad Laboral,Inflación Baja
"2010-12-31",34,A,902109.6900000001,127.0876774,10.21,Inestabilidad Laboral,Inflación Baja
"2011-01-07",34,A,900646.9400000001,127.1917742,10.398,Inestabilidad Laboral,Inflación Baja
"2011-01-14",34,A,898610.33,127.3009355,10.398,Inestabilidad Laboral,Inflación Baja
"2011-01-21",34,A,891025.39,127.4404839,10.398,Inestabilidad Laboral,Inflación Baja
"2011-01-28",34,A,836717.75,127.5800323,10.398,Inestabilidad Laboral,Inflación Baja
"2011-02-04",34,A,971932.87,127.7195806,10.398,Inestabilidad Laboral,Inflación Baja
"2011-02-11",34,A,1015654.6,127.859129,10.398,Inestabilidad Laboral,Inflación Baja
"2011-02-18",34,A,1062629.3,127.99525,10.398,Inestabilidad Laboral,Inflación Baja
"2011-02-25",34,A,953331.45,128.13,10.398,Inestabilidad Laboral,Inflación Baja
"2011-03-04",34,A,963910.8099999999,128.26475,10.398,Inestabilidad Laboral,Inflación Baja
"2011-03-11",34,A,943951.67,128.3995,10.398,Inestabilidad Laboral,Inflación Baja
"2011-03-18",34,A,1014218.8,128.5121935,10.398,Inestabilidad Laboral,Inflación Baja
"2011-03-25",34,A,922898.38,128.6160645,10.398,Inestabilidad Laboral,Inflación Baja
"2011-04-01",34,A,884233.67,128.7199355,10.581,Inestabilidad Laboral,Inflación Baja
"2011-04-08",34,A,975479.83,128.8238065,10.581,Inestabilidad Laboral,Inflación Baja
"2011-04-15",34,A,941829.0,128.9107333,10.581,Inestabilidad Laboral,Inflación Baja
"2011-04-22",34,A,1051518.45,128.9553,10.581,Inestabilidad Laboral,Inflación Baja
"2011-04-29",34,A,895973.02,128.9998667,10.581,Inestabilidad Laboral,Inflación Baja
"2011-05-06",34,A,965853.58,129.0444333,10.581,Inestabilidad Laboral,Inflación Baja
"2011-05-13",34,A,966232.6900000001,129.089,10.581,Inestabilidad Laboral,Inflación Baja
"2011-05-20",34,A,945018.83,129.0756774,10.581,Inestabilidad Laboral,Inflación Baja
"2011-05-27",34,A,941311.83,129.0623548,10.581,Inestabilidad Laboral,Inflación Baja
"2011-06-03",34,A,947229.24,129.0490323,10.581,Inestabilidad Laboral,Inflación Baja
"2011-06-10",34,A,943912.77,129.0357097,10.581,Inestabilidad Laboral,Inflación Baja
"2011-06-17",34,A,968258.0900000001,129.0432,10.581,Inestabilidad Laboral,Inflación Baja
"2011-06-24",34,A,923795.04,129.0663,10.581,Inestabilidad Laboral,Inflación Baja
"2011-07-01",34,A,911106.22,129.0894,10.641,Inestabilidad Laboral,Inflación Baja
"2011-07-08",34,A,926934.5700000001,129.1125,10.641,Inestabilidad Laboral,Inflación Baja
"2011-07-15",34,A,903882.96,129.1338387,10.641,Inestabilidad Laboral,Inflación Baja
"2011-07-22",34,A,913236.62,129.1507742,10.641,Inestabilidad Laboral,Inflación Baja
"2011-07-29",34,A,851461.9,129.1677097,10.641,Inestabilidad Laboral,Inflación Baja
"2011-08-05",34,A,942236.45,129.1846452,10.641,Inestabilidad Laboral,Inflación Baja
"2011-08-12",34,A,956251.1799999999,129.2015806,10.641,Inestabilidad Laboral,Inflación Baja
"2011-08-19",34,A,960418.54,129.2405806,10.641,Inestabilidad Laboral,Inflación Baja
"2011-08-26",34,A,871404.6,129.2832581,10.641,Inestabilidad Laboral,Inflación Baja
"2011-09-02",34,A,926455.64,129.3259355,10.641,Inestabilidad Laboral,Inflación Baja
"2011-09-09",34,A,930506.14,129.3686129,10.641,Inestabilidad Laboral,Inflación Baja
"2011-09-16",34,A,927249.61,129.4306,10.641,Inestabilidad Laboral,Inflación Baja
"2011-09-23",34,A,902852.73,129.5183333,10.641,Inestabilidad Laboral,Inflación Baja
"2011-09-30",34,A,871847.85,129.6060667,10.641,Inestabilidad Laboral,Inflación Baja
"2011-10-07",34,A,954069.45,129.6938,10.148,Inestabilidad Laboral,Inflación Baja
"2011-10-14",34,A,911788.79,129.7706452,10.148,Inestabilidad Laboral,Inflación Baja
"2011-10-21",34,A,953693.23,129.7821613,10.148,Inestabilidad Laboral,Inflación Baja
"2011-10-28",34,A,958063.87,129.7936774,10.148,Inestabilidad Laboral,Inflación Baja
"2011-11-04",34,A,992621.9299999999,129.8051935,10.148,Inestabilidad Laboral,Inflación Baja
"2011-11-11",34,A,991570.02,129.8167097,10.148,Inestabilidad Laboral,Inflación Baja
"2011-11-18",34,A,947552.44,129.8268333,10.148,Inestabilidad Laboral,Inflación Baja
"2011-11-25",34,A,1345595.82,129.8364,10.148,Inestabilidad Laboral,Inflación Baja
"2011-12-02",34,A,988742.08,129.8459667,10.148,Inestabilidad Laboral,Inflación Baja
"2011-12-09",34,A,1084243.91,129.8555333,10.148,Inestabilidad Laboral,Inflación Baja
"2011-12-16",34,A,1151052.86,129.8980645,10.148,Inestabilidad Laboral,Inflación Baja
"2011-12-23",34,A,1593655.96,129.9845484,10.148,Inestabilidad Laboral,Inflación Baja
"2011-12-30",34,A,965512.36,130.0710323,10.148,Inestabilidad Laboral,Inflación Baja
"2012-01-06",34,A,953844.85,130.1575161,9.653,Inestabilidad Laboral,Inflación Baja
"2012-01-13",34,A,913755.12,130.244,9.653,Inestabilidad Laboral,Inflación Baja
"2012-01-20",34,A,910899.05,130.2792258,9.653,Inestabilidad Laboral,Inflación Baja
"2012-01-27",34,A,872450.37,130.3144516,9.653,Inestabilidad Laboral,Inflación Baja
"2012-02-03",34,A,939367.14,130.3496774,9.653,Inestabilidad Laboral,Inflación Baja
"2012-02-10",34,A,1047658.09,130.3849032,9.653,Inestabilidad Laboral,Inflación Baja
"2012-02-17",34,A,1123446.51,130.4546207,9.653,Inestabilidad Laboral,Inflación Baja
"2012-02-24",34,A,950154.24,130.5502069,9.653,Inestabilidad Laboral,Inflación Baja
"2012-03-02",34,A,990263.7,130.6457931,9.653,Inestabilidad Laboral,Inflación Baja
"2012-03-09",34,A,976393.43,130.7413793,9.653,Inestabilidad Laboral,Inflación Baja
"2012-03-16",34,A,999298.43,130.8261935,9.653,Inestabilidad Laboral,Inflación Baja
"2012-03-23",34,A,945143.33,130.8966452,9.653,Inestabilidad Laboral,Inflación Baja
"2012-03-30",34,A,938861.77,130.9670968,9.653,Inestabilidad Laboral,Inflación Baja
"2012-04-06",34,A,1091020.3699999999,131.0375484,9.575,Inestabilidad Laboral,Inflación Baja
"2012-04-13",34,A,987353.65,131.108,9.575,Inestabilidad Laboral,Inflación Baja
"2012-04-20",34,A,977628.78,131.1173333,9.575,Inestabilidad Laboral,Inflación Baja
"2012-04-27",34,A,940299.87,131.1266667,9.575,Inestabilidad Laboral,Inflación Baja
"2012-05-04",34,A,991104.4,131.136,9.575,Inestabilidad Laboral,Inflación Baja
"2012-05-11",34,A,949625.52,131.1453333,9.575,Inestabilidad Laboral,Inflación Baja
"2012-05-18",34,A,998672.85,131.0983226,9.575,Inestabilidad Laboral,Inflación Baja
"2012-05-25",34,A,1015737.61,131.0287742,9.575,Inestabilidad Laboral,Inflación Baja
"2012-06-01",34,A,977062.44,130.9592258,9.575,Inestabilidad Laboral,Inflación Baja
"2012-06-08",34,A,999511.29,130.8896774,9.575,Inestabilidad Laboral,Inflación Baja
"2012-06-15",34,A,982345.51,130.8295333,9.575,Inestabilidad Laboral,Inflación Baja
"2012-06-22",34,A,1000285.1,130.7929,9.575,Inestabilidad Laboral,Inflación Baja
"2012-06-29",34,A,942970.63,130.7562667,9.575,Inestabilidad Laboral,Inflación Baja
"2012-07-06",34,A,1007867.6799999999,130.7196333,9.285,Inestabilidad Laboral,Inflación Baja
"2012-07-13",34,A,954677.75,130.683,9.285,Inestabilidad Laboral,Inflación Baja
"2012-07-20",34,A,950929.59,130.7012903,9.285,Inestabilidad Laboral,Inflación Baja
"2012-07-27",34,A,917883.79,130.7195806,9.285,Inestabilidad Laboral,Inflación Baja
"2012-08-03",34,A,973250.41,130.737871,9.285,Inestabilidad Laboral,Inflación Baja
"2012-08-10",34,A,1004523.59,130.7561613,9.285,Inestabilidad Laboral,Inflación Baja
"2012-08-17",34,A,1013820.86,130.7909677,9.285,Inestabilidad Laboral,Inflación Baja
"2012-08-24",34,A,926250.21,130.8381613,9.285,Inestabilidad Laboral,Inflación Baja
"2012-08-31",34,A,933487.71,130.8853548,9.285,Inestabilidad Laboral,Inflación Baja
"2012-09-07",34,A,976415.56,130.9325484,9.285,Inestabilidad Laboral,Inflación Baja
"2012-09-14",34,A,955211.7,130.9776667,9.285,Inestabilidad Laboral,Inflación Baja
"2012-09-21",34,A,943047.78,131.0103333,9.285,Inestabilidad Laboral,Inflación Baja
"2012-09-28",34,A,928629.31,131.043,9.285,Inestabilidad Laboral,Inflación Baja
"2012-10-05",34,A,968896.68,131.0756667,8.839,Inestabilidad Laboral,Inflación Baja
"2012-10-12",34,A,948613.39,131.1083333,8.839,Inestabilidad Laboral,Inflación Baja
"2012-10-19",34,A,963516.28,131.1499677,8.839,Inestabilidad Laboral,Inflación Baja
"2012-10-26",34,A,956987.8099999999,131.1930968,8.839,Inestabilidad Laboral,Inflación Baja
"2010-02-05",35,B,1230613.5,135.3524608,9.262,Inestabilidad Laboral,Inflación Baja
"2010-02-12",35,B,1168815.31,135.4113076,9.262,Inestabilidad Laboral,Inflación Baja
"2010-02-19",35,B,1270658.64,135.4657781,9.262,Inestabilidad Laboral,Inflación Baja
"2010-02-26",35,B,1020651.74,135.5195191,9.262,Inestabilidad Laboral,Inflación Baja
"2010-03-05",35,B,1162610.27,135.5732602,9.262,Inestabilidad Laboral,Inflación Baja
"2010-03-12",35,B,1150344.39,135.6270013,9.262,Inestabilidad Laboral,Inflación Baja
"2010-03-19",35,B,1117536.09,135.6682247,9.262,Inestabilidad Laboral,Inflación Baja
"2010-03-26",35,B,1078900.44,135.7073618,9.262,Inestabilidad Laboral,Inflación Baja
"2010-04-02",35,B,1189556.47,135.7464988,9.051,Inestabilidad Laboral,Inflación Baja
"2010-04-09",35,B,1198014.97,135.7856359,9.051,Inestabilidad Laboral,Inflación Baja
"2010-04-16",35,B,1084487.55,135.82725,9.051,Inestabilidad Laboral,Inflación Baja
"2010-04-23",35,B,1110827.48,135.8721667,9.051,Inestabilidad Laboral,Inflación Baja
"2010-04-30",35,B,1096930.65,135.9170833,9.051,Inestabilidad Laboral,Inflación Baja
"2010-05-07",35,B,1182099.88,135.962,9.051,Inestabilidad Laboral,Inflación Baja
"2010-05-14",35,B,1104277.57,136.010394,9.051,Inestabilidad Laboral,Inflación Baja
"2010-05-21",35,B,1078182.18,136.0796521,9.051,Inestabilidad Laboral,Inflación Baja
"2010-05-28",35,B,1223777.48,136.1489101,9.051,Inestabilidad Laboral,Inflación Baja
"2010-06-04",35,B,1282378.71,136.2181682,9.051,Inestabilidad Laboral,Inflación Baja
"2010-06-11",35,B,1160412.71,136.2874263,9.051,Inestabilidad Laboral,Inflación Baja
"2010-06-18",35,B,1198025.76,136.3243393,9.051,Inestabilidad Laboral,Inflación Baja
"2010-06-25",35,B,1230245.74,136.3483143,9.051,Inestabilidad Laboral,Inflación Baja
"2010-07-02",35,B,1245827.08,136.3722893,8.861,Inestabilidad Laboral,Inflación Baja
"2010-07-09",35,B,1268766.76,136.3962643,8.861,Inestabilidad Laboral,Inflación Baja
"2010-07-16",35,B,1124414.8699999999,136.4179827,8.861,Inestabilidad Laboral,Inflación Baja
"2010-07-23",35,B,1121756.43,136.4366924,8.861,Inestabilidad Laboral,Inflación Baja
"2010-07-30",35,B,1139131.78,136.4554021,8.861,Inestabilidad Laboral,Inflación Baja
"2010-08-06",35,B,1180183.39,136.4741118,8.861,Inestabilidad Laboral,Inflación Baja
"2010-08-13",35,B,1090587.5,136.4928214,8.861,Inestabilidad Laboral,Inflación Baja
"2010-08-20",35,B,1033719.5,136.5249182,8.861,Inestabilidad Laboral,Inflación Baja
"2010-08-27",35,B,917693.06,136.557015,8.861,Inestabilidad Laboral,Inflación Baja
"2010-09-03",35,B,948660.79,136.5891118,8.861,Inestabilidad Laboral,Inflación Baja
"2010-09-10",35,B,961685.98,136.6212085,8.861,Inestabilidad Laboral,Inflación Baja
"2010-09-17",35,B,831443.61,136.6338071,8.861,Inestabilidad Laboral,Inflación Baja
"2010-09-24",35,B,758069.78,136.6317821,8.861,Inestabilidad Laboral,Inflación Baja
"2010-10-01",35,B,771065.21,136.6297571,8.763,Inestabilidad Laboral,Inflación Baja
"2010-10-08",35,B,874615.32,136.6277321,8.763,Inestabilidad Laboral,Inflación Baja
"2010-10-15",35,B,798376.99,136.6401935,8.763,Inestabilidad Laboral,Inflación Baja
"2010-10-22",35,B,827705.82,136.688871,8.763,Inestabilidad Laboral,Inflación Baja
"2010-10-29",35,B,857797.33,136.7375484,8.763,Inestabilidad Laboral,Inflación Baja
"2010-11-05",35,B,843755.12,136.7862258,8.763,Inestabilidad Laboral,Inflación Baja
"2010-11-12",35,B,870914.6900000001,136.8349032,8.763,Inestabilidad Laboral,Inflación Baja
"2010-11-19",35,B,846850.35,136.7715714,8.763,Inestabilidad Laboral,Inflación Baja
"2010-11-26",35,B,1781866.98,136.6895714,8.763,Inestabilidad Laboral,Inflación Baja
"2010-12-03",35,B,982598.88,136.6075714,8.763,Inestabilidad Laboral,Inflación Baja
"2010-12-10",35,B,1108580.19,136.5255714,8.763,Inestabilidad Laboral,Inflación Baja
"2010-12-17",35,B,1314987.4,136.5292811,8.763,Inestabilidad Laboral,Inflación Baja
"2010-12-24",35,B,1779236.54,136.597273,8.763,Inestabilidad Laboral,Inflación Baja
"2010-12-31",35,B,576332.05,136.665265,8.763,Inestabilidad Laboral,Inflación Baja
"2011-01-07",35,B,649289.75,136.7332569,8.549,Inestabilidad Laboral,Inflación Baja
"2011-01-14",35,B,687670.78,136.803477,8.549,Inestabilidad Laboral,Inflación Baja
"2011-01-21",35,B,659902.07,136.8870657,8.549,Inestabilidad Laboral,Inflación Baja
"2011-01-28",35,B,633289.78,136.9706544,8.549,Inestabilidad Laboral,Inflación Baja
"2011-02-04",35,B,747577.05,137.0542431,8.549,Inestabilidad Laboral,Inflación Baja
"2011-02-11",35,B,859258.17,137.1378318,8.549,Inestabilidad Laboral,Inflación Baja
"2011-02-18",35,B,865305.88,137.2511849,8.549,Inestabilidad Laboral,Inflación Baja
"2011-02-25",35,B,841129.26,137.3764439,8.549,Inestabilidad Laboral,Inflación Baja
"2011-03-04",35,B,850448.54,137.5017028,8.549,Inestabilidad Laboral,Inflación Baja
"2011-03-11",35,B,830601.39,137.6269617,8.549,Inestabilidad Laboral,Inflación Baja
"2011-03-18",35,B,800662.82,137.7398929,8.549,Inestabilidad Laboral,Inflación Baja
"2011-03-25",35,B,762184.1,137.8478929,8.549,Inestabilidad Laboral,Inflación Baja
"2011-04-01",35,B,762620.9400000001,137.9558929,8.512,Inestabilidad Laboral,Inflación Baja
"2011-04-08",35,B,813352.41,138.0638929,8.512,Inestabilidad Laboral,Inflación Baja
"2011-04-15",35,B,795157.2,138.1646952,8.512,Inestabilidad Laboral,Inflación Baja
"2011-04-22",35,B,841778.34,138.2475036,8.512,Inestabilidad Laboral,Inflación Baja
"2011-04-29",35,B,811824.06,138.3303119,8.512,Inestabilidad Laboral,Inflación Baja
"2011-05-06",35,B,835181.18,138.4131202,8.512,Inestabilidad Laboral,Inflación Baja
"2011-05-13",35,B,826155.95,138.4959286,8.512,Inestabilidad Laboral,Inflación Baja
"2011-05-20",35,B,776838.56,138.587106,8.512,Inestabilidad Laboral,Inflación Baja
"2011-05-27",35,B,850708.6,138.6782834,8.512,Inestabilidad Laboral,Inflación Baja
"2011-06-03",35,B,955466.84,138.7694608,8.512,Inestabilidad Laboral,Inflación Baja
"2011-06-10",35,B,855130.21,138.8606382,8.512,Inestabilidad Laboral,Inflación Baja
"2011-06-17",35,B,828594.86,139.0028333,8.512,Inestabilidad Laboral,Inflación Baja
"2011-06-24",35,B,849397.57,139.1832917,8.512,Inestabilidad Laboral,Inflación Baja
"2011-07-01",35,B,874453.88,139.36375,8.684,Inestabilidad Laboral,Inflación Baja
"2011-07-08",35,B,827717.85,139.5442083,8.684,Inestabilidad Laboral,Inflación Baja
"2011-07-15",35,B,813845.5,139.7006325,8.684,Inestabilidad Laboral,Inflación Baja
"2011-07-22",35,B,820188.42,139.7969712,8.684,Inestabilidad Laboral,Inflación Baja
"2011-07-29",35,B,770820.27,139.8933099,8.684,Inestabilidad Laboral,Inflación Baja
"2011-08-05",35,B,826820.71,139.9896486,8.684,Inestabilidad Laboral,Inflación Baja
"2011-08-12",35,B,819911.89,140.0859873,8.684,Inestabilidad Laboral,Inflación Baja
"2011-08-19",35,B,820288.35,140.1289205,8.684,Inestabilidad Laboral,Inflación Baja
"2011-08-26",35,B,897037.25,140.1629528,8.684,Inestabilidad Laboral,Inflación Baja
"2011-09-02",35,B,813486.55,140.196985,8.684,Inestabilidad Laboral,Inflación Baja
"2011-09-09",35,B,922440.64,140.2310173,8.684,Inestabilidad Laboral,Inflación Baja
"2011-09-16",35,B,738792.11,140.2735,8.684,Inestabilidad Laboral,Inflación Baja
"2011-09-23",35,B,705802.45,140.32725,8.684,Inestabilidad Laboral,Inflación Baja
"2011-09-30",35,B,749676.95,140.381,8.684,Inestabilidad Laboral,Inflación Baja
"2011-10-07",35,B,791637.53,140.43475,8.745,Inestabilidad Laboral,Inflación Baja
"2011-10-14",35,B,772859.25,140.4784194,8.745,Inestabilidad Laboral,Inflación Baja
"2011-10-21",35,B,811328.4,140.4616048,8.745,Inestabilidad Laboral,Inflación Baja
"2011-10-28",35,B,808821.5,140.4447903,8.745,Inestabilidad Laboral,Inflación Baja
"2011-11-04",35,B,653468.75,140.4279758,8.745,Inestabilidad Laboral,Inflación Baja
"2011-11-11",35,B,880576.33,140.4111613,8.745,Inestabilidad Laboral,Inflación Baja
"2011-11-18",35,B,820964.1,140.4127857,8.745,Inestabilidad Laboral,Inflación Baja
"2011-11-25",35,B,1733822.4000000001,140.4217857,8.745,Inestabilidad Laboral,Inflación Baja
"2011-12-02",35,B,903606.03,140.4307857,8.745,Inestabilidad Laboral,Inflación Baja
"2011-12-09",35,B,948964.99,140.4397857,8.745,Inestabilidad Laboral,Inflación Baja
"2011-12-16",35,B,1115255.65,140.4700795,8.745,Inestabilidad Laboral,Inflación Baja
"2011-12-23",35,B,1550214.02,140.528765,8.745,Inestabilidad Laboral,Inflación Baja
"2011-12-30",35,B,904650.55,140.5874505,8.745,Inestabilidad Laboral,Inflación Baja
"2012-01-06",35,B,671708.09,140.6461359,8.744,Inestabilidad Laboral,Inflación Baja
"2012-01-13",35,B,625135.11,140.7048214,8.744,Inestabilidad Laboral,Inflación Baja
"2012-01-20",35,B,669850.04,140.8086118,8.744,Inestabilidad Laboral,Inflación Baja
"2012-01-27",35,B,588722.99,140.9124021,8.744,Inestabilidad Laboral,Inflación Baja
"2012-02-03",35,B,746901.03,141.0161924,8.744,Inestabilidad Laboral,Inflación Baja
"2012-02-10",35,B,849779.14,141.1199827,8.744,Inestabilidad Laboral,Inflación Baja
"2012-02-17",35,B,824568.39,141.2140357,8.744,Inestabilidad Laboral,Inflación Baja
"2012-02-24",35,B,805028.74,141.3007857,8.744,Inestabilidad Laboral,Inflación Baja
"2012-03-02",35,B,766571.1,141.3875357,8.744,Inestabilidad Laboral,Inflación Baja
"2012-03-09",35,B,796351.35,141.4742857,8.744,Inestabilidad Laboral,Inflación Baja
"2012-03-16",35,B,793045.82,141.55478,8.744,Inestabilidad Laboral,Inflación Baja
"2012-03-23",35,B,760671.1,141.6269332,8.744,Inestabilidad Laboral,Inflación Baja
"2012-03-30",35,B,744525.69,141.6990864,8.744,Inestabilidad Laboral,Inflación Baja
"2012-04-06",35,B,860293.46,141.7712396,8.876,Inestabilidad Laboral,Inflación Baja
"2012-04-13",35,B,788633.42,141.8433929,8.876,Inestabilidad Laboral,Inflación Baja
"2012-04-20",35,B,794660.24,141.9015262,8.876,Inestabilidad Laboral,Inflación Baja
"2012-04-27",35,B,721212.45,141.9596595,8.876,Inestabilidad Laboral,Inflación Baja
"2012-05-04",35,B,772036.6,142.0177929,8.876,Inestabilidad Laboral,Inflación Baja
"2012-05-11",35,B,802383.63,142.0759262,8.876,Inestabilidad Laboral,Inflación Baja
"2012-05-18",35,B,819196.68,142.0970115,8.876,Inestabilidad Laboral,Inflación Baja
"2012-05-25",35,B,822167.17,142.1032776,8.876,Inestabilidad Laboral,Inflación Baja
"2012-06-01",35,B,932195.52,142.1095438,8.876,Inestabilidad Laboral,Inflación Baja
"2012-06-08",35,B,873415.01,142.1158099,8.876,Inestabilidad Laboral,Inflación Baja
"2012-06-15",35,B,848289.41,142.1292548,8.876,Inestabilidad Laboral,Inflación Baja
"2012-06-22",35,B,911696.0,142.1606464,8.876,Inestabilidad Laboral,Inflación Baja
"2012-06-29",35,B,892133.41,142.1920381,8.876,Inestabilidad Laboral,Inflación Baja
"2012-07-06",35,B,985479.64,142.2234298,8.839,Inestabilidad Laboral,Inflación Baja
"2012-07-13",35,B,825763.48,142.2548214,8.839,Inestabilidad Laboral,Inflación Baja
"2012-07-20",35,B,841224.74,142.2337569,8.839,Inestabilidad Laboral,Inflación Baja
"2012-07-27",35,B,808030.15,142.2126924,8.839,Inestabilidad Laboral,Inflación Baja
"2012-08-03",35,B,866216.36,142.1916279,8.839,Inestabilidad Laboral,Inflación Baja
"2012-08-10",35,B,888368.8,142.1705634,8.839,Inestabilidad Laboral,Inflación Baja
"2012-08-17",35,B,887979.47,142.2157385,8.839,Inestabilidad Laboral,Inflación Baja
"2012-08-24",35,B,895274.72,142.3105933,8.839,Inestabilidad Laboral,Inflación Baja
"2012-08-31",35,B,931278.97,142.4054482,8.839,Inestabilidad Laboral,Inflación Baja
"2012-09-07",35,B,984833.35,142.500303,8.839,Inestabilidad Laboral,Inflación Baja
"2012-09-14",35,B,821568.64,142.5938833,8.839,Inestabilidad Laboral,Inflación Baja
"2012-09-21",35,B,772302.9400000001,142.6798167,8.839,Inestabilidad Laboral,Inflación Baja
"2012-09-28",35,B,814099.86,142.76575,8.839,Inestabilidad Laboral,Inflación Baja
"2012-10-05",35,B,866064.4,142.8516833,8.665,Inestabilidad Laboral,Inflación Baja
"2012-10-12",35,B,873643.14,142.9376167,8.665,Inestabilidad Laboral,Inflación Baja
"2012-10-19",35,B,829284.67,142.8633629,8.665,Inestabilidad Laboral,Inflación Baja
"2012-10-26",35,B,865137.6,142.7624113,8.665,Inestabilidad Laboral,Inflación Baja
"2010-02-05",36,A,467546.74,209.8529663,8.554,Inestabilidad Laboral,Inflación Alta
"2010-02-12",36,A,469563.7,209.9970208,8.554,Inestabilidad Laboral,Inflación Alta
"2010-02-19",36,A,470281.03,210.0451024,8.554,Inestabilidad Laboral,Inflación Alta
"2010-02-26",36,A,447519.44,210.0771885,8.554,Inestabilidad Laboral,Inflación Alta
"2010-03-05",36,A,480203.43,210.1092746,8.554,Inestabilidad Laboral,Inflación Alta
"2010-03-12",36,A,441434.2,210.1413607,8.554,Inestabilidad Laboral,Inflación Alta
"2010-03-19",36,A,428851.99,209.9803208,8.554,Inestabilidad Laboral,Inflación Alta
"2010-03-26",36,A,404438.51,209.7870932,8.554,Inestabilidad Laboral,Inflación Alta
"2010-04-02",36,A,435972.82,209.5938656,8.464,Estrés Moderado,Inflación Alta
"2010-04-09",36,A,453016.91000000003,209.400638,8.464,Estrés Moderado,Inflación Alta
"2010-04-16",36,A,483699.56,209.2691428,8.464,Estrés Moderado,Inflación Alta
"2010-04-23",36,A,434116.8,209.2199574,8.464,Estrés Moderado,Inflación Alta
"2010-04-30",36,A,457899.64,209.170772,8.464,Estrés Moderado,Inflación Alta
"2010-05-07",36,A,489372.02,209.1215867,8.464,Estrés Moderado,Inflación Alta
"2010-05-14",36,A,476733.74,209.118536,8.464,Estrés Moderado,Inflación Alta
"2010-05-21",36,A,474917.98,209.3922937,8.464,Estrés Moderado,Inflación Alta
"2010-05-28",36,A,447050.42,209.6660514,8.464,Estrés Moderado,Inflación Alta
"2010-06-04",36,A,471088.88,209.9398091,8.464,Estrés Moderado,Inflación Alta
"2010-06-11",36,A,467711.18,210.2135668,8.464,Estrés Moderado,Inflación Alta
"2010-06-18",36,A,485694.72000000003,210.2108417,8.464,Estrés Moderado,Inflación Alta
"2010-06-25",36,A,434879.87,210.0975233,8.464,Estrés Moderado,Inflación Alta
"2010-07-02",36,A,434252.14999999997,209.984205,8.36,Estrés Moderado,Inflación Alta
"2010-07-09",36,A,471713.59,209.8708867,8.36,Estrés Moderado,Inflación Alta
"2010-07-16",36,A,466962.04,209.8630532,8.36,Estrés Moderado,Inflación Alta
"2010-07-23",36,A,452021.2,209.9958663,8.36,Estrés Moderado,Inflación Alta
"2010-07-30",36,A,432451.91,210.1286794,8.36,Estrés Moderado,Inflación Alta
"2010-08-06",36,A,467442.94,210.2614925,8.36,Estrés Moderado,Inflación Alta
"2010-08-13",36,A,470436.8,210.3943056,8.36,Estrés Moderado,Inflación Alta
"2010-08-20",36,A,437949.9,210.3617581,8.36,Estrés Moderado,Inflación Alta
"2010-08-27",36,A,412050.73000000004,210.3292106,8.36,Estrés Moderado,Inflación Alta
"2010-09-03",36,A,431294.45,210.2966631,8.36,Estrés Moderado,Inflación Alta
"2010-09-10",36,A,434471.38,210.2641156,8.36,Estrés Moderado,Inflación Alta
"2010-09-17",36,A,454694.21,210.2924504,8.36,Estrés Moderado,Inflación Alta
"2010-09-24",36,A,419348.58999999997,210.3664469,8.36,Estrés Moderado,Inflación Alta
"2010-10-01",36,A,422169.47000000003,210.4404433,8.476,Estrés Moderado,Inflación Alta
"2010-10-08",36,A,444351.61,210.5144398,8.476,Estrés Moderado,Inflación Alta
"2010-10-15",36,A,453308.15,210.5805944,8.476,Estrés Moderado,Inflación Alta
"2010-10-22",36,A,424956.3,210.6271444,8.476,Estrés Moderado,Inflación Alta
"2010-10-29",36,A,392654.26,210.6736944,8.476,Estrés Moderado,Inflación Alta
"2010-11-05",36,A,405860.37,210.7202444,8.476,Estrés Moderado,Inflación Alta
"2010-11-12",36,A,425804.8,210.7667944,8.476,Estrés Moderado,Inflación Alta
"2010-11-19",36,A,411615.71,210.65429,8.476,Estrés Moderado,Inflación Alta
"2010-11-26",36,A,408891.49,210.5152765,8.476,Estrés Moderado,Inflación Alta
"2010-12-03",36,A,360266.09,210.376263,8.476,Estrés Moderado,Inflación Alta
"2010-12-10",36,A,404545.02999999997,210.2372494,8.476,Estrés Moderado,Inflación Alta
"2010-12-17",36,A,410214.7,210.1787224,8.476,Estrés Moderado,Inflación Alta
"2010-12-24",36,A,422093.59,210.1805602,8.476,Estrés Moderado,Inflación Alta
"2010-12-31",36,A,359310.64999999997,210.182398,8.476,Estrés Moderado,Inflación Alta
"2011-01-07",36,A,384659.85,210.1842358,8.395,Estrés Moderado,Inflación Alta
"2011-01-14",36,A,410497.73,210.2379731,8.395,Estrés Moderado,Inflación Alta
"2011-01-21",36,A,399191.05,210.6031072,8.395,Estrés Moderado,Inflación Alta
"2011-01-28",36,A,372174.12,210.9682412,8.395,Estrés Moderado,Inflación Alta
"2011-02-04",36,A,417521.7,211.3333753,8.395,Estrés Moderado,Inflación Alta
"2011-02-11",36,A,401501.2,211.6985093,8.395,Estrés Moderado,Inflación Alta
"2011-02-18",36,A,427175.03,212.0063522,8.395,Estrés Moderado,Inflación Alta
"2011-02-25",36,A,380279.44,212.2912786,8.395,Estrés Moderado,Inflación Alta
"2011-03-04",36,A,402579.84,212.576205,8.395,Estrés Moderado,Inflación Alta
"2011-03-11",36,A,407506.77999999997,212.8611313,8.395,Estrés Moderado,Inflación Alta
"2011-03-18",36,A,431412.22,213.1096787,8.395,Estrés Moderado,Inflación Alta
"2011-03-25",36,A,390732.02,213.3436744,8.395,Estrés Moderado,Inflación Alta
"2011-04-01",36,A,385672.11,213.5776701,8.3,Estrés Moderado,Inflación Alta
"2011-04-08",36,A,428727.61,213.8116658,8.3,Estrés Moderado,Inflación Alta
"2011-04-15",36,A,414986.54,214.026217,8.3,Estrés Moderado,Inflación Alta
"2011-04-22",36,A,374574.72000000003,214.1921572,8.3,Estrés Moderado,Inflación Alta
"2011-04-29",36,A,340708.78,214.3580974,8.3,Estrés Moderado,Inflación Alta
"2011-05-06",36,A,393401.4,214.5240376,8.3,Estrés Moderado,Inflación Alta
"2011-05-13",36,A,395316.65,214.6899778,8.3,Estrés Moderado,Inflación Alta
"2011-05-20",36,A,376183.44,214.465412,8.3,Estrés Moderado,Inflación Alta
"2011-05-27",36,A,348655.2,214.2408462,8.3,Estrés Moderado,Inflación Alta
"2011-06-03",36,A,373703.95,214.0162805,8.3,Estrés Moderado,Inflación Alta
"2011-06-10",36,A,374182.04,213.7917147,8.3,Estrés Moderado,Inflación Alta
"2011-06-17",36,A,394645.25,213.7481256,8.3,Estrés Moderado,Inflación Alta
"2011-06-24",36,A,360009.94,213.8402689,8.3,Estrés Moderado,Inflación Alta
"2011-07-01",36,A,354270.77,213.9324122,8.177,Estrés Moderado,Inflación Alta
"2011-07-08",36,A,377464.62,214.0245556,8.177,Estrés Moderado,Inflación Alta
"2011-07-15",36,A,385631.48,214.1083654,8.177,Estrés Moderado,Inflación Alta
"2011-07-22",36,A,361311.41,214.1713416,8.177,Estrés Moderado,Inflación Alta
"2011-07-29",36,A,354361.08,214.2343177,8.177,Estrés Moderado,Inflación Alta
"2011-08-05",36,A,381017.75,214.2972939,8.177,Estrés Moderado,Inflación Alta
"2011-08-12",36,A,380188.69,214.3602701,8.177,Estrés Moderado,Inflación Alta
"2011-08-19",36,A,373267.58,214.4239935,8.177,Estrés Moderado,Inflación Alta
"2011-08-26",36,A,344964.2,214.4878416,8.177,Estrés Moderado,Inflación Alta
"2011-09-02",36,A,350276.29,214.5516896,8.177,Estrés Moderado,Inflación Alta
"2011-09-09",36,A,352960.64,214.6155376,8.177,Estrés Moderado,Inflación Alta
"2011-09-16",36,A,343108.12,214.7934111,8.177,Estrés Moderado,Inflación Alta
"2011-09-23",36,A,322405.13,215.1233185,8.177,Estrés Moderado,Inflación Alta
"2011-09-30",36,A,314910.37,215.4532259,8.177,Estrés Moderado,Inflación Alta
"2011-10-07",36,A,346137.87,215.7831333,7.716,Estrés Moderado,Inflación Alta
"2011-10-14",36,A,342076.99,216.0885258,7.716,Estrés Moderado,Inflación Alta
"2011-10-21",36,A,328633.33999999997,216.2468287,7.716,Estrés Moderado,Inflación Alta
"2011-10-28",36,A,306193.81,216.4051315,7.716,Estrés Moderado,Inflación Alta
"2011-11-04",36,A,313387.11,216.5634344,7.716,Estrés Moderado,Inflación Alta
"2011-11-11",36,A,328498.92,216.7217373,7.716,Estrés Moderado,Inflación Alta
"2011-11-18",36,A,332901.94,216.9395861,7.716,Estrés Moderado,Inflación Alta
"2011-11-25",36,A,332811.55,217.1812533,7.716,Estrés Moderado,Inflación Alta
"2011-12-02",36,A,293350.51,217.4229206,7.716,Estrés Moderado,Inflación Alta
"2011-12-09",36,A,312298.37,217.6645878,7.716,Estrés Moderado,Inflación Alta
"2011-12-16",36,A,341503.92,217.8781339,7.716,Estrés Moderado,Inflación Alta
"2011-12-23",36,A,325262.46,218.0541851,7.716,Estrés Moderado,Inflación Alta
"2011-12-30",36,A,287425.22,218.2302364,7.716,Estrés Moderado,Inflación Alta
"2012-01-06",36,A,329467.82,218.4062876,7.244,Estrés Moderado,Inflación Alta
"2012-01-13",36,A,325976.34,218.5823389,7.244,Estrés Moderado,Inflación Alta
"2012-01-20",36,A,330927.21,218.6755292,7.244,Estrés Moderado,Inflación Alta
"2012-01-27",36,A,301444.94,218.7687195,7.244,Estrés Moderado,Inflación Alta
"2012-02-03",36,A,310982.87,218.8619099,7.244,Estrés Moderado,Inflación Alta
"2012-02-10",36,A,335741.9,218.9551002,7.244,Estrés Moderado,Inflación Alta
"2012-02-17",36,A,326316.73,219.1148297,7.244,Estrés Moderado,Inflación Alta
"2012-02-24",36,A,313270.45,219.3244636,7.244,Estrés Moderado,Inflación Alta
"2012-03-02",36,A,315396.72,219.5340975,7.244,Estrés Moderado,Inflación Alta
"2012-03-09",36,A,318674.93,219.7437314,7.244,Estrés Moderado,Inflación Alta
"2012-03-16",36,A,335345.82,219.8956335,7.244,Estrés Moderado,Inflación Alta
"2012-03-23",36,A,317872.51,219.9705599,7.244,Estrés Moderado,Inflación Alta
"2012-03-30",36,A,304144.9,220.0454862,7.244,Estrés Moderado,Inflación Alta
"2012-04-06",36,A,331026.11,220.1204125,6.989,Estrés Moderado,Inflación Alta
"2012-04-13",36,A,339407.94,220.1953389,6.989,Estrés Moderado,Inflación Alta
"2012-04-20",36,A,323915.32,220.2483937,6.989,Estrés Moderado,Inflación Alta
"2012-04-27",36,A,308389.82,220.3014485,6.989,Estrés Moderado,Inflación Alta
"2012-05-04",36,A,312467.52,220.3545033,6.989,Estrés Moderado,Inflación Alta
"2012-05-11",36,A,330518.33999999997,220.4075581,6.989,Estrés Moderado,Inflación Alta
"2012-05-18",36,A,324801.13,220.4252149,6.989,Estrés Moderado,Inflación Alta
"2012-05-25",36,A,306098.17,220.4287124,6.989,Estrés Moderado,Inflación Alta
"2012-06-01",36,A,306005.53,220.4322099,6.989,Estrés Moderado,Inflación Alta
"2012-06-08",36,A,338273.38,220.4357073,6.989,Estrés Moderado,Inflación Alta
"2012-06-15",36,A,333146.88,220.4494148,6.989,Estrés Moderado,Inflación Alta
"2012-06-22",36,A,306411.01,220.4886472,6.989,Estrés Moderado,Inflación Alta
"2012-06-29",36,A,291530.43,220.5278796,6.989,Estrés Moderado,Inflación Alta
"2012-07-06",36,A,306578.89,220.567112,6.623,Estrés Moderado,Inflación Alta
"2012-07-13",36,A,298337.41000000003,220.6063444,6.623,Estrés Moderado,Inflación Alta
"2012-07-20",36,A,303289.55,220.6148749,6.623,Estrés Moderado,Inflación Alta
"2012-07-27",36,A,279643.43,220.6234054,6.623,Estrés Moderado,Inflación Alta
"2012-08-03",36,A,304989.97000000003,220.6319358,6.623,Estrés Moderado,Inflación Alta
"2012-08-10",36,A,298947.51,220.6404663,6.623,Estrés Moderado,Inflación Alta
"2012-08-17",36,A,314607.22000000003,220.7199609,6.623,Estrés Moderado,Inflación Alta
"2012-08-24",36,A,282545.55,220.8526787,6.623,Estrés Moderado,Inflación Alta
"2012-08-31",36,A,282647.48,220.9853964,6.623,Estrés Moderado,Inflación Alta
"2012-09-07",36,A,293728.57,221.1181142,6.623,Estrés Moderado,Inflación Alta
"2012-09-14",36,A,301893.63,221.2601207,6.623,Estrés Moderado,Inflación Alta
"2012-09-21",36,A,293804.45,221.4578604,6.623,Estrés Moderado,Inflación Alta
"2012-09-28",36,A,270677.98,221.6556,6.623,Estrés Moderado,Inflación Alta
"2012-10-05",36,A,277137.86,221.8533396,6.228,Estabilidad Laboral,Inflación Alta
"2012-10-12",36,A,300236.85,222.0510793,6.228,Estabilidad Laboral,Inflación Alta
"2012-10-19",36,A,287360.05,222.0951719,6.228,Estabilidad Laboral,Inflación Alta
"2012-10-26",36,A,272489.41,222.1136566,6.228,Estabilidad Laboral,Inflación Alta
"2010-02-05",37,C,536006.73,209.8529663,8.554,Inestabilidad Laboral,Inflación Alta
"2010-02-12",37,C,529852.7,209.9970208,8.554,Inestabilidad Laboral,Inflación Alta
"2010-02-19",37,C,510382.5,210.0451024,8.554,Inestabilidad Laboral,Inflación Alta
"2010-02-26",37,C,513615.82,210.0771885,8.554,Inestabilidad Laboral,Inflación Alta
"2010-03-05",37,C,519255.68,210.1092746,8.554,Inestabilidad Laboral,Inflación Alta
"2010-03-12",37,C,513015.35,210.1413607,8.554,Inestabilidad Laboral,Inflación Alta
"2010-03-19",37,C,460020.74,209.9803208,8.554,Inestabilidad Laboral,Inflación Alta
"2010-03-26",37,C,515777.97,209.7870932,8.554,Inestabilidad Laboral,Inflación Alta
"2010-04-02",37,C,540189.7,209.5938656,8.464,Estrés Moderado,Inflación Alta
"2010-04-09",37,C,513327.55,209.400638,8.464,Estrés Moderado,Inflación Alta
"2010-04-16",37,C,524544.83,209.2691428,8.464,Estrés Moderado,Inflación Alta
"2010-04-23",37,C,527019.78,209.2199574,8.464,Estrés Moderado,Inflación Alta
"2010-04-30",37,C,517850.83,209.170772,8.464,Estrés Moderado,Inflación Alta
"2010-05-07",37,C,543234.77,209.1215867,8.464,Estrés Moderado,Inflación Alta
"2010-05-14",37,C,505196.08,209.118536,8.464,Estrés Moderado,Inflación Alta
"2010-05-21",37,C,510494.7,209.3922937,8.464,Estrés Moderado,Inflación Alta
"2010-05-28",37,C,532241.22,209.6660514,8.464,Estrés Moderado,Inflación Alta
"2010-06-04",37,C,479195.02,209.9398091,8.464,Estrés Moderado,Inflación Alta
"2010-06-11",37,C,481915.11,210.2135668,8.464,Estrés Moderado,Inflación Alta
"2010-06-18",37,C,505761.62,210.2108417,8.464,Estrés Moderado,Inflación Alta
"2010-06-25",37,C,485419.39,210.0975233,8.464,Estrés Moderado,Inflación Alta
"2010-07-02",37,C,498292.52999999997,209.984205,8.36,Estrés Moderado,Inflación Alta
"2010-07-09",37,C,502456.04,209.8708867,8.36,Estrés Moderado,Inflación Alta
"2010-07-16",37,C,485150.01,209.8630532,8.36,Estrés Moderado,Inflación Alta
"2010-07-23",37,C,491998.12,209.9958663,8.36,Estrés Moderado,Inflación Alta
"2010-07-30",37,C,487912.95,210.1286794,8.36,Estrés Moderado,Inflación Alta
"2010-08-06",37,C,508576.62,210.2614925,8.36,Estrés Moderado,Inflación Alta
"2010-08-13",37,C,491815.83,210.3943056,8.36,Estrés Moderado,Inflación Alta
"2010-08-20",37,C,486930.72,210.3617581,8.36,Estrés Moderado,Inflación Alta
"2010-08-27",37,C,512157.25,210.3292106,8.36,Estrés Moderado,Inflación Alta
"2010-09-03",37,C,510427.53,210.2966631,8.36,Estrés Moderado,Inflación Alta
"2010-09-10",37,C,510296.07,210.2641156,8.36,Estrés Moderado,Inflación Alta
"2010-09-17",37,C,501251.39999999997,210.2924504,8.36,Estrés Moderado,Inflación Alta
"2010-09-24",37,C,494265.48,210.3664469,8.36,Estrés Moderado,Inflación Alta
"2010-10-01",37,C,529877.93,210.4404433,8.476,Estrés Moderado,Inflación Alta
"2010-10-08",37,C,524483.65,210.5144398,8.476,Estrés Moderado,Inflación Alta
"2010-10-15",37,C,498925.86,210.5805944,8.476,Estrés Moderado,Inflación Alta
"2010-10-22",37,C,510425.4,210.6271444,8.476,Estrés Moderado,Inflación Alta
"2010-10-29",37,C,514485.9,210.6736944,8.476,Estrés Moderado,Inflación Alta
"2010-11-05",37,C,539683.42,210.7202444,8.476,Estrés Moderado,Inflación Alta
"2010-11-12",37,C,517546.69,210.7667944,8.476,Estrés Moderado,Inflación Alta
"2010-11-19",37,C,518124.16,210.65429,8.476,Estrés Moderado,Inflación Alta
"2010-11-26",37,C,518220.72,210.5152765,8.476,Estrés Moderado,Inflación Alta
"2010-12-03",37,C,508213.14,210.376263,8.476,Estrés Moderado,Inflación Alta
"2010-12-10",37,C,511207.52,210.2372494,8.476,Estrés Moderado,Inflación Alta
"2010-12-17",37,C,534285.21,210.1787224,8.476,Estrés Moderado,Inflación Alta
"2010-12-24",37,C,576809.92,210.1805602,8.476,Estrés Moderado,Inflación Alta
"2010-12-31",37,C,460331.7,210.182398,8.476,Estrés Moderado,Inflación Alta
"2011-01-07",37,C,542464.02,210.1842358,8.395,Estrés Moderado,Inflación Alta
"2011-01-14",37,C,525616.9,210.2379731,8.395,Estrés Moderado,Inflación Alta
"2011-01-21",37,C,526486.82,210.6031072,8.395,Estrés Moderado,Inflación Alta
"2011-01-28",37,C,513672.36,210.9682412,8.395,Estrés Moderado,Inflación Alta
"2011-02-04",37,C,583835.18,211.3333753,8.395,Estrés Moderado,Inflación Alta
"2011-02-11",37,C,522514.32,211.6985093,8.395,Estrés Moderado,Inflación Alta
"2011-02-18",37,C,536840.69,212.0063522,8.395,Estrés Moderado,Inflación Alta
"2011-02-25",37,C,514758.19,212.2912786,8.395,Estrés Moderado,Inflación Alta
"2011-03-04",37,C,527572.25,212.576205,8.395,Estrés Moderado,Inflación Alta
"2011-03-11",37,C,505610.39999999997,212.8611313,8.395,Estrés Moderado,Inflación Alta
"2011-03-18",37,C,478503.06,213.1096787,8.395,Estrés Moderado,Inflación Alta
"2011-03-25",37,C,522105.93,213.3436744,8.395,Estrés Moderado,Inflación Alta
"2011-04-01",37,C,534578.78,213.5776701,8.3,Estrés Moderado,Inflación Alta
"2011-04-08",37,C,543703.16,213.8116658,8.3,Estrés Moderado,Inflación Alta
"2011-04-15",37,C,543775.87,214.026217,8.3,Estrés Moderado,Inflación Alta
"2011-04-22",37,C,526434.37,214.1921572,8.3,Estrés Moderado,Inflación Alta
"2011-04-29",37,C,502918.18,214.3580974,8.3,Estrés Moderado,Inflación Alta
"2011-05-06",37,C,547513.3,214.5240376,8.3,Estrés Moderado,Inflación Alta
"2011-05-13",37,C,511871.63,214.6899778,8.3,Estrés Moderado,Inflación Alta
"2011-05-20",37,C,533564.42,214.465412,8.3,Estrés Moderado,Inflación Alta
"2011-05-27",37,C,507086.75,214.2408462,8.3,Estrés Moderado,Inflación Alta
"2011-06-03",37,C,500381.23,214.0162805,8.3,Estrés Moderado,Inflación Alta
"2011-06-10",37,C,509647.25,213.7917147,8.3,Estrés Moderado,Inflación Alta
"2011-06-17",37,C,525132.36,213.7481256,8.3,Estrés Moderado,Inflación Alta
"2011-06-24",37,C,509276.22,213.8402689,8.3,Estrés Moderado,Inflación Alta
"2011-07-01",37,C,517021.3,213.9324122,8.177,Estrés Moderado,Inflación Alta
"2011-07-08",37,C,489059.93,214.0245556,8.177,Estrés Moderado,Inflación Alta
"2011-07-15",37,C,498749.62,214.1083654,8.177,Estrés Moderado,Inflación Alta
"2011-07-22",37,C,505543.53,214.1713416,8.177,Estrés Moderado,Inflación Alta
"2011-07-29",37,C,504974.95,214.2343177,8.177,Estrés Moderado,Inflación Alta
"2011-08-05",37,C,510787.46,214.2972939,8.177,Estrés Moderado,Inflación Alta
"2011-08-12",37,C,502504.39,214.3602701,8.177,Estrés Moderado,Inflación Alta
"2011-08-19",37,C,506897.98,214.4239935,8.177,Estrés Moderado,Inflación Alta
"2011-08-26",37,C,527947.21,214.4878416,8.177,Estrés Moderado,Inflación Alta
"2011-09-02",37,C,530367.8300000001,214.5516896,8.177,Estrés Moderado,Inflación Alta
"2011-09-09",37,C,506273.74,214.6155376,8.177,Estrés Moderado,Inflación Alta
"2011-09-16",37,C,513341.94,214.7934111,8.177,Estrés Moderado,Inflación Alta
"2011-09-23",37,C,516556.94,215.1233185,8.177,Estrés Moderado,Inflación Alta
"2011-09-30",37,C,516402.10000000003,215.4532259,8.177,Estrés Moderado,Inflación Alta
"2011-10-07",37,C,522816.85,215.7831333,7.716,Estrés Moderado,Inflación Alta
"2011-10-14",37,C,513636.01,216.0885258,7.716,Estrés Moderado,Inflación Alta
"2011-10-21",37,C,522784.33,216.2468287,7.716,Estrés Moderado,Inflación Alta
"2011-10-28",37,C,517355.44,216.4051315,7.716,Estrés Moderado,Inflación Alta
"2011-11-04",37,C,555925.6,216.5634344,7.716,Estrés Moderado,Inflación Alta
"2011-11-11",37,C,501268.78,216.7217373,7.716,Estrés Moderado,Inflación Alta
"2011-11-18",37,C,527495.09,216.9395861,7.716,Estrés Moderado,Inflación Alta
"2011-11-25",37,C,522554.04,217.1812533,7.716,Estrés Moderado,Inflación Alta
"2011-12-02",37,C,527117.81,217.4229206,7.716,Estrés Moderado,Inflación Alta
"2011-12-09",37,C,537224.52,217.6645878,7.716,Estrés Moderado,Inflación Alta
"2011-12-16",37,C,533905.67,217.8781339,7.716,Estrés Moderado,Inflación Alta
"2011-12-23",37,C,605791.46,218.0541851,7.716,Estrés Moderado,Inflación Alta
"2011-12-30",37,C,451327.61,218.2302364,7.716,Estrés Moderado,Inflación Alta
"2012-01-06",37,C,558343.57,218.4062876,7.244,Estrés Moderado,Inflación Alta
"2012-01-13",37,C,546221.4,218.5823389,7.244,Estrés Moderado,Inflación Alta
"2012-01-20",37,C,543894.07,218.6755292,7.244,Estrés Moderado,Inflación Alta
"2012-01-27",37,C,514116.58,218.7687195,7.244,Estrés Moderado,Inflación Alta
"2012-02-03",37,C,555424.24,218.8619099,7.244,Estrés Moderado,Inflación Alta
"2012-02-10",37,C,527041.46,218.9551002,7.244,Estrés Moderado,Inflación Alta
"2012-02-17",37,C,541071.29,219.1148297,7.244,Estrés Moderado,Inflación Alta
"2012-02-24",37,C,518696.89,219.3244636,7.244,Estrés Moderado,Inflación Alta
"2012-03-02",37,C,525559.17,219.5340975,7.244,Estrés Moderado,Inflación Alta
"2012-03-09",37,C,535937.25,219.7437314,7.244,Estrés Moderado,Inflación Alta
"2012-03-16",37,C,484588.34,219.8956335,7.244,Estrés Moderado,Inflación Alta
"2012-03-23",37,C,520887.23,219.9705599,7.244,Estrés Moderado,Inflación Alta
"2012-03-30",37,C,533734.94,220.0454862,7.244,Estrés Moderado,Inflación Alta
"2012-04-06",37,C,564848.78,220.1204125,6.989,Estrés Moderado,Inflación Alta
"2012-04-13",37,C,506973.17,220.1953389,6.989,Estrés Moderado,Inflación Alta
"2012-04-20",37,C,523483.19,220.2483937,6.989,Estrés Moderado,Inflación Alta
"2012-04-27",37,C,528807.45,220.3014485,6.989,Estrés Moderado,Inflación Alta
"2012-05-04",37,C,535311.64,220.3545033,6.989,Estrés Moderado,Inflación Alta
"2012-05-11",37,C,527983.04,220.4075581,6.989,Estrés Moderado,Inflación Alta
"2012-05-18",37,C,534847.96,220.4252149,6.989,Estrés Moderado,Inflación Alta
"2012-05-25",37,C,540625.79,220.4287124,6.989,Estrés Moderado,Inflación Alta
"2012-06-01",37,C,531811.85,220.4322099,6.989,Estrés Moderado,Inflación Alta
"2012-06-08",37,C,528940.78,220.4357073,6.989,Estrés Moderado,Inflación Alta
"2012-06-15",37,C,508573.16000000003,220.4494148,6.989,Estrés Moderado,Inflación Alta
"2012-06-22",37,C,484032.75,220.4886472,6.989,Estrés Moderado,Inflación Alta
"2012-06-29",37,C,508309.81,220.5278796,6.989,Estrés Moderado,Inflación Alta
"2012-07-06",37,C,519498.32,220.567112,6.623,Estrés Moderado,Inflación Alta
"2012-07-13",37,C,506005.47000000003,220.6063444,6.623,Estrés Moderado,Inflación Alta
"2012-07-20",37,C,503744.56,220.6148749,6.623,Estrés Moderado,Inflación Alta
"2012-07-27",37,C,514489.17,220.6234054,6.623,Estrés Moderado,Inflación Alta
"2012-08-03",37,C,521959.28,220.6319358,6.623,Estrés Moderado,Inflación Alta
"2012-08-10",37,C,500964.59,220.6404663,6.623,Estrés Moderado,Inflación Alta
"2012-08-17",37,C,509633.71,220.7199609,6.623,Estrés Moderado,Inflación Alta
"2012-08-24",37,C,522665.04,220.8526787,6.623,Estrés Moderado,Inflación Alta
"2012-08-31",37,C,538344.1,220.9853964,6.623,Estrés Moderado,Inflación Alta
"2012-09-07",37,C,526838.14,221.1181142,6.623,Estrés Moderado,Inflación Alta
"2012-09-14",37,C,514651.74,221.2601207,6.623,Estrés Moderado,Inflación Alta
"2012-09-21",37,C,521320.98,221.4578604,6.623,Estrés Moderado,Inflación Alta
"2012-09-28",37,C,527953.14,221.6556,6.623,Estrés Moderado,Inflación Alta
"2012-10-05",37,C,546122.37,221.8533396,6.228,Estabilidad Laboral,Inflación Alta
"2012-10-12",37,C,521810.75,222.0510793,6.228,Estabilidad Laboral,Inflación Alta
"2012-10-19",37,C,551969.1,222.0951719,6.228,Estabilidad Laboral,Inflación Alta
"2012-10-26",37,C,534738.43,222.1136566,6.228,Estabilidad Laboral,Inflación Alta
"2010-02-05",38,C,358496.14,126.4420645,13.975,Inestabilidad Laboral,Inflación Baja
"2010-02-12",38,C,342214.9,126.4962581,13.975,Inestabilidad Laboral,Inflación Baja
"2010-02-19",38,C,327237.92,126.5262857,13.975,Inestabilidad Laboral,Inflación Baja
"2010-02-26",38,C,334222.73,126.5522857,13.975,Inestabilidad Laboral,Inflación Baja
"2010-03-05",38,C,372239.89,126.5782857,13.975,Inestabilidad Laboral,Inflación Baja
"2010-03-12",38,C,342023.92,126.6042857,13.975,Inestabilidad Laboral,Inflación Baja
"2010-03-19",38,C,333025.47,126.6066452,13.975,Inestabilidad Laboral,Inflación Baja
"2010-03-26",38,C,335858.11,126.6050645,13.975,Inestabilidad Laboral,Inflación Baja
"2010-04-02",38,C,368929.55,126.6034839,14.099,Inestabilidad Laboral,Inflación Baja
"2010-04-09",38,C,341630.46,126.6019032,14.099,Inestabilidad Laboral,Inflación Baja
"2010-04-16",38,C,337723.49,126.5621,14.099,Inestabilidad Laboral,Inflación Baja
"2010-04-23",38,C,335121.82,126.4713333,14.099,Inestabilidad Laboral,Inflación Baja
"2010-04-30",38,C,337979.65,126.3805667,14.099,Inestabilidad Laboral,Inflación Baja
"2010-05-07",38,C,383657.44,126.2898,14.099,Inestabilidad Laboral,Inflación Baja
"2010-05-14",38,C,346174.3,126.2085484,14.099,Inestabilidad Laboral,Inflación Baja
"2010-05-21",38,C,340497.08,126.1843871,14.099,Inestabilidad Laboral,Inflación Baja
"2010-05-28",38,C,326469.43,126.1602258,14.099,Inestabilidad Laboral,Inflación Baja
"2010-06-04",38,C,376184.88,126.1360645,14.099,Inestabilidad Laboral,Inflación Baja
"2010-06-11",38,C,354828.65,126.1119032,14.099,Inestabilidad Laboral,Inflación Baja
"2010-06-18",38,C,335691.85,126.114,14.099,Inestabilidad Laboral,Inflación Baja
"2010-06-25",38,C,322046.76,126.1266,14.099,Inestabilidad Laboral,Inflación Baja
"2010-07-02",38,C,361181.48,126.1392,14.18,Inestabilidad Laboral,Inflación Baja
"2010-07-09",38,C,343850.34,126.1518,14.18,Inestabilidad Laboral,Inflación Baja
"2010-07-16",38,C,338277.71,126.1498065,14.18,Inestabilidad Laboral,Inflación Baja
"2010-07-23",38,C,328336.85,126.1283548,14.18,Inestabilidad Laboral,Inflación Baja
"2010-07-30",38,C,336378.38,126.1069032,14.18,Inestabilidad Laboral,Inflación Baja
"2010-08-06",38,C,378574.44,126.0854516,14.18,Inestabilidad Laboral,Inflación Baja
"2010-08-13",38,C,341400.72000000003,126.064,14.18,Inestabilidad Laboral,Inflación Baja
"2010-08-20",38,C,329139.73,126.0766452,14.18,Inestabilidad Laboral,Inflación Baja
"2010-08-27",38,C,322868.56,126.0892903,14.18,Inestabilidad Laboral,Inflación Baja
"2010-09-03",38,C,377096.55,126.1019355,14.18,Inestabilidad Laboral,Inflación Baja
"2010-09-10",38,C,336227.69,126.1145806,14.18,Inestabilidad Laboral,Inflación Baja
"2010-09-17",38,C,336253.19,126.1454667,14.18,Inestabilidad Laboral,Inflación Baja
"2010-09-24",38,C,330604.89999999997,126.1900333,14.18,Inestabilidad Laboral,Inflación Baja
"2010-10-01",38,C,360256.58,126.2346,14.313,Inestabilidad Laboral,Inflación Baja
"2010-10-08",38,C,351271.36,126.2791667,14.313,Inestabilidad Laboral,Inflación Baja
"2010-10-15",38,C,337743.26,126.3266774,14.313,Inestabilidad Laboral,Inflación Baja
"2010-10-22",38,C,339042.18,126.3815484,14.313,Inestabilidad Laboral,Inflación Baja
"2010-10-29",38,C,341219.63,126.4364194,14.313,Inestabilidad Laboral,Inflación Baja
"2010-11-05",38,C,380870.09,126.4912903,14.313,Inestabilidad Laboral,Inflación Baja
"2010-11-12",38,C,340147.2,126.5461613,14.313,Inestabilidad Laboral,Inflación Baja
"2010-11-19",38,C,348593.99,126.6072,14.313,Inestabilidad Laboral,Inflación Baja
"2010-11-26",38,C,360857.98,126.6692667,14.313,Inestabilidad Laboral,Inflación Baja
"2010-12-03",38,C,351925.36,126.7313333,14.313,Inestabilidad Laboral,Inflación Baja
"2010-12-10",38,C,355965.23,126.7934,14.313,Inestabilidad Laboral,Inflación Baja
"2010-12-17",38,C,334441.15,126.8794839,14.313,Inestabilidad Laboral,Inflación Baja
"2010-12-24",38,C,369106.72,126.9835806,14.313,Inestabilidad Laboral,Inflación Baja
"2010-12-31",38,C,303908.81,127.0876774,14.313,Inestabilidad Laboral,Inflación Baja
"2011-01-07",38,C,386344.54,127.1917742,14.021,Inestabilidad Laboral,Inflación Baja
"2011-01-14",38,C,356138.79000000004,127.3009355,14.021,Inestabilidad Laboral,Inflación Baja
"2011-01-21",38,C,341098.08,127.4404839,14.021,Inestabilidad Laboral,Inflación Baja
"2011-01-28",38,C,357557.16,127.5800323,14.021,Inestabilidad Laboral,Inflación Baja
"2011-02-04",38,C,402341.76,127.7195806,14.021,Inestabilidad Laboral,Inflación Baja
"2011-02-11",38,C,377672.46,127.859129,14.021,Inestabilidad Laboral,Inflación Baja
"2011-02-18",38,C,364606.7,127.99525,14.021,Inestabilidad Laboral,Inflación Baja
"2011-02-25",38,C,354232.34,128.13,14.021,Inestabilidad Laboral,Inflación Baja
"2011-03-04",38,C,405429.43,128.26475,14.021,Inestabilidad Laboral,Inflación Baja
"2011-03-11",38,C,357897.18,128.3995,14.021,Inestabilidad Laboral,Inflación Baja
"2011-03-18",38,C,349459.95,128.5121935,14.021,Inestabilidad Laboral,Inflación Baja
"2011-03-25",38,C,351541.62,128.6160645,14.021,Inestabilidad Laboral,Inflación Baja
"2011-04-01",38,C,382098.13,128.7199355,13.736,Inestabilidad Laboral,Inflación Baja
"2011-04-08",38,C,392152.3,128.8238065,13.736,Inestabilidad Laboral,Inflación Baja
"2011-04-15",38,C,362758.94,128.9107333,13.736,Inestabilidad Laboral,Inflación Baja
"2011-04-22",38,C,362952.34,128.9553,13.736,Inestabilidad Laboral,Inflación Baja
"2011-04-29",38,C,344225.99,128.9998667,13.736,Inestabilidad Laboral,Inflación Baja
"2011-05-06",38,C,422186.65,129.0444333,13.736,Inestabilidad Laboral,Inflación Baja
"2011-05-13",38,C,366977.79,129.089,13.736,Inestabilidad Laboral,Inflación Baja
"2011-05-20",38,C,365730.76,129.0756774,13.736,Inestabilidad Laboral,Inflación Baja
"2011-05-27",38,C,356886.1,129.0623548,13.736,Inestabilidad Laboral,Inflación Baja
"2011-06-03",38,C,396826.06,129.0490323,13.736,Inestabilidad Laboral,Inflación Baja
"2011-06-10",38,C,381763.02,129.0357097,13.736,Inestabilidad Laboral,Inflación Baja
"2011-06-17",38,C,356797.0,129.0432,13.736,Inestabilidad Laboral,Inflación Baja
"2011-06-24",38,C,354078.95,129.0663,13.736,Inestabilidad Laboral,Inflación Baja
"2011-07-01",38,C,387334.04,129.0894,13.503,Inestabilidad Laboral,Inflación Baja
"2011-07-08",38,C,399699.17,129.1125,13.503,Inestabilidad Laboral,Inflación Baja
"2011-07-15",38,C,367181.71,129.1338387,13.503,Inestabilidad Laboral,Inflación Baja
"2011-07-22",38,C,365562.67,129.1507742,13.503,Inestabilidad Laboral,Inflación Baja
"2011-07-29",38,C,355131.33,129.1677097,13.503,Inestabilidad Laboral,Inflación Baja
"2011-08-05",38,C,437631.44,129.1846452,13.503,Inestabilidad Laboral,Inflación Baja
"2011-08-12",38,C,387844.05,129.2015806,13.503,Inestabilidad Laboral,Inflación Baja
"2011-08-19",38,C,362224.7,129.2405806,13.503,Inestabilidad Laboral,Inflación Baja
"2011-08-26",38,C,365672.55,129.2832581,13.503,Inestabilidad Laboral,Inflación Baja
"2011-09-02",38,C,416953.51,129.3259355,13.503,Inestabilidad Laboral,Inflación Baja
"2011-09-09",38,C,397771.68,129.3686129,13.503,Inestabilidad Laboral,Inflación Baja
"2011-09-16",38,C,408188.88,129.4306,13.503,Inestabilidad Laboral,Inflación Baja
"2011-09-23",38,C,394665.28,129.5183333,13.503,Inestabilidad Laboral,Inflación Baja
"2011-09-30",38,C,366819.83999999997,129.6060667,13.503,Inestabilidad Laboral,Inflación Baja
"2011-10-07",38,C,449516.29,129.6938,12.89,Inestabilidad Laboral,Inflación Baja
"2011-10-14",38,C,400430.77999999997,129.7706452,12.89,Inestabilidad Laboral,Inflación Baja
"2011-10-21",38,C,402709.17000000004,129.7821613,12.89,Inestabilidad Laboral,Inflación Baja
"2011-10-28",38,C,378539.17,129.7936774,12.89,Inestabilidad Laboral,Inflación Baja
"2011-11-04",38,C,436970.1,129.8051935,12.89,Inestabilidad Laboral,Inflación Baja
"2011-11-11",38,C,411116.95,129.8167097,12.89,Inestabilidad Laboral,Inflación Baja
"2011-11-18",38,C,392003.13,129.8268333,12.89,Inestabilidad Laboral,Inflación Baja
"2011-11-25",38,C,393715.71,129.8364,12.89,Inestabilidad Laboral,Inflación Baja
"2011-12-02",38,C,411252.02,129.8459667,12.89,Inestabilidad Laboral,Inflación Baja
"2011-12-09",38,C,435401.64,129.8555333,12.89,Inestabilidad Laboral,Inflación Baja
"2011-12-16",38,C,404283.83999999997,129.8980645,12.89,Inestabilidad Laboral,Inflación Baja
"2011-12-23",38,C,419717.41,129.9845484,12.89,Inestabilidad Laboral,Inflación Baja
"2011-12-30",38,C,342667.35,130.0710323,12.89,Inestabilidad Laboral,Inflación Baja
"2012-01-06",38,C,478483.2,130.1575161,12.187,Inestabilidad Laboral,Inflación Baja
"2012-01-13",38,C,423260.82,130.244,12.187,Inestabilidad Laboral,Inflación Baja
"2012-01-20",38,C,405215.91,130.2792258,12.187,Inestabilidad Laboral,Inflación Baja
"2012-01-27",38,C,412882.31,130.3144516,12.187,Inestabilidad Laboral,Inflación Baja
"2012-02-03",38,C,457711.68,130.3496774,12.187,Inestabilidad Laboral,Inflación Baja
"2012-02-10",38,C,469787.38,130.3849032,12.187,Inestabilidad Laboral,Inflación Baja
"2012-02-17",38,C,415513.97000000003,130.4546207,12.187,Inestabilidad Laboral,Inflación Baja
"2012-02-24",38,C,409411.61,130.5502069,12.187,Inestabilidad Laboral,Inflación Baja
"2012-03-02",38,C,471115.38,130.6457931,12.187,Inestabilidad Laboral,Inflación Baja
"2012-03-09",38,C,452792.52999999997,130.7413793,12.187,Inestabilidad Laboral,Inflación Baja
"2012-03-16",38,C,428465.11,130.8261935,12.187,Inestabilidad Laboral,Inflación Baja
"2012-03-23",38,C,412456.48,130.8966452,12.187,Inestabilidad Laboral,Inflación Baja
"2012-03-30",38,C,408679.36,130.9670968,12.187,Inestabilidad Laboral,Inflación Baja
"2012-04-06",38,C,499267.66,131.0375484,11.627,Inestabilidad Laboral,Inflación Baja
"2012-04-13",38,C,435790.74,131.108,11.627,Inestabilidad Laboral,Inflación Baja
"2012-04-20",38,C,401615.8,131.1173333,11.627,Inestabilidad Laboral,Inflación Baja
"2012-04-27",38,C,419964.77,131.1266667,11.627,Inestabilidad Laboral,Inflación Baja
"2012-05-04",38,C,491755.69,131.136,11.627,Inestabilidad Laboral,Inflación Baja
"2012-05-11",38,C,429914.6,131.1453333,11.627,Inestabilidad Laboral,Inflación Baja
"2012-05-18",38,C,412314.71,131.0983226,11.627,Inestabilidad Laboral,Inflación Baja
"2012-05-25",38,C,422810.12,131.0287742,11.627,Inestabilidad Laboral,Inflación Baja
"2012-06-01",38,C,435579.7,130.9592258,11.627,Inestabilidad Laboral,Inflación Baja
"2012-06-08",38,C,448110.25,130.8896774,11.627,Inestabilidad Laboral,Inflación Baja
"2012-06-15",38,C,430222.07,130.8295333,11.627,Inestabilidad Laboral,Inflación Baja
"2012-06-22",38,C,405938.35,130.7929,11.627,Inestabilidad Laboral,Inflación Baja
"2012-06-29",38,C,404634.36,130.7562667,11.627,Inestabilidad Laboral,Inflación Baja
"2012-07-06",38,C,471086.22,130.7196333,10.926,Inestabilidad Laboral,Inflación Baja
"2012-07-13",38,C,416036.75,130.683,10.926,Inestabilidad Laboral,Inflación Baja
"2012-07-20",38,C,441683.74,130.7012903,10.926,Inestabilidad Laboral,Inflación Baja
"2012-07-27",38,C,407186.47000000003,130.7195806,10.926,Inestabilidad Laboral,Inflación Baja
"2012-08-03",38,C,469311.17,130.737871,10.926,Inestabilidad Laboral,Inflación Baja
"2012-08-10",38,C,436690.13,130.7561613,10.926,Inestabilidad Laboral,Inflación Baja
"2012-08-17",38,C,411866.46,130.7909677,10.926,Inestabilidad Laboral,Inflación Baja
"2012-08-24",38,C,397428.22,130.8381613,10.926,Inestabilidad Laboral,Inflación Baja
"2012-08-31",38,C,424904.95,130.8853548,10.926,Inestabilidad Laboral,Inflación Baja
"2012-09-07",38,C,490274.82,130.9325484,10.926,Inestabilidad Laboral,Inflación Baja
"2012-09-14",38,C,430944.39,130.9776667,10.926,Inestabilidad Laboral,Inflación Baja
"2012-09-21",38,C,409600.98,131.0103333,10.926,Inestabilidad Laboral,Inflación Baja
"2012-09-28",38,C,398468.08,131.043,10.926,Inestabilidad Laboral,Inflación Baja
"2012-10-05",38,C,458479.01,131.0756667,10.199,Inestabilidad Laboral,Inflación Baja
"2012-10-12",38,C,437320.66,131.1083333,10.199,Inestabilidad Laboral,Inflación Baja
"2012-10-19",38,C,428806.46,131.1499677,10.199,Inestabilidad Laboral,Inflación Baja
"2012-10-26",38,C,417290.38,131.1930968,10.199,Inestabilidad Laboral,Inflación Baja
"2010-02-05",39,A,1230596.8,209.8529663,8.554,Inestabilidad Laboral,Inflación Alta
"2010-02-12",39,A,1266229.07,209.9970208,8.554,Inestabilidad Laboral,Inflación Alta
"2010-02-19",39,A,1230591.97,210.0451024,8.554,Inestabilidad Laboral,Inflación Alta
"2010-02-26",39,A,1168582.02,210.0771885,8.554,Inestabilidad Laboral,Inflación Alta
"2010-03-05",39,A,1266254.21,210.1092746,8.554,Inestabilidad Laboral,Inflación Alta
"2010-03-12",39,A,1244391.83,210.1413607,8.554,Inestabilidad Laboral,Inflación Alta
"2010-03-19",39,A,1301590.1300000001,209.9803208,8.554,Inestabilidad Laboral,Inflación Alta
"2010-03-26",39,A,1235094.66,209.7870932,8.554,Inestabilidad Laboral,Inflación Alta
"2010-04-02",39,A,1463942.62,209.5938656,8.464,Estrés Moderado,Inflación Alta
"2010-04-09",39,A,1327035.27,209.400638,8.464,Estrés Moderado,Inflación Alta
"2010-04-16",39,A,1242874.98,209.2691428,8.464,Estrés Moderado,Inflación Alta
"2010-04-23",39,A,1280231.85,209.2199574,8.464,Estrés Moderado,Inflación Alta
"2010-04-30",39,A,1263836.59,209.170772,8.464,Estrés Moderado,Inflación Alta
"2010-05-07",39,A,1355704.21,209.1215867,8.464,Estrés Moderado,Inflación Alta
"2010-05-14",39,A,1226997.7,209.118536,8.464,Estrés Moderado,Inflación Alta
"2010-05-21",39,A,1350673.98,209.3922937,8.464,Estrés Moderado,Inflación Alta
"2010-05-28",39,A,1365541.59,209.6660514,8.464,Estrés Moderado,Inflación Alta
"2010-06-04",39,A,1512207.95,209.9398091,8.464,Estrés Moderado,Inflación Alta
"2010-06-11",39,A,1371405.33,210.2135668,8.464,Estrés Moderado,Inflación Alta
"2010-06-18",39,A,1368312.45,210.2108417,8.464,Estrés Moderado,Inflación Alta
"2010-06-25",39,A,1280414.8,210.0975233,8.464,Estrés Moderado,Inflación Alta
"2010-07-02",39,A,1352547.7,209.984205,8.36,Estrés Moderado,Inflación Alta
"2010-07-09",39,A,1330473.47,209.8708867,8.36,Estrés Moderado,Inflación Alta
"2010-07-16",39,A,1339811.68,209.8630532,8.36,Estrés Moderado,Inflación Alta
"2010-07-23",39,A,1314651.83,209.9958663,8.36,Estrés Moderado,Inflación Alta
"2010-07-30",39,A,1308222.24,210.1286794,8.36,Estrés Moderado,Inflación Alta
"2010-08-06",39,A,1409989.67,210.2614925,8.36,Estrés Moderado,Inflación Alta
"2010-08-13",39,A,1371465.66,210.3943056,8.36,Estrés Moderado,Inflación Alta
"2010-08-20",39,A,1471816.52,210.3617581,8.36,Estrés Moderado,Inflación Alta
"2010-08-27",39,A,1417515.93,210.3292106,8.36,Estrés Moderado,Inflación Alta
"2010-09-03",39,A,1345167.6099999999,210.2966631,8.36,Estrés Moderado,Inflación Alta
"2010-09-10",39,A,1279666.47,210.2641156,8.36,Estrés Moderado,Inflación Alta
"2010-09-17",39,A,1252915.43,210.2924504,8.36,Estrés Moderado,Inflación Alta
"2010-09-24",39,A,1199449.54,210.3664469,8.36,Estrés Moderado,Inflación Alta
"2010-10-01",39,A,1219583.91,210.4404433,8.476,Estrés Moderado,Inflación Alta
"2010-10-08",39,A,1286598.59,210.5144398,8.476,Estrés Moderado,Inflación Alta
"2010-10-15",39,A,1238742.0,210.5805944,8.476,Estrés Moderado,Inflación Alta
"2010-10-22",39,A,1261109.01,210.6271444,8.476,Estrés Moderado,Inflación Alta
"2010-10-29",39,A,1294769.08,210.6736944,8.476,Estrés Moderado,Inflación Alta
"2010-11-05",39,A,1293707.19,210.7202444,8.476,Estrés Moderado,Inflación Alta
"2010-11-12",39,A,1291398.71,210.7667944,8.476,Estrés Moderado,Inflación Alta
"2010-11-19",39,A,1370659.54,210.65429,8.476,Estrés Moderado,Inflación Alta
"2010-11-26",39,A,2149355.2,210.5152765,8.476,Estrés Moderado,Inflación Alta
"2010-12-03",39,A,1431910.98,210.376263,8.476,Estrés Moderado,Inflación Alta
"2010-12-10",39,A,1630564.48,210.2372494,8.476,Estrés Moderado,Inflación Alta
"2010-12-17",39,A,1842172.46,210.1787224,8.476,Estrés Moderado,Inflación Alta
"2010-12-24",39,A,2495489.25,210.1805602,8.476,Estrés Moderado,Inflación Alta
"2010-12-31",39,A,1230012.16,210.182398,8.476,Estrés Moderado,Inflación Alta
"2011-01-07",39,A,1224475.12,210.1842358,8.395,Estrés Moderado,Inflación Alta
"2011-01-14",39,A,1193199.39,210.2379731,8.395,Estrés Moderado,Inflación Alta
"2011-01-21",39,A,1243370.74,210.6031072,8.395,Estrés Moderado,Inflación Alta
"2011-01-28",39,A,1158698.44,210.9682412,8.395,Estrés Moderado,Inflación Alta
"2011-02-04",39,A,1343773.94,211.3333753,8.395,Estrés Moderado,Inflación Alta
"2011-02-11",39,A,1227893.8900000001,211.6985093,8.395,Estrés Moderado,Inflación Alta
"2011-02-18",39,A,1335233.74,212.0063522,8.395,Estrés Moderado,Inflación Alta
"2011-02-25",39,A,1240921.19,212.2912786,8.395,Estrés Moderado,Inflación Alta
"2011-03-04",39,A,1316385.43,212.576205,8.395,Estrés Moderado,Inflación Alta
"2011-03-11",39,A,1283716.81,212.8611313,8.395,Estrés Moderado,Inflación Alta
"2011-03-18",39,A,1348410.05,213.1096787,8.395,Estrés Moderado,Inflación Alta
"2011-03-25",39,A,1284334.79,213.3436744,8.395,Estrés Moderado,Inflación Alta
"2011-04-01",39,A,1316849.36,213.5776701,8.3,Estrés Moderado,Inflación Alta
"2011-04-08",39,A,1350646.16,213.8116658,8.3,Estrés Moderado,Inflación Alta
"2011-04-15",39,A,1348031.55,214.026217,8.3,Estrés Moderado,Inflación Alta
"2011-04-22",39,A,1563140.85,214.1921572,8.3,Estrés Moderado,Inflación Alta
"2011-04-29",39,A,1379651.8699999999,214.3580974,8.3,Estrés Moderado,Inflación Alta
"2011-05-06",39,A,1370920.8699999999,214.5240376,8.3,Estrés Moderado,Inflación Alta
"2011-05-13",39,A,1325022.77,214.6899778,8.3,Estrés Moderado,Inflación Alta
"2011-05-20",39,A,1373907.21,214.465412,8.3,Estrés Moderado,Inflación Alta
"2011-05-27",39,A,1406124.14,214.2408462,8.3,Estrés Moderado,Inflación Alta
"2011-06-03",39,A,1541745.59,214.0162805,8.3,Estrés Moderado,Inflación Alta
"2011-06-10",39,A,1442092.08,213.7917147,8.3,Estrés Moderado,Inflación Alta
"2011-06-17",39,A,1451392.67,213.7481256,8.3,Estrés Moderado,Inflación Alta
"2011-06-24",39,A,1363167.95,213.8402689,8.3,Estrés Moderado,Inflación Alta
"2011-07-01",39,A,1429829.36,213.9324122,8.177,Estrés Moderado,Inflación Alta
"2011-07-08",39,A,1414564.53,214.0245556,8.177,Estrés Moderado,Inflación Alta
"2011-07-15",39,A,1380257.12,214.1083654,8.177,Estrés Moderado,Inflación Alta
"2011-07-22",39,A,1416005.59,214.1713416,8.177,Estrés Moderado,Inflación Alta
"2011-07-29",39,A,1426418.53,214.2343177,8.177,Estrés Moderado,Inflación Alta
"2011-08-05",39,A,1518790.89,214.2972939,8.177,Estrés Moderado,Inflación Alta
"2011-08-12",39,A,1514055.97,214.3602701,8.177,Estrés Moderado,Inflación Alta
"2011-08-19",39,A,1629066.9,214.4239935,8.177,Estrés Moderado,Inflación Alta
"2011-08-26",39,A,1573898.63,214.4878416,8.177,Estrés Moderado,Inflación Alta
"2011-09-02",39,A,1465089.85,214.5516896,8.177,Estrés Moderado,Inflación Alta
"2011-09-09",39,A,1429345.86,214.6155376,8.177,Estrés Moderado,Inflación Alta
"2011-09-16",39,A,1372500.6300000001,214.7934111,8.177,Estrés Moderado,Inflación Alta
"2011-09-23",39,A,1338657.95,215.1233185,8.177,Estrés Moderado,Inflación Alta
"2011-09-30",39,A,1311775.83,215.4532259,8.177,Estrés Moderado,Inflación Alta
"2011-10-07",39,A,1443884.39,215.7831333,7.716,Estrés Moderado,Inflación Alta
"2011-10-14",39,A,1384721.84,216.0885258,7.716,Estrés Moderado,Inflación Alta
"2011-10-21",39,A,1465283.29,216.2468287,7.716,Estrés Moderado,Inflación Alta
"2011-10-28",39,A,1472663.1,216.4051315,7.716,Estrés Moderado,Inflación Alta
"2011-11-04",39,A,1553629.59,216.5634344,7.716,Estrés Moderado,Inflación Alta
"2011-11-11",39,A,1456957.38,216.7217373,7.716,Estrés Moderado,Inflación Alta
"2011-11-18",39,A,1510397.27,216.9395861,7.716,Estrés Moderado,Inflación Alta
"2011-11-25",39,A,2338832.4,217.1812533,7.716,Estrés Moderado,Inflación Alta
"2011-12-02",39,A,1632894.58,217.4229206,7.716,Estrés Moderado,Inflación Alta
"2011-12-09",39,A,1781528.77,217.6645878,7.716,Estrés Moderado,Inflación Alta
"2011-12-16",39,A,1991824.05,217.8781339,7.716,Estrés Moderado,Inflación Alta
"2011-12-23",39,A,2554482.84,218.0541851,7.716,Estrés Moderado,Inflación Alta
"2011-12-30",39,A,1537139.56,218.2302364,7.716,Estrés Moderado,Inflación Alta
"2012-01-06",39,A,1478537.93,218.4062876,7.244,Estrés Moderado,Inflación Alta
"2012-01-13",39,A,1369125.37,218.5823389,7.244,Estrés Moderado,Inflación Alta
"2012-01-20",39,A,1394841.03,218.6755292,7.244,Estrés Moderado,Inflación Alta
"2012-01-27",39,A,1320301.61,218.7687195,7.244,Estrés Moderado,Inflación Alta
"2012-02-03",39,A,1396150.15,218.8619099,7.244,Estrés Moderado,Inflación Alta
"2012-02-10",39,A,1442988.44,218.9551002,7.244,Estrés Moderado,Inflación Alta
"2012-02-17",39,A,1511041.69,219.1148297,7.244,Estrés Moderado,Inflación Alta
"2012-02-24",39,A,1412065.04,219.3244636,7.244,Estrés Moderado,Inflación Alta
"2012-03-02",39,A,1453047.02,219.5340975,7.244,Estrés Moderado,Inflación Alta
"2012-03-09",39,A,1470764.35,219.7437314,7.244,Estrés Moderado,Inflación Alta
"2012-03-16",39,A,1522421.07,219.8956335,7.244,Estrés Moderado,Inflación Alta
"2012-03-23",39,A,1469593.3699999999,219.9705599,7.244,Estrés Moderado,Inflación Alta
"2012-03-30",39,A,1499727.02,220.0454862,7.244,Estrés Moderado,Inflación Alta
"2012-04-06",39,A,1764847.94,220.1204125,6.989,Estrés Moderado,Inflación Alta
"2012-04-13",39,A,1580732.73,220.1953389,6.989,Estrés Moderado,Inflación Alta
"2012-04-20",39,A,1433391.04,220.2483937,6.989,Estrés Moderado,Inflación Alta
"2012-04-27",39,A,1456997.2,220.3014485,6.989,Estrés Moderado,Inflación Alta
"2012-05-04",39,A,1512227.34,220.3545033,6.989,Estrés Moderado,Inflación Alta
"2012-05-11",39,A,1470792.41,220.4075581,6.989,Estrés Moderado,Inflación Alta
"2012-05-18",39,A,1522978.54,220.4252149,6.989,Estrés Moderado,Inflación Alta
"2012-05-25",39,A,1596036.66,220.4287124,6.989,Estrés Moderado,Inflación Alta
"2012-06-01",39,A,1640476.77,220.4322099,6.989,Estrés Moderado,Inflación Alta
"2012-06-08",39,A,1623442.24,220.4357073,6.989,Estrés Moderado,Inflación Alta
"2012-06-15",39,A,1587499.82,220.4494148,6.989,Estrés Moderado,Inflación Alta
"2012-06-22",39,A,1532316.79,220.4886472,6.989,Estrés Moderado,Inflación Alta
"2012-06-29",39,A,1492388.98,220.5278796,6.989,Estrés Moderado,Inflación Alta
"2012-07-06",39,A,1659221.99,220.567112,6.623,Estrés Moderado,Inflación Alta
"2012-07-13",39,A,1471261.76,220.6063444,6.623,Estrés Moderado,Inflación Alta
"2012-07-20",39,A,1582168.27,220.6148749,6.623,Estrés Moderado,Inflación Alta
"2012-07-27",39,A,1487797.54,220.6234054,6.623,Estrés Moderado,Inflación Alta
"2012-08-03",39,A,1608277.74,220.6319358,6.623,Estrés Moderado,Inflación Alta
"2012-08-10",39,A,1641867.92,220.6404663,6.623,Estrés Moderado,Inflación Alta
"2012-08-17",39,A,1720221.91,220.7199609,6.623,Estrés Moderado,Inflación Alta
"2012-08-24",39,A,1724669.75,220.8526787,6.623,Estrés Moderado,Inflación Alta
"2012-08-31",39,A,1710923.94,220.9853964,6.623,Estrés Moderado,Inflación Alta
"2012-09-07",39,A,1609811.75,221.1181142,6.623,Estrés Moderado,Inflación Alta
"2012-09-14",39,A,1447614.08,221.2601207,6.623,Estrés Moderado,Inflación Alta
"2012-09-21",39,A,1555672.51,221.4578604,6.623,Estrés Moderado,Inflación Alta
"2012-09-28",39,A,1495607.07,221.6556,6.623,Estrés Moderado,Inflación Alta
"2012-10-05",39,A,1574408.67,221.8533396,6.228,Estabilidad Laboral,Inflación Alta
"2012-10-12",39,A,1494417.07,222.0510793,6.228,Estabilidad Laboral,Inflación Alta
"2012-10-19",39,A,1577486.33,222.0951719,6.228,Estabilidad Laboral,Inflación Alta
"2012-10-26",39,A,1569502.0,222.1136566,6.228,Estabilidad Laboral,Inflación Alta
"2010-02-05",40,A,1001943.8,131.5279032,5.892,Estabilidad Laboral,Inflación Baja
"2010-02-12",40,A,955338.29,131.5866129,5.892,Estabilidad Laboral,Inflación Baja
"2010-02-19",40,A,916289.2,131.637,5.892,Estabilidad Laboral,Inflación Baja
"2010-02-26",40,A,863917.41,131.686,5.892,Estabilidad Laboral,Inflación Baja
"2010-03-05",40,A,990152.28,131.735,5.892,Estabilidad Laboral,Inflación Baja
"2010-03-12",40,A,899352.4,131.784,5.892,Estabilidad Laboral,Inflación Baja
"2010-03-19",40,A,894865.3,131.8242903,5.892,Estabilidad Laboral,Inflación Baja
"2010-03-26",40,A,873354.58,131.863129,5.892,Estabilidad Laboral,Inflación Baja
"2010-04-02",40,A,1041202.13,131.9019677,5.435,Estabilidad Laboral,Inflación Baja
"2010-04-09",40,A,919839.1900000001,131.9408065,5.435,Estabilidad Laboral,Inflación Baja
"2010-04-16",40,A,882636.96,131.9809,5.435,Estabilidad Laboral,Inflación Baja
"2010-04-23",40,A,844958.49,132.0226667,5.435,Estabilidad Laboral,Inflación Baja
"2010-04-30",40,A,816838.31,132.0644333,5.435,Estabilidad Laboral,Inflación Baja
"2010-05-07",40,A,1009797.06,132.1062,5.435,Estabilidad Laboral,Inflación Baja
"2010-05-14",40,A,907262.47,132.152129,5.435,Estabilidad Laboral,Inflación Baja
"2010-05-21",40,A,885613.91,132.2230323,5.435,Estabilidad Laboral,Inflación Baja
"2010-05-28",40,A,1008483.0700000001,132.2939355,5.435,Estabilidad Laboral,Inflación Baja
"2010-06-04",40,A,1052429.03,132.3648387,5.435,Estabilidad Laboral,Inflación Baja
"2010-06-11",40,A,1007574.67,132.4357419,5.435,Estabilidad Laboral,Inflación Baja
"2010-06-18",40,A,973105.3,132.4733333,5.435,Estabilidad Laboral,Inflación Baja
"2010-06-25",40,A,940405.03,132.4976,5.435,Estabilidad Laboral,Inflación Baja
"2010-07-02",40,A,1087578.78,132.5218667,5.326,Estabilidad Laboral,Inflación Baja
"2010-07-09",40,A,1058250.91,132.5461333,5.326,Estabilidad Laboral,Inflación Baja
"2010-07-16",40,A,959229.09,132.5667742,5.326,Estabilidad Laboral,Inflación Baja
"2010-07-23",40,A,922341.82,132.5825806,5.326,Estabilidad Laboral,Inflación Baja
"2010-07-30",40,A,953393.02,132.5983871,5.326,Estabilidad Laboral,Inflación Baja
"2010-08-06",40,A,1057295.87,132.6141935,5.326,Estabilidad Laboral,Inflación Baja
"2010-08-13",40,A,924011.76,132.63,5.326,Estabilidad Laboral,Inflación Baja
"2010-08-20",40,A,932397.0,132.6616129,5.326,Estabilidad Laboral,Inflación Baja
"2010-08-27",40,A,922328.02,132.6932258,5.326,Estabilidad Laboral,Inflación Baja
"2010-09-03",40,A,976453.34,132.7248387,5.326,Estabilidad Laboral,Inflación Baja
"2010-09-10",40,A,967310.82,132.7564516,5.326,Estabilidad Laboral,Inflación Baja
"2010-09-17",40,A,855046.95,132.7670667,5.326,Estabilidad Laboral,Inflación Baja
"2010-09-24",40,A,844373.31,132.7619333,5.326,Estabilidad Laboral,Inflación Baja
"2010-10-01",40,A,891152.33,132.7568,5.287,Estabilidad Laboral,Inflación Baja
"2010-10-08",40,A,972405.38,132.7516667,5.287,Estabilidad Laboral,Inflación Baja
"2010-10-15",40,A,917883.17,132.7633548,5.287,Estabilidad Laboral,Inflación Baja
"2010-10-22",40,A,882180.91,132.8170968,5.287,Estabilidad Laboral,Inflación Baja
"2010-10-29",40,A,875038.84,132.8708387,5.287,Estabilidad Laboral,Inflación Baja
"2010-11-05",40,A,968270.66,132.9245806,5.287,Estabilidad Laboral,Inflación Baja
"2010-11-12",40,A,935481.32,132.9783226,5.287,Estabilidad Laboral,Inflación Baja
"2010-11-19",40,A,852452.93,132.9172,5.287,Estabilidad Laboral,Inflación Baja
"2010-11-26",40,A,1166142.85,132.8369333,5.287,Estabilidad Laboral,Inflación Baja
"2010-12-03",40,A,1000582.06,132.7566667,5.287,Estabilidad Laboral,Inflación Baja
"2010-12-10",40,A,1111215.72,132.6764,5.287,Estabilidad Laboral,Inflación Baja
"2010-12-17",40,A,1179036.3,132.6804516,5.287,Estabilidad Laboral,Inflación Baja
"2010-12-24",40,A,1648829.18,132.7477419,5.287,Estabilidad Laboral,Inflación Baja
"2010-12-31",40,A,811318.3,132.8150323,5.287,Estabilidad Laboral,Inflación Baja
"2011-01-07",40,A,894280.19,132.8823226,5.114,Estabilidad Laboral,Inflación Baja
"2011-01-14",40,A,771315.62,132.9510645,5.114,Estabilidad Laboral,Inflación Baja
"2011-01-21",40,A,764014.75,133.0285161,5.114,Estabilidad Laboral,Inflación Baja
"2011-01-28",40,A,775910.43,133.1059677,5.114,Estabilidad Laboral,Inflación Baja
"2011-02-04",40,A,904261.65,133.1834194,5.114,Estabilidad Laboral,Inflación Baja
"2011-02-11",40,A,931939.52,133.260871,5.114,Estabilidad Laboral,Inflación Baja
"2011-02-18",40,A,968694.45,133.3701429,5.114,Estabilidad Laboral,Inflación Baja
"2011-02-25",40,A,888869.27,133.4921429,5.114,Estabilidad Laboral,Inflación Baja
"2011-03-04",40,A,977070.62,133.6141429,5.114,Estabilidad Laboral,Inflación Baja
"2011-03-11",40,A,860255.58,133.7361429,5.114,Estabilidad Laboral,Inflación Baja
"2011-03-18",40,A,871024.26,133.8492258,5.114,Estabilidad Laboral,Inflación Baja
"2011-03-25",40,A,834621.39,133.9587419,5.114,Estabilidad Laboral,Inflación Baja
"2011-04-01",40,A,841889.08,134.0682581,4.781,Estabilidad Laboral,Inflación Baja
"2011-04-08",40,A,947753.32,134.1777742,4.781,Estabilidad Laboral,Inflación Baja
"2011-04-15",40,A,874446.3200000001,134.2784667,4.781,Estabilidad Laboral,Inflación Baja
"2011-04-22",40,A,965056.4,134.3571,4.781,Estabilidad Laboral,Inflación Baja
"2011-04-29",40,A,847246.5,134.4357333,4.781,Estabilidad Laboral,Inflación Baja
"2011-05-06",40,A,1016752.55,134.5143667,4.781,Estabilidad Laboral,Inflación Baja
"2011-05-13",40,A,903864.02,134.593,4.781,Estabilidad Laboral,Inflación Baja
"2011-05-20",40,A,907110.8300000001,134.6803871,4.781,Estabilidad Laboral,Inflación Baja
"2011-05-27",40,A,972373.81,134.7677742,4.781,Estabilidad Laboral,Inflación Baja
"2011-06-03",40,A,1075687.74,134.8551613,4.781,Estabilidad Laboral,Inflación Baja
"2011-06-10",40,A,984336.04,134.9425484,4.781,Estabilidad Laboral,Inflación Baja
"2011-06-17",40,A,971422.67,135.0837333,4.781,Estabilidad Laboral,Inflación Baja
"2011-06-24",40,A,977103.64,135.2652667,4.781,Estabilidad Laboral,Inflación Baja
"2011-07-01",40,A,1048866.3,135.4468,4.584,Estabilidad Laboral,Inflación Baja
"2011-07-08",40,A,1107366.06,135.6283333,4.584,Estabilidad Laboral,Inflación Baja
"2011-07-15",40,A,953252.14,135.7837419,4.584,Estabilidad Laboral,Inflación Baja
"2011-07-22",40,A,980642.1,135.8738387,4.584,Estabilidad Laboral,Inflación Baja
"2011-07-29",40,A,929096.9,135.9639355,4.584,Estabilidad Laboral,Inflación Baja
"2011-08-05",40,A,1063818.2,136.0540323,4.584,Estabilidad Laboral,Inflación Baja
"2011-08-12",40,A,955506.95,136.144129,4.584,Estabilidad Laboral,Inflación Baja
"2011-08-19",40,A,943237.12,136.183129,4.584,Estabilidad Laboral,Inflación Baja
"2011-08-26",40,A,969611.2999999999,136.2136129,4.584,Estabilidad Laboral,Inflación Baja
"2011-09-02",40,A,957298.26,136.2440968,4.584,Estabilidad Laboral,Inflación Baja
"2011-09-09",40,A,1021391.99,136.2745806,4.584,Estabilidad Laboral,Inflación Baja
"2011-09-16",40,A,890661.79,136.3145,4.584,Estabilidad Laboral,Inflación Baja
"2011-09-23",40,A,876583.98,136.367,4.584,Estabilidad Laboral,Inflación Baja
"2011-09-30",40,A,912857.1,136.4195,4.584,Estabilidad Laboral,Inflación Baja
"2011-10-07",40,A,1070389.98,136.472,4.42,Estabilidad Laboral,Inflación Baja
"2011-10-14",40,A,936751.68,136.5150968,4.42,Estabilidad Laboral,Inflación Baja
"2011-10-21",40,A,942319.65,136.5017742,4.42,Estabilidad Laboral,Inflación Baja
"2011-10-28",40,A,941675.95,136.4884516,4.42,Estabilidad Laboral,Inflación Baja
"2011-11-04",40,A,1011321.18,136.475129,4.42,Estabilidad Laboral,Inflación Baja
"2011-11-11",40,A,1037687.07,136.4618065,4.42,Estabilidad Laboral,Inflación Baja
"2011-11-18",40,A,905399.99,136.4666667,4.42,Estabilidad Laboral,Inflación Baja
"2011-11-25",40,A,1230011.95,136.4788,4.42,Estabilidad Laboral,Inflación Baja
"2011-12-02",40,A,1059676.62,136.4909333,4.42,Estabilidad Laboral,Inflación Baja
"2011-12-09",40,A,1158708.98,136.5030667,4.42,Estabilidad Laboral,Inflación Baja
"2011-12-16",40,A,1198670.19,136.5335161,4.42,Estabilidad Laboral,Inflación Baja
"2011-12-23",40,A,1601585.7,136.5883871,4.42,Estabilidad Laboral,Inflación Baja
"2011-12-30",40,A,908853.15,136.6432581,4.42,Estabilidad Laboral,Inflación Baja
"2012-01-06",40,A,954576.86,136.698129,4.261,Estabilidad Laboral,Inflación Baja
"2012-01-13",40,A,780607.52,136.753,4.261,Estabilidad Laboral,Inflación Baja
"2012-01-20",40,A,811365.42,136.8564194,4.261,Estabilidad Laboral,Inflación Baja
"2012-01-27",40,A,770157.29,136.9598387,4.261,Estabilidad Laboral,Inflación Baja
"2012-02-03",40,A,979552.34,137.0632581,4.261,Estabilidad Laboral,Inflación Baja
"2012-02-10",40,A,999785.48,137.1666774,4.261,Estabilidad Laboral,Inflación Baja
"2012-02-17",40,A,975500.87,137.2583103,4.261,Estabilidad Laboral,Inflación Baja
"2012-02-24",40,A,919301.81,137.3411034,4.261,Estabilidad Laboral,Inflación Baja
"2012-03-02",40,A,927732.02,137.4238966,4.261,Estabilidad Laboral,Inflación Baja
"2012-03-09",40,A,954233.87,137.5066897,4.261,Estabilidad Laboral,Inflación Baja
"2012-03-16",40,A,891154.18,137.5843871,4.261,Estabilidad Laboral,Inflación Baja
"2012-03-23",40,A,844490.86,137.6552903,4.261,Estabilidad Laboral,Inflación Baja
"2012-03-30",40,A,871945.64,137.7261935,4.261,Estabilidad Laboral,Inflación Baja
"2012-04-06",40,A,1132064.23,137.7970968,4.125,Estabilidad Laboral,Inflación Baja
"2012-04-13",40,A,857811.17,137.868,4.125,Estabilidad Laboral,Inflación Baja
"2012-04-20",40,A,896979.93,137.9230667,4.125,Estabilidad Laboral,Inflación Baja
"2012-04-27",40,A,875372.91,137.9781333,4.125,Estabilidad Laboral,Inflación Baja
"2012-05-04",40,A,993311.59,138.0332,4.125,Estabilidad Laboral,Inflación Baja
"2012-05-11",40,A,967729.35,138.0882667,4.125,Estabilidad Laboral,Inflación Baja
"2012-05-18",40,A,896295.41,138.1065806,4.125,Estabilidad Laboral,Inflación Baja
"2012-05-25",40,A,991054.49,138.1101935,4.125,Estabilidad Laboral,Inflación Baja
"2012-06-01",40,A,1037464.27,138.1138065,4.125,Estabilidad Laboral,Inflación Baja
"2012-06-08",40,A,1079386.88,138.1174194,4.125,Estabilidad Laboral,Inflación Baja
"2012-06-15",40,A,977950.28,138.1295333,4.125,Estabilidad Laboral,Inflación Baja
"2012-06-22",40,A,1033552.18,138.1629,4.125,Estabilidad Laboral,Inflación Baja
"2012-06-29",40,A,988764.84,138.1962667,4.125,Estabilidad Laboral,Inflación Baja
"2012-07-06",40,A,1182901.56,138.2296333,4.156,Estabilidad Laboral,Inflación Baja
"2012-07-13",40,A,979848.71,138.263,4.156,Estabilidad Laboral,Inflación Baja
"2012-07-20",40,A,968502.38,138.2331935,4.156,Estabilidad Laboral,Inflación Baja
"2012-07-27",40,A,954396.85,138.2033871,4.156,Estabilidad Laboral,Inflación Baja
"2012-08-03",40,A,1068346.76,138.1735806,4.156,Estabilidad Laboral,Inflación Baja
"2012-08-10",40,A,1007906.43,138.1437742,4.156,Estabilidad Laboral,Inflación Baja
"2012-08-17",40,A,969387.48,138.1857097,4.156,Estabilidad Laboral,Inflación Baja
"2012-08-24",40,A,945318.47,138.2814516,4.156,Estabilidad Laboral,Inflación Baja
"2012-08-31",40,A,987264.67,138.3771935,4.156,Estabilidad Laboral,Inflación Baja
"2012-09-07",40,A,1088248.4,138.4729355,4.156,Estabilidad Laboral,Inflación Baja
"2012-09-14",40,A,901709.82,138.5673,4.156,Estabilidad Laboral,Inflación Baja
"2012-09-21",40,A,899768.4,138.6534,4.156,Estabilidad Laboral,Inflación Baja
"2012-09-28",40,A,919595.44,138.7395,4.156,Estabilidad Laboral,Inflación Baja
"2012-10-05",40,A,1069112.0,138.8256,4.145,Estabilidad Laboral,Inflación Baja
"2012-10-12",40,A,982523.26,138.9117,4.145,Estabilidad Laboral,Inflación Baja
"2012-10-19",40,A,918170.5,138.8336129,4.145,Estabilidad Laboral,Inflación Baja
"2012-10-26",40,A,921264.52,138.7281613,4.145,Estabilidad Laboral,Inflación Baja
"2010-02-05",41,A,1086533.18,189.3816974,7.541,Estrés Moderado,Inflación Media
"2010-02-12",41,A,1075656.34,189.4642725,7.541,Estrés Moderado,Inflación Media
"2010-02-19",41,A,1052034.74,189.5340998,7.541,Estrés Moderado,Inflación Media
"2010-02-26",41,A,991941.73,189.6018023,7.541,Estrés Moderado,Inflación Media
"2010-03-05",41,A,1063557.49,189.6695049,7.541,Estrés Moderado,Inflación Media
"2010-03-12",41,A,1023997.71,189.7372075,7.541,Estrés Moderado,Inflación Media
"2010-03-19",41,A,1006597.69,189.734262,7.541,Estrés Moderado,Inflación Media
"2010-03-26",41,A,1015196.46,189.7195417,7.541,Estrés Moderado,Inflación Media
"2010-04-02",41,A,1168826.39,189.7048215,7.363,Estrés Moderado,Inflación Media
"2010-04-09",41,A,1082158.21,189.6901012,7.363,Estrés Moderado,Inflación Media
"2010-04-16",41,A,1043388.79,189.6628845,7.363,Estrés Moderado,Inflación Media
"2010-04-23",41,A,1067340.74,189.6190057,7.363,Estrés Moderado,Inflación Media
"2010-04-30",41,A,1063960.11,189.575127,7.363,Estrés Moderado,Inflación Media
"2010-05-07",41,A,1175738.22,189.5312483,7.363,Estrés Moderado,Inflación Media
"2010-05-14",41,A,1116439.02,189.4904116,7.363,Estrés Moderado,Inflación Media
"2010-05-21",41,A,1163234.33,189.467827,7.363,Estrés Moderado,Inflación Media
"2010-05-28",41,A,1246654.24,189.4452425,7.363,Estrés Moderado,Inflación Media
"2010-06-04",41,A,1305068.1,189.422658,7.363,Estrés Moderado,Inflación Media
"2010-06-11",41,A,1217199.39,189.4000734,7.363,Estrés Moderado,Inflación Media
"2010-06-18",41,A,1202963.06,189.4185259,7.363,Estrés Moderado,Inflación Media
"2010-06-25",41,A,1174209.52,189.4533931,7.363,Estrés Moderado,Inflación Media
"2010-07-02",41,A,1273279.79,189.4882603,7.335,Estrés Moderado,Inflación Media
"2010-07-09",41,A,1176079.59,189.5231276,7.335,Estrés Moderado,Inflación Media
"2010-07-16",41,A,1179788.3800000001,189.6125456,7.335,Estrés Moderado,Inflación Media
"2010-07-23",41,A,1192213.87,189.774698,7.335,Estrés Moderado,Inflación Media
"2010-07-30",41,A,1211136.63,189.9368504,7.335,Estrés Moderado,Inflación Media
"2010-08-06",41,A,1338132.72,190.0990028,7.335,Estrés Moderado,Inflación Media
"2010-08-13",41,A,1285976.53,190.2611552,7.335,Estrés Moderado,Inflación Media
"2010-08-20",41,A,1353838.39,190.2948237,7.335,Estrés Moderado,Inflación Media
"2010-08-27",41,A,1173131.63,190.3284922,7.335,Estrés Moderado,Inflación Media
"2010-09-03",41,A,1223355.5,190.3621607,7.335,Estrés Moderado,Inflación Media
"2010-09-10",41,A,1172672.27,190.3958293,7.335,Estrés Moderado,Inflación Media
"2010-09-17",41,A,1111170.91,190.4688287,7.335,Estrés Moderado,Inflación Media
"2010-09-24",41,A,1110941.78,190.5713264,7.335,Estrés Moderado,Inflación Media
"2010-10-01",41,A,1109216.35,190.6738241,7.508,Estrés Moderado,Inflación Media
"2010-10-08",41,A,1162042.24,190.7763218,7.508,Estrés Moderado,Inflación Media
"2010-10-15",41,A,1133913.33,190.8623087,7.508,Estrés Moderado,Inflación Media
"2010-10-22",41,A,1156003.7,190.9070184,7.508,Estrés Moderado,Inflación Media
"2010-10-29",41,A,1144854.56,190.951728,7.508,Estrés Moderado,Inflación Media
"2010-11-05",41,A,1163878.49,190.9964377,7.508,Estrés Moderado,Inflación Media
"2010-11-12",41,A,1175326.23,191.0411474,7.508,Estrés Moderado,Inflación Media
"2010-11-19",41,A,1172155.28,191.0312172,7.508,Estrés Moderado,Inflación Media
"2010-11-26",41,A,1866681.57,191.0121805,7.508,Estrés Moderado,Inflación Media
"2010-12-03",41,A,1220115.75,190.9931437,7.508,Estrés Moderado,Inflación Media
"2010-12-10",41,A,1434908.13,190.9741069,7.508,Estrés Moderado,Inflación Media
"2010-12-17",41,A,1627904.68,191.0303376,7.508,Estrés Moderado,Inflación Media
"2010-12-24",41,A,2225016.73,191.1430189,7.508,Estrés Moderado,Inflación Media
"2010-12-31",41,A,1001790.16,191.2557002,7.508,Estrés Moderado,Inflación Media
"2011-01-07",41,A,1153596.53,191.3683815,7.241,Estrés Moderado,Inflación Media
"2011-01-14",41,A,1052609.16,191.4784939,7.241,Estrés Moderado,Inflación Media
"2011-01-21",41,A,1088025.8,191.5731924,7.241,Estrés Moderado,Inflación Media
"2011-01-28",41,A,1026439.93,191.667891,7.241,Estrés Moderado,Inflación Media
"2011-02-04",41,A,1179420.5,191.7625895,7.241,Estrés Moderado,Inflación Media
"2011-02-11",41,A,1150003.36,191.8572881,7.241,Estrés Moderado,Inflación Media
"2011-02-18",41,A,1203399.64,191.9178331,7.241,Estrés Moderado,Inflación Media
"2011-02-25",41,A,1099714.93,191.9647167,7.241,Estrés Moderado,Inflación Media
"2011-03-04",41,A,1229257.7,192.0116004,7.241,Estrés Moderado,Inflación Media
"2011-03-11",41,A,1159089.6,192.058484,7.241,Estrés Moderado,Inflación Media
"2011-03-18",41,A,1115504.26,192.1237981,7.241,Estrés Moderado,Inflación Media
"2011-03-25",41,A,1140578.16,192.1964844,7.241,Estrés Moderado,Inflación Media
"2011-04-01",41,A,1179125.48,192.2691707,6.934,Estrés Moderado,Inflación Media
"2011-04-08",41,A,1206252.12,192.3418571,6.934,Estrés Moderado,Inflación Media
"2011-04-15",41,A,1192982.07,192.4225954,6.934,Estrés Moderado,Inflación Media
"2011-04-22",41,A,1304481.75,192.5234638,6.934,Estrés Moderado,Inflación Media
"2011-04-29",41,A,1178841.05,192.6243322,6.934,Estrés Moderado,Inflación Media
"2011-05-06",41,A,1244956.91,192.7252006,6.934,Estrés Moderado,Inflación Media
"2011-05-13",41,A,1270025.74,192.826069,6.934,Estrés Moderado,Inflación Media
"2011-05-20",41,A,1244542.33,192.831317,6.934,Estrés Moderado,Inflación Media
"2011-05-27",41,A,1278304.33,192.8365651,6.934,Estrés Moderado,Inflación Media
"2011-06-03",41,A,1297584.95,192.8418131,6.934,Estrés Moderado,Inflación Media
"2011-06-10",41,A,1311690.11,192.8470612,6.934,Estrés Moderado,Inflación Media
"2011-06-17",41,A,1289151.84,192.9034759,6.934,Estrés Moderado,Inflación Media
"2011-06-24",41,A,1244381.98,192.9982655,6.934,Estrés Moderado,Inflación Media
"2011-07-01",41,A,1333347.78,193.0930552,6.901,Estrés Moderado,Inflación Media
"2011-07-08",41,A,1338862.58,193.1878448,6.901,Estrés Moderado,Inflación Media
"2011-07-15",41,A,1245772.7,193.3125484,6.901,Estrés Moderado,Inflación Media
"2011-07-22",41,A,1292830.93,193.5120367,6.901,Estrés Moderado,Inflación Media
"2011-07-29",41,A,1248330.1,193.711525,6.901,Estrés Moderado,Inflación Media
"2011-08-05",41,A,1402233.69,193.9110133,6.901,Estrés Moderado,Inflación Media
"2011-08-12",41,A,1356689.88,194.1105017,6.901,Estrés Moderado,Inflación Media
"2011-08-19",41,A,1412959.97,194.2500634,6.901,Estrés Moderado,Inflación Media
"2011-08-26",41,A,1328740.71,194.3796374,6.901,Estrés Moderado,Inflación Media
"2011-09-02",41,A,1283849.3800000001,194.5092113,6.901,Estrés Moderado,Inflación Media
"2011-09-09",41,A,1280958.97,194.6387853,6.901,Estrés Moderado,Inflación Media
"2011-09-16",41,A,1197019.39,194.7419707,6.901,Estrés Moderado,Inflación Media
"2011-09-23",41,A,1173059.79,194.8099713,6.901,Estrés Moderado,Inflación Media
"2011-09-30",41,A,1160619.61,194.8779718,6.901,Estrés Moderado,Inflación Media
"2011-10-07",41,A,1277882.77,194.9459724,6.759,Estrés Moderado,Inflación Media
"2011-10-14",41,A,1247130.22,195.0261012,6.759,Estrés Moderado,Inflación Media
"2011-10-21",41,A,1214944.29,195.1789994,6.759,Estrés Moderado,Inflación Media
"2011-10-28",41,A,1274463.02,195.3318977,6.759,Estrés Moderado,Inflación Media
"2011-11-04",41,A,1315684.8599999999,195.4847959,6.759,Estrés Moderado,Inflación Media
"2011-11-11",41,A,1302499.23,195.6376941,6.759,Estrés Moderado,Inflación Media
"2011-11-18",41,A,1230118.02,195.7184713,6.759,Estrés Moderado,Inflación Media
"2011-11-25",41,A,1906713.35,195.7704,6.759,Estrés Moderado,Inflación Media
"2011-12-02",41,A,1292436.23,195.8223287,6.759,Estrés Moderado,Inflación Media
"2011-12-09",41,A,1548661.45,195.8742575,6.759,Estrés Moderado,Inflación Media
"2011-12-16",41,A,1682368.32,195.9841685,6.759,Estrés Moderado,Inflación Media
"2011-12-23",41,A,2263722.68,196.1713893,6.759,Estrés Moderado,Inflación Media
"2011-12-30",41,A,1264014.16,196.3586101,6.759,Estrés Moderado,Inflación Media
"2012-01-06",41,A,1208191.61,196.5458309,6.589,Estrés Moderado,Inflación Media
"2012-01-13",41,A,1134767.28,196.7330517,6.589,Estrés Moderado,Inflación Media
"2012-01-20",41,A,1116295.24,196.7796652,6.589,Estrés Moderado,Inflación Media
"2012-01-27",41,A,1079398.81,196.8262786,6.589,Estrés Moderado,Inflación Media
"2012-02-03",41,A,1208825.6,196.8728921,6.589,Estrés Moderado,Inflación Media
"2012-02-10",41,A,1238844.56,196.9195056,6.589,Estrés Moderado,Inflación Media
"2012-02-17",41,A,1330451.46,196.9432711,6.589,Estrés Moderado,Inflación Media
"2012-02-24",41,A,1224915.66,196.9499007,6.589,Estrés Moderado,Inflación Media
"2012-03-02",41,A,1239813.26,196.9565303,6.589,Estrés Moderado,Inflación Media
"2012-03-09",41,A,1243814.77,196.9631599,6.589,Estrés Moderado,Inflación Media
"2012-03-16",41,A,1201511.6199999999,197.0457208,6.589,Estrés Moderado,Inflación Media
"2012-03-23",41,A,1215354.3800000001,197.2295234,6.589,Estrés Moderado,Inflación Media
"2012-03-30",41,A,1239423.19,197.4133259,6.589,Estrés Moderado,Inflación Media
"2012-04-06",41,A,1460234.31,197.5971285,6.547,Estrés Moderado,Inflación Media
"2012-04-13",41,A,1323004.73,197.780931,6.547,Estrés Moderado,Inflación Media
"2012-04-20",41,A,1220815.33,197.7227385,6.547,Estrés Moderado,Inflación Media
"2012-04-27",41,A,1248950.65,197.664546,6.547,Estrés Moderado,Inflación Media
"2012-05-04",41,A,1359770.73,197.6063534,6.547,Estrés Moderado,Inflación Media
"2012-05-11",41,A,1353285.1,197.5481609,6.547,Estrés Moderado,Inflación Media
"2012-05-18",41,A,1331514.44,197.5553137,6.547,Estrés Moderado,Inflación Media
"2012-05-25",41,A,1424500.47,197.5886046,6.547,Estrés Moderado,Inflación Media
"2012-06-01",41,A,1374891.36,197.6218954,6.547,Estrés Moderado,Inflación Media
"2012-06-08",41,A,1436383.84,197.6551863,6.547,Estrés Moderado,Inflación Media
"2012-06-15",41,A,1384584.59,197.692292,6.547,Estrés Moderado,Inflación Media
"2012-06-22",41,A,1386407.17,197.7389345,6.547,Estrés Moderado,Inflación Media
"2012-06-29",41,A,1355600.01,197.785577,6.547,Estrés Moderado,Inflación Media
"2012-07-06",41,A,1456300.89,197.8322195,6.432,Estabilidad Laboral,Inflación Media
"2012-07-13",41,A,1332594.07,197.8788621,6.432,Estabilidad Laboral,Inflación Media
"2012-07-20",41,A,1347175.93,197.9290378,6.432,Estabilidad Laboral,Inflación Media
"2012-07-27",41,A,1344723.97,197.9792136,6.432,Estabilidad Laboral,Inflación Media
"2012-08-03",41,A,1439607.35,198.0293893,6.432,Estabilidad Laboral,Inflación Media
"2012-08-10",41,A,1504545.94,198.0795651,6.432,Estabilidad Laboral,Inflación Media
"2012-08-17",41,A,1560590.05,198.1001057,6.432,Estabilidad Laboral,Inflación Media
"2012-08-24",41,A,1464462.85,198.0984199,6.432,Estabilidad Laboral,Inflación Media
"2012-08-31",41,A,1360517.52,198.0967341,6.432,Estabilidad Laboral,Inflación Media
"2012-09-07",41,A,1392143.82,198.0950484,6.432,Estabilidad Laboral,Inflación Media
"2012-09-14",41,A,1306644.25,198.1267184,6.432,Estabilidad Laboral,Inflación Media
"2012-09-21",41,A,1276609.36,198.358523,6.432,Estabilidad Laboral,Inflación Media
"2012-09-28",41,A,1307928.01,198.5903276,6.432,Estabilidad Laboral,Inflación Media
"2012-10-05",41,A,1400160.95,198.8221322,6.195,Estabilidad Laboral,Inflación Media
"2012-10-12",41,A,1409544.97,199.0539368,6.195,Estabilidad Laboral,Inflación Media
"2012-10-19",41,A,1326197.24,199.1481963,6.195,Estabilidad Laboral,Inflación Media
"2012-10-26",41,A,1316542.59,199.2195317,6.195,Estabilidad Laboral,Inflación Media
"2010-02-05",42,C,543384.01,126.4420645,9.765,Inestabilidad Laboral,Inflación Baja
"2010-02-12",42,C,575709.96,126.4962581,9.765,Inestabilidad Laboral,Inflación Baja
"2010-02-19",42,C,508794.87,126.5262857,9.765,Inestabilidad Laboral,Inflación Baja
"2010-02-26",42,C,491510.58,126.5522857,9.765,Inestabilidad Laboral,Inflación Baja
"2010-03-05",42,C,554972.42,126.5782857,9.765,Inestabilidad Laboral,Inflación Baja
"2010-03-12",42,C,588363.62,126.6042857,9.765,Inestabilidad Laboral,Inflación Baja
"2010-03-19",42,C,519914.1,126.6066452,9.765,Inestabilidad Laboral,Inflación Baja
"2010-03-26",42,C,478021.68,126.6050645,9.765,Inestabilidad Laboral,Inflación Baja
"2010-04-02",42,C,505907.41000000003,126.6034839,9.524,Inestabilidad Laboral,Inflación Baja
"2010-04-09",42,C,582552.26,126.6019032,9.524,Inestabilidad Laboral,Inflación Baja
"2010-04-16",42,C,549528.16,126.5621,9.524,Inestabilidad Laboral,Inflación Baja
"2010-04-23",42,C,492364.77,126.4713333,9.524,Inestabilidad Laboral,Inflación Baja
"2010-04-30",42,C,477615.87,126.3805667,9.524,Inestabilidad Laboral,Inflación Baja
"2010-05-07",42,C,582846.22,126.2898,9.524,Inestabilidad Laboral,Inflación Baja
"2010-05-14",42,C,564345.55,126.2085484,9.524,Inestabilidad Laboral,Inflación Baja
"2010-05-21",42,C,504403.16,126.1843871,9.524,Inestabilidad Laboral,Inflación Baja
"2010-05-28",42,C,484097.03,126.1602258,9.524,Inestabilidad Laboral,Inflación Baja
"2010-06-04",42,C,556046.12,126.1360645,9.524,Inestabilidad Laboral,Inflación Baja
"2010-06-11",42,C,607218.6,126.1119032,9.524,Inestabilidad Laboral,Inflación Baja
"2010-06-18",42,C,529418.64,126.114,9.524,Inestabilidad Laboral,Inflación Baja
"2010-06-25",42,C,484327.56,126.1266,9.524,Inestabilidad Laboral,Inflación Baja
"2010-07-02",42,C,507168.8,126.1392,9.199,Inestabilidad Laboral,Inflación Baja
"2010-07-09",42,C,570069.48,126.1518,9.199,Inestabilidad Laboral,Inflación Baja
"2010-07-16",42,C,558837.27,126.1498065,9.199,Inestabilidad Laboral,Inflación Baja
"2010-07-23",42,C,491115.86,126.1283548,9.199,Inestabilidad Laboral,Inflación Baja
"2010-07-30",42,C,469598.57,126.1069032,9.199,Inestabilidad Laboral,Inflación Baja
"2010-08-06",42,C,579544.21,126.0854516,9.199,Inestabilidad Laboral,Inflación Baja
"2010-08-13",42,C,583079.97,126.064,9.199,Inestabilidad Laboral,Inflación Baja
"2010-08-20",42,C,500945.63,126.0766452,9.199,Inestabilidad Laboral,Inflación Baja
"2010-08-27",42,C,465993.51,126.0892903,9.199,Inestabilidad Laboral,Inflación Baja
"2010-09-03",42,C,524658.0599999999,126.1019355,9.199,Inestabilidad Laboral,Inflación Baja
"2010-09-10",42,C,589091.04,126.1145806,9.199,Inestabilidad Laboral,Inflación Baja
"2010-09-17",42,C,536871.58,126.1454667,9.199,Inestabilidad Laboral,Inflación Baja
"2010-09-24",42,C,492262.95999999996,126.1900333,9.199,Inestabilidad Laboral,Inflación Baja
"2010-10-01",42,C,481523.93,126.2346,9.003,Inestabilidad Laboral,Inflación Baja
"2010-10-08",42,C,599759.45,126.2791667,9.003,Inestabilidad Laboral,Inflación Baja
"2010-10-15",42,C,559285.35,126.3266774,9.003,Inestabilidad Laboral,Inflación Baja
"2010-10-22",42,C,522467.51,126.3815484,9.003,Inestabilidad Laboral,Inflación Baja
"2010-10-29",42,C,476967.65,126.4364194,9.003,Inestabilidad Laboral,Inflación Baja
"2010-11-05",42,C,565390.4,126.4912903,9.003,Inestabilidad Laboral,Inflación Baja
"2010-11-12",42,C,588592.61,126.5461613,9.003,Inestabilidad Laboral,Inflación Baja
"2010-11-19",42,C,524316.21,126.6072,9.003,Inestabilidad Laboral,Inflación Baja
"2010-11-26",42,C,522296.71,126.6692667,9.003,Inestabilidad Laboral,Inflación Baja
"2010-12-03",42,C,500250.8,126.7313333,9.003,Inestabilidad Laboral,Inflación Baja
"2010-12-10",42,C,585175.24,126.7934,9.003,Inestabilidad Laboral,Inflación Baja
"2010-12-17",42,C,537455.65,126.8794839,9.003,Inestabilidad Laboral,Inflación Baja
"2010-12-24",42,C,555075.27,126.9835806,9.003,Inestabilidad Laboral,Inflación Baja
"2010-12-31",42,C,428953.6,127.0876774,9.003,Inestabilidad Laboral,Inflación Baja
"2011-01-07",42,C,592947.75,127.1917742,8.744,Inestabilidad Laboral,Inflación Baja
"2011-01-14",42,C,613899.15,127.3009355,8.744,Inestabilidad Laboral,Inflación Baja
"2011-01-21",42,C,533414.62,127.4404839,8.744,Inestabilidad Laboral,Inflación Baja
"2011-01-28",42,C,499081.79,127.5800323,8.744,Inestabilidad Laboral,Inflación Baja
"2011-02-04",42,C,586886.16,127.7195806,8.744,Inestabilidad Laboral,Inflación Baja
"2011-02-11",42,C,628063.88,127.859129,8.744,Inestabilidad Laboral,Inflación Baja
"2011-02-18",42,C,556485.1,127.99525,8.744,Inestabilidad Laboral,Inflación Baja
"2011-02-25",42,C,526904.08,128.13,8.744,Inestabilidad Laboral,Inflación Baja
"2011-03-04",42,C,570879.04,128.26475,8.744,Inestabilidad Laboral,Inflación Baja
"2011-03-11",42,C,607294.56,128.3995,8.744,Inestabilidad Laboral,Inflación Baja
"2011-03-18",42,C,558239.3200000001,128.5121935,8.744,Inestabilidad Laboral,Inflación Baja
"2011-03-25",42,C,522673.62,128.6160645,8.744,Inestabilidad Laboral,Inflación Baja
"2011-04-01",42,C,508432.17,128.7199355,8.494,Estrés Moderado,Inflación Baja
"2011-04-08",42,C,620087.35,128.8238065,8.494,Estrés Moderado,Inflación Baja
"2011-04-15",42,C,597644.02,128.9107333,8.494,Estrés Moderado,Inflación Baja
"2011-04-22",42,C,534597.69,128.9553,8.494,Estrés Moderado,Inflación Baja
"2011-04-29",42,C,496010.17,128.9998667,8.494,Estrés Moderado,Inflación Baja
"2011-05-06",42,C,612337.35,129.0444333,8.494,Estrés Moderado,Inflación Baja
"2011-05-13",42,C,603024.75,129.089,8.494,Estrés Moderado,Inflación Baja
"2011-05-20",42,C,524559.95,129.0756774,8.494,Estrés Moderado,Inflación Baja
"2011-05-27",42,C,503295.29,129.0623548,8.494,Estrés Moderado,Inflación Baja
"2011-06-03",42,C,545109.3,129.0490323,8.494,Estrés Moderado,Inflación Baja
"2011-06-10",42,C,616701.99,129.0357097,8.494,Estrés Moderado,Inflación Baja
"2011-06-17",42,C,546675.65,129.0432,8.494,Estrés Moderado,Inflación Baja
"2011-06-24",42,C,501780.66,129.0663,8.494,Estrés Moderado,Inflación Baja
"2011-07-01",42,C,506343.83,129.0894,8.257,Estrés Moderado,Inflación Baja
"2011-07-08",42,C,593234.27,129.1125,8.257,Estrés Moderado,Inflación Baja
"2011-07-15",42,C,591703.8200000001,129.1338387,8.257,Estrés Moderado,Inflación Baja
"2011-07-22",42,C,511316.29,129.1507742,8.257,Estrés Moderado,Inflación Baja
"2011-07-29",42,C,479256.8,129.1677097,8.257,Estrés Moderado,Inflación Baja
"2011-08-05",42,C,572603.33,129.1846452,8.257,Estrés Moderado,Inflación Baja
"2011-08-12",42,C,603147.26,129.2015806,8.257,Estrés Moderado,Inflación Baja
"2011-08-19",42,C,526641.23,129.2405806,8.257,Estrés Moderado,Inflación Baja
"2011-08-26",42,C,503720.98,129.2832581,8.257,Estrés Moderado,Inflación Baja
"2011-09-02",42,C,537124.76,129.3259355,8.257,Estrés Moderado,Inflación Baja
"2011-09-09",42,C,608390.94,129.3686129,8.257,Estrés Moderado,Inflación Baja
"2011-09-16",42,C,576837.09,129.4306,8.257,Estrés Moderado,Inflación Baja
"2011-09-23",42,C,528486.45,129.5183333,8.257,Estrés Moderado,Inflación Baja
"2011-09-30",42,C,510243.79,129.6060667,8.257,Estrés Moderado,Inflación Baja
"2011-10-07",42,C,649111.23,129.6938,7.874,Estrés Moderado,Inflación Baja
"2011-10-14",42,C,613531.11,129.7706452,7.874,Estrés Moderado,Inflación Baja
"2011-10-21",42,C,537276.41,129.7821613,7.874,Estrés Moderado,Inflación Baja
"2011-10-28",42,C,515599.7,129.7936774,7.874,Estrés Moderado,Inflación Baja
"2011-11-04",42,C,597667.21,129.8051935,7.874,Estrés Moderado,Inflación Baja
"2011-11-11",42,C,643125.29,129.8167097,7.874,Estrés Moderado,Inflación Baja
"2011-11-18",42,C,567673.87,129.8268333,7.874,Estrés Moderado,Inflación Baja
"2011-11-25",42,C,577698.37,129.8364,7.874,Estrés Moderado,Inflación Baja
"2011-12-02",42,C,511883.36,129.8459667,7.874,Estrés Moderado,Inflación Baja
"2011-12-09",42,C,619133.48,129.8555333,7.874,Estrés Moderado,Inflación Baja
"2011-12-16",42,C,598437.98,129.8980645,7.874,Estrés Moderado,Inflación Baja
"2011-12-23",42,C,575676.13,129.9845484,7.874,Estrés Moderado,Inflación Baja
"2011-12-30",42,C,454412.28,130.0710323,7.874,Estrés Moderado,Inflación Baja
"2012-01-06",42,C,636372.37,130.1575161,7.545,Estrés Moderado,Inflación Baja
"2012-01-13",42,C,664348.2,130.244,7.545,Estrés Moderado,Inflación Baja
"2012-01-20",42,C,579499.93,130.2792258,7.545,Estrés Moderado,Inflación Baja
"2012-01-27",42,C,538978.67,130.3144516,7.545,Estrés Moderado,Inflación Baja
"2012-02-03",42,C,588448.21,130.3496774,7.545,Estrés Moderado,Inflación Baja
"2012-02-10",42,C,674919.45,130.3849032,7.545,Estrés Moderado,Inflación Baja
"2012-02-17",42,C,606671.5,130.4546207,7.545,Estrés Moderado,Inflación Baja
"2012-02-24",42,C,564304.15,130.5502069,7.545,Estrés Moderado,Inflación Baja
"2012-03-02",42,C,585895.34,130.6457931,7.545,Estrés Moderado,Inflación Baja
"2012-03-09",42,C,659816.15,130.7413793,7.545,Estrés Moderado,Inflación Baja
"2012-03-16",42,C,618767.26,130.8261935,7.545,Estrés Moderado,Inflación Baja
"2012-03-23",42,C,561226.38,130.8966452,7.545,Estrés Moderado,Inflación Baja
"2012-03-30",42,C,544408.14,130.9670968,7.545,Estrés Moderado,Inflación Baja
"2012-04-06",42,C,652312.11,131.0375484,7.382,Estrés Moderado,Inflación Baja
"2012-04-13",42,C,639123.45,131.108,7.382,Estrés Moderado,Inflación Baja
"2012-04-20",42,C,552529.23,131.1173333,7.382,Estrés Moderado,Inflación Baja
"2012-04-27",42,C,526625.49,131.1266667,7.382,Estrés Moderado,Inflación Baja
"2012-05-04",42,C,609274.89,131.136,7.382,Estrés Moderado,Inflación Baja
"2012-05-11",42,C,643603.69,131.1453333,7.382,Estrés Moderado,Inflación Baja
"2012-05-18",42,C,590636.38,131.0983226,7.382,Estrés Moderado,Inflación Baja
"2012-05-25",42,C,535764.58,131.0287742,7.382,Estrés Moderado,Inflación Baja
"2012-06-01",42,C,521953.78,130.9592258,7.382,Estrés Moderado,Inflación Baja
"2012-06-08",42,C,642671.48,130.8896774,7.382,Estrés Moderado,Inflación Baja
"2012-06-15",42,C,606309.13,130.8295333,7.382,Estrés Moderado,Inflación Baja
"2012-06-22",42,C,540031.29,130.7929,7.382,Estrés Moderado,Inflación Baja
"2012-06-29",42,C,507403.77,130.7562667,7.382,Estrés Moderado,Inflación Baja
"2012-07-06",42,C,618702.09,130.7196333,7.17,Estrés Moderado,Inflación Baja
"2012-07-13",42,C,628099.08,130.683,7.17,Estrés Moderado,Inflación Baja
"2012-07-20",42,C,530318.39,130.7012903,7.17,Estrés Moderado,Inflación Baja
"2012-07-27",42,C,516352.21,130.7195806,7.17,Estrés Moderado,Inflación Baja
"2012-08-03",42,C,573084.71,130.737871,7.17,Estrés Moderado,Inflación Baja
"2012-08-10",42,C,576620.31,130.7561613,7.17,Estrés Moderado,Inflación Baja
"2012-08-17",42,C,575997.78,130.7909677,7.17,Estrés Moderado,Inflación Baja
"2012-08-24",42,C,535537.03,130.8381613,7.17,Estrés Moderado,Inflación Baja
"2012-08-31",42,C,504760.57,130.8853548,7.17,Estrés Moderado,Inflación Baja
"2012-09-07",42,C,617405.35,130.9325484,7.17,Estrés Moderado,Inflación Baja
"2012-09-14",42,C,586737.66,130.9776667,7.17,Estrés Moderado,Inflación Baja
"2012-09-21",42,C,527165.7,131.0103333,7.17,Estrés Moderado,Inflación Baja
"2012-09-28",42,C,505978.46,131.043,7.17,Estrés Moderado,Inflación Baja
"2012-10-05",42,C,593162.53,131.0756667,6.943,Estrés Moderado,Inflación Baja
"2012-10-12",42,C,612379.9,131.1083333,6.943,Estrés Moderado,Inflación Baja
"2012-10-19",42,C,541406.98,131.1499677,6.943,Estrés Moderado,Inflación Baja
"2012-10-26",42,C,514756.08,131.1930968,6.943,Estrés Moderado,Inflación Baja
"2010-02-05",43,C,647029.28,203.0642742,9.521,Inestabilidad Laboral,Inflación Alta
"2010-02-12",43,C,682918.99,203.2010968,9.521,Inestabilidad Laboral,Inflación Alta
"2010-02-19",43,C,658997.55,203.2479796,9.521,Inestabilidad Laboral,Inflación Alta
"2010-02-26",43,C,618702.79,203.2798724,9.521,Inestabilidad Laboral,Inflación Alta
"2010-03-05",43,C,658600.05,203.3117653,9.521,Inestabilidad Laboral,Inflación Alta
"2010-03-12",43,C,645386.9400000001,203.3436582,9.521,Inestabilidad Laboral,Inflación Alta
"2010-03-19",43,C,668098.49,203.195159,9.521,Inestabilidad Laboral,Inflación Alta
"2010-03-26",43,C,623097.9299999999,203.0165945,9.521,Inestabilidad Laboral,Inflación Alta
"2010-04-02",43,C,650102.8,202.83803,9.593,Inestabilidad Laboral,Inflación Alta
"2010-04-09",43,C,693058.34,202.6594654,9.593,Inestabilidad Laboral,Inflación Alta
"2010-04-16",43,C,675282.2,202.5351571,9.593,Inestabilidad Laboral,Inflación Alta
"2010-04-23",43,C,638957.35,202.4831905,9.593,Inestabilidad Laboral,Inflación Alta
"2010-04-30",43,C,630740.11,202.4312238,9.593,Inestabilidad Laboral,Inflación Alta
"2010-05-07",43,C,691498.6,202.3792571,9.593,Inestabilidad Laboral,Inflación Alta
"2010-05-14",43,C,690851.59,202.3705092,9.593,Inestabilidad Laboral,Inflación Alta
"2010-05-21",43,C,672062.08,202.6210737,9.593,Inestabilidad Laboral,Inflación Alta
"2010-05-28",43,C,630315.76,202.8716382,9.593,Inestabilidad Laboral,Inflación Alta
"2010-06-04",43,C,682012.53,203.1222028,9.593,Inestabilidad Laboral,Inflación Alta
"2010-06-11",43,C,684023.95,203.3727673,9.593,Inestabilidad Laboral,Inflación Alta
"2010-06-18",43,C,700009.77,203.370619,9.593,Inestabilidad Laboral,Inflación Alta
"2010-06-25",43,C,625196.14,203.2673857,9.593,Inestabilidad Laboral,Inflación Alta
"2010-07-02",43,C,667353.79,203.1641524,9.816,Inestabilidad Laboral,Inflación Alta
"2010-07-09",43,C,718748.33,203.060919,9.816,Inestabilidad Laboral,Inflación Alta
"2010-07-16",43,C,696844.36,203.0538548,9.816,Inestabilidad Laboral,Inflación Alta
"2010-07-23",43,C,649035.55,203.1750161,9.816,Inestabilidad Laboral,Inflación Alta
"2010-07-30",43,C,622112.23,203.2961774,9.816,Inestabilidad Laboral,Inflación Alta
"2010-08-06",43,C,698536.0599999999,203.4173387,9.816,Inestabilidad Laboral,Inflación Alta
"2010-08-13",43,C,713479.91,203.5385,9.816,Inestabilidad Laboral,Inflación Alta
"2010-08-20",43,C,712869.09,203.5092419,9.816,Inestabilidad Laboral,Inflación Alta
"2010-08-27",43,C,655284.69,203.4799839,9.816,Inestabilidad Laboral,Inflación Alta
"2010-09-03",43,C,689326.91,203.4507258,9.816,Inestabilidad Laboral,Inflación Alta
"2010-09-10",43,C,722120.04,203.4214677,9.816,Inestabilidad Laboral,Inflación Alta
"2010-09-17",43,C,725043.04,203.4499286,9.816,Inestabilidad Laboral,Inflación Alta
"2010-09-24",43,C,650263.95,203.5216786,9.816,Inestabilidad Laboral,Inflación Alta
"2010-10-01",43,C,657108.77,203.5934286,10.21,Inestabilidad Laboral,Inflación Alta
"2010-10-08",43,C,713332.54,203.6651786,10.21,Inestabilidad Laboral,Inflación Alta
"2010-10-15",43,C,699852.68,203.7299032,10.21,Inestabilidad Laboral,Inflación Alta
"2010-10-22",43,C,680943.03,203.7770645,10.21,Inestabilidad Laboral,Inflación Alta
"2010-10-29",43,C,610076.32,203.8242258,10.21,Inestabilidad Laboral,Inflación Alta
"2010-11-05",43,C,605960.2,203.8713871,10.21,Inestabilidad Laboral,Inflación Alta
"2010-11-12",43,C,595421.23,203.9185484,10.21,Inestabilidad Laboral,Inflación Alta
"2010-11-19",43,C,589467.35,203.8191286,10.21,Inestabilidad Laboral,Inflación Alta
"2010-11-26",43,C,633520.34,203.6952786,10.21,Inestabilidad Laboral,Inflación Alta
"2010-12-03",43,C,557543.62,203.5714286,10.21,Inestabilidad Laboral,Inflación Alta
"2010-12-10",43,C,598679.02,203.4475786,10.21,Inestabilidad Laboral,Inflación Alta
"2010-12-17",43,C,615761.77,203.3996521,10.21,Inestabilidad Laboral,Inflación Alta
"2010-12-24",43,C,656637.63,203.4086682,10.21,Inestabilidad Laboral,Inflación Alta
"2010-12-31",43,C,534740.3,203.4176843,10.21,Inestabilidad Laboral,Inflación Alta
"2011-01-07",43,C,611796.61,203.4267005,10.398,Inestabilidad Laboral,Inflación Alta
"2011-01-14",43,C,614940.07,203.4840645,10.398,Inestabilidad Laboral,Inflación Alta
"2011-01-21",43,C,601004.79,203.8315161,10.398,Inestabilidad Laboral,Inflación Alta
"2011-01-28",43,C,562558.27,204.1789677,10.398,Inestabilidad Laboral,Inflación Alta
"2011-02-04",43,C,651521.77,204.5264194,10.398,Inestabilidad Laboral,Inflación Alta
"2011-02-11",43,C,635650.98,204.873871,10.398,Inestabilidad Laboral,Inflación Alta
"2011-02-18",43,C,626627.77,205.1683214,10.398,Inestabilidad Laboral,Inflación Alta
"2011-02-25",43,C,592340.01,205.4415714,10.398,Inestabilidad Laboral,Inflación Alta
"2011-03-04",43,C,616345.25,205.7148214,10.398,Inestabilidad Laboral,Inflación Alta
"2011-03-11",43,C,629026.75,205.9880714,10.398,Inestabilidad Laboral,Inflación Alta
"2011-03-18",43,C,635171.05,206.225924,10.398,Inestabilidad Laboral,Inflación Alta
"2011-03-25",43,C,585989.1,206.4496175,10.398,Inestabilidad Laboral,Inflación Alta
"2011-04-01",43,C,611585.54,206.6733111,10.581,Inestabilidad Laboral,Inflación Alta
"2011-04-08",43,C,650418.75,206.8970046,10.581,Inestabilidad Laboral,Inflación Alta
"2011-04-15",43,C,635758.03,207.1015429,10.581,Inestabilidad Laboral,Inflación Alta
"2011-04-22",43,C,638280.67,207.2581929,10.581,Inestabilidad Laboral,Inflación Alta
"2011-04-29",43,C,611464.21,207.4148429,10.581,Inestabilidad Laboral,Inflación Alta
"2011-05-06",43,C,649148.74,207.5714929,10.581,Inestabilidad Laboral,Inflación Alta
"2011-05-13",43,C,684655.91,207.7281429,10.581,Inestabilidad Laboral,Inflación Alta
"2011-05-20",43,C,648330.18,207.5200622,10.581,Inestabilidad Laboral,Inflación Alta
"2011-05-27",43,C,578209.63,207.3119816,10.581,Inestabilidad Laboral,Inflación Alta
"2011-06-03",43,C,630972.15,207.1039009,10.581,Inestabilidad Laboral,Inflación Alta
"2011-06-10",43,C,643041.71,206.8958203,10.581,Inestabilidad Laboral,Inflación Alta
"2011-06-17",43,C,665781.74,206.8560238,10.581,Inestabilidad Laboral,Inflación Alta
"2011-06-24",43,C,604925.08,206.9424405,10.581,Inestabilidad Laboral,Inflación Alta
"2011-07-01",43,C,586781.78,207.0288571,10.641,Inestabilidad Laboral,Inflación Alta
"2011-07-08",43,C,651147.83,207.1152738,10.641,Inestabilidad Laboral,Inflación Alta
"2011-07-15",43,C,631827.38,207.1940691,10.641,Inestabilidad Laboral,Inflación Alta
"2011-07-22",43,C,597354.39,207.2538111,10.641,Inestabilidad Laboral,Inflación Alta
"2011-07-29",43,C,533917.52,207.313553,10.641,Inestabilidad Laboral,Inflación Alta
"2011-08-05",43,C,605956.59,207.3732949,10.641,Inestabilidad Laboral,Inflación Alta
"2011-08-12",43,C,595626.56,207.4330369,10.641,Inestabilidad Laboral,Inflación Alta
"2011-08-19",43,C,663396.32,207.4953088,10.641,Inestabilidad Laboral,Inflación Alta
"2011-08-26",43,C,561573.08,207.5580023,10.641,Inestabilidad Laboral,Inflación Alta
"2011-09-02",43,C,594224.9,207.6206959,10.641,Inestabilidad Laboral,Inflación Alta
"2011-09-09",43,C,649128.23,207.6833894,10.641,Inestabilidad Laboral,Inflación Alta
"2011-09-16",43,C,618877.13,207.8527143,10.641,Inestabilidad Laboral,Inflación Alta
"2011-09-23",43,C,586108.13,208.1642143,10.641,Inestabilidad Laboral,Inflación Alta
"2011-09-30",43,C,555183.72,208.4757143,10.641,Inestabilidad Laboral,Inflación Alta
"2011-10-07",43,C,642828.62,208.7872143,10.148,Inestabilidad Laboral,Inflación Alta
"2011-10-14",43,C,590984.56,209.0752166,10.148,Inestabilidad Laboral,Inflación Alta
"2011-10-21",43,C,594625.96,209.2222327,10.148,Inestabilidad Laboral,Inflación Alta
"2011-10-28",43,C,572516.57,209.3692488,10.148,Inestabilidad Laboral,Inflación Alta
"2011-11-04",43,C,641905.37,209.516265,10.148,Inestabilidad Laboral,Inflación Alta
"2011-11-11",43,C,615975.5,209.6632811,10.148,Inestabilidad Laboral,Inflación Alta
"2011-11-18",43,C,628115.61,209.8651071,10.148,Inestabilidad Laboral,Inflación Alta
"2011-11-25",43,C,669965.22,210.0888571,10.148,Inestabilidad Laboral,Inflación Alta
"2011-12-02",43,C,585028.26,210.3126071,10.148,Inestabilidad Laboral,Inflación Alta
"2011-12-09",43,C,617898.07,210.5363571,10.148,Inestabilidad Laboral,Inflación Alta
"2011-12-16",43,C,665007.08,210.7365392,10.148,Inestabilidad Laboral,Inflación Alta
"2011-12-23",43,C,676290.46,210.9052972,10.148,Inestabilidad Laboral,Inflación Alta
"2011-12-30",43,C,505405.85,211.0740553,10.148,Inestabilidad Laboral,Inflación Alta
"2012-01-06",43,C,670993.01,211.2428134,9.653,Inestabilidad Laboral,Inflación Alta
"2012-01-13",43,C,663529.64,211.4115714,9.653,Inestabilidad Laboral,Inflación Alta
"2012-01-20",43,C,619225.65,211.4997811,9.653,Inestabilidad Laboral,Inflación Alta
"2012-01-27",43,C,587685.38,211.5879908,9.653,Inestabilidad Laboral,Inflación Alta
"2012-02-03",43,C,629176.71,211.6762005,9.653,Inestabilidad Laboral,Inflación Alta
"2012-02-10",43,C,662198.65,211.7644101,9.653,Inestabilidad Laboral,Inflación Alta
"2012-02-17",43,C,660632.05,211.916835,9.653,Inestabilidad Laboral,Inflación Alta
"2012-02-24",43,C,613042.97,212.1174212,9.653,Inestabilidad Laboral,Inflación Alta
"2012-03-02",43,C,693249.98,212.3180074,9.653,Inestabilidad Laboral,Inflación Alta
"2012-03-09",43,C,636677.67,212.5185936,9.653,Inestabilidad Laboral,Inflación Alta
"2012-03-16",43,C,661707.02,212.6651567,9.653,Inestabilidad Laboral,Inflación Alta
"2012-03-23",43,C,610940.9400000001,212.7396889,9.653,Inestabilidad Laboral,Inflación Alta
"2012-03-30",43,C,623258.4,212.8142212,9.653,Inestabilidad Laboral,Inflación Alta
"2012-04-06",43,C,658468.27,212.8887535,9.575,Inestabilidad Laboral,Inflación Alta
"2012-04-13",43,C,665687.92,212.9632857,9.575,Inestabilidad Laboral,Inflación Alta
"2012-04-20",43,C,638144.98,213.0130524,9.575,Inestabilidad Laboral,Inflación Alta
"2012-04-27",43,C,593138.59,213.062819,9.575,Inestabilidad Laboral,Inflación Alta
"2012-05-04",43,C,637964.2,213.1125857,9.575,Inestabilidad Laboral,Inflación Alta
"2012-05-11",43,C,640159.04,213.1623524,9.575,Inestabilidad Laboral,Inflación Alta
"2012-05-18",43,C,648541.81,213.1753618,9.575,Inestabilidad Laboral,Inflación Alta
"2012-05-25",43,C,597406.39,213.1736682,9.575,Inestabilidad Laboral,Inflación Alta
"2012-06-01",43,C,605078.62,213.1719747,9.575,Inestabilidad Laboral,Inflación Alta
"2012-06-08",43,C,643032.51,213.1702811,9.575,Inestabilidad Laboral,Inflación Alta
"2012-06-15",43,C,634815.1,213.1786952,9.575,Inestabilidad Laboral,Inflación Alta
"2012-06-22",43,C,613270.79,213.2123786,9.575,Inestabilidad Laboral,Inflación Alta
"2012-06-29",43,C,593128.13,213.2460619,9.575,Inestabilidad Laboral,Inflación Alta
"2012-07-06",43,C,645618.59,213.2797452,9.285,Inestabilidad Laboral,Inflación Alta
"2012-07-13",43,C,627634.04,213.3134286,9.285,Inestabilidad Laboral,Inflación Alta
"2012-07-20",43,C,596554.05,213.3219124,9.285,Inestabilidad Laboral,Inflación Alta
"2012-07-27",43,C,572447.52,213.3303963,9.285,Inestabilidad Laboral,Inflación Alta
"2012-08-03",43,C,614378.9400000001,213.3388802,9.285,Inestabilidad Laboral,Inflación Alta
"2012-08-10",43,C,643558.78,213.3473641,9.285,Inestabilidad Laboral,Inflación Alta
"2012-08-17",43,C,640210.85,213.4226959,9.285,Inestabilidad Laboral,Inflación Alta
"2012-08-24",43,C,598234.64,213.5481636,9.285,Inestabilidad Laboral,Inflación Alta
"2012-08-31",43,C,593141.29,213.6736313,9.285,Inestabilidad Laboral,Inflación Alta
"2012-09-07",43,C,663814.18,213.7990991,9.285,Inestabilidad Laboral,Inflación Alta
"2012-09-14",43,C,625196.9400000001,213.9332167,9.285,Inestabilidad Laboral,Inflación Alta
"2012-09-21",43,C,601990.02,214.1192333,9.285,Inestabilidad Laboral,Inflación Alta
"2012-09-28",43,C,577792.32,214.30525,9.285,Inestabilidad Laboral,Inflación Alta
"2012-10-05",43,C,642614.89,214.4912667,8.839,Inestabilidad Laboral,Inflación Alta
"2012-10-12",43,C,619369.72,214.6772833,8.839,Inestabilidad Laboral,Inflación Alta
"2012-10-19",43,C,623919.23,214.7212488,8.839,Inestabilidad Laboral,Inflación Alta
"2012-10-26",43,C,587603.55,214.7415392,8.839,Inestabilidad Laboral,Inflación Alta
"2010-02-05",44,C,281090.95,126.4420645,8.119,Estrés Moderado,Inflación Baja
"2010-02-12",44,C,286857.13,126.4962581,8.119,Estrés Moderado,Inflación Baja
"2010-02-19",44,C,267956.3,126.5262857,8.119,Estrés Moderado,Inflación Baja
"2010-02-26",44,C,273079.07,126.5522857,8.119,Estrés Moderado,Inflación Baja
"2010-03-05",44,C,284617.27,126.5782857,8.119,Estrés Moderado,Inflación Baja
"2010-03-12",44,C,272190.83,126.6042857,8.119,Estrés Moderado,Inflación Baja
"2010-03-19",44,C,269624.2,126.6066452,8.119,Estrés Moderado,Inflación Baja
"2010-03-26",44,C,276279.49,126.6050645,8.119,Estrés Moderado,Inflación Baja
"2010-04-02",44,C,286197.5,126.6034839,7.972,Estrés Moderado,Inflación Baja
"2010-04-09",44,C,257361.3,126.6019032,7.972,Estrés Moderado,Inflación Baja
"2010-04-16",44,C,280048.74,126.5621,7.972,Estrés Moderado,Inflación Baja
"2010-04-23",44,C,278287.04,126.4713333,7.972,Estrés Moderado,Inflación Baja
"2010-04-30",44,C,272997.65,126.3805667,7.972,Estrés Moderado,Inflación Baja
"2010-05-07",44,C,285379.86,126.2898,7.972,Estrés Moderado,Inflación Baja
"2010-05-14",44,C,286515.92,126.2085484,7.972,Estrés Moderado,Inflación Baja
"2010-05-21",44,C,267065.35,126.1843871,7.972,Estrés Moderado,Inflación Baja
"2010-05-28",44,C,291891.01,126.1602258,7.972,Estrés Moderado,Inflación Baja
"2010-06-04",44,C,282351.82,126.1360645,7.972,Estrés Moderado,Inflación Baja
"2010-06-11",44,C,296818.2,126.1119032,7.972,Estrés Moderado,Inflación Baja
"2010-06-18",44,C,293481.36,126.114,7.972,Estrés Moderado,Inflación Baja
"2010-06-25",44,C,288247.24,126.1266,7.972,Estrés Moderado,Inflación Baja
"2010-07-02",44,C,300628.19,126.1392,7.804,Estrés Moderado,Inflación Baja
"2010-07-09",44,C,280472.77999999997,126.1518,7.804,Estrés Moderado,Inflación Baja
"2010-07-16",44,C,297099.95,126.1498065,7.804,Estrés Moderado,Inflación Baja
"2010-07-23",44,C,292680.16,126.1283548,7.804,Estrés Moderado,Inflación Baja
"2010-07-30",44,C,275020.96,126.1069032,7.804,Estrés Moderado,Inflación Baja
"2010-08-06",44,C,296804.49,126.0854516,7.804,Estrés Moderado,Inflación Baja
"2010-08-13",44,C,291028.08999999997,126.064,7.804,Estrés Moderado,Inflación Baja
"2010-08-20",44,C,284740.5,126.0766452,7.804,Estrés Moderado,Inflación Baja
"2010-08-27",44,C,293155.08,126.0892903,7.804,Estrés Moderado,Inflación Baja
"2010-09-03",44,C,295880.12,126.1019355,7.804,Estrés Moderado,Inflación Baja
"2010-09-10",44,C,283455.13,126.1145806,7.804,Estrés Moderado,Inflación Baja
"2010-09-17",44,C,279364.13,126.1454667,7.804,Estrés Moderado,Inflación Baja
"2010-09-24",44,C,281313.77999999997,126.1900333,7.804,Estrés Moderado,Inflación Baja
"2010-10-01",44,C,300152.45,126.2346,7.61,Estrés Moderado,Inflación Baja
"2010-10-08",44,C,279524.44,126.2791667,7.61,Estrés Moderado,Inflación Baja
"2010-10-15",44,C,268708.43,126.3266774,7.61,Estrés Moderado,Inflación Baja
"2010-10-22",44,C,270110.3,126.3815484,7.61,Estrés Moderado,Inflación Baja
"2010-10-29",44,C,286497.49,126.4364194,7.61,Estrés Moderado,Inflación Baja
"2010-11-05",44,C,270516.84,126.4912903,7.61,Estrés Moderado,Inflación Baja
"2010-11-12",44,C,281909.79,126.5461613,7.61,Estrés Moderado,Inflación Baja
"2010-11-19",44,C,284322.52,126.6072,7.61,Estrés Moderado,Inflación Baja
"2010-11-26",44,C,307646.5,126.6692667,7.61,Estrés Moderado,Inflación Baja
"2010-12-03",44,C,264214.12,126.7313333,7.61,Estrés Moderado,Inflación Baja
"2010-12-10",44,C,278253.28,126.7934,7.61,Estrés Moderado,Inflación Baja
"2010-12-17",44,C,278646.35,126.8794839,7.61,Estrés Moderado,Inflación Baja
"2010-12-24",44,C,365098.24,126.9835806,7.61,Estrés Moderado,Inflación Baja
"2010-12-31",44,C,241937.11,127.0876774,7.61,Estrés Moderado,Inflación Baja
"2011-01-07",44,C,288320.38,127.1917742,7.224,Estrés Moderado,Inflación Baja
"2011-01-14",44,C,292859.36,127.3009355,7.224,Estrés Moderado,Inflación Baja
"2011-01-21",44,C,276157.8,127.4404839,7.224,Estrés Moderado,Inflación Baja
"2011-01-28",44,C,276011.4,127.5800323,7.224,Estrés Moderado,Inflación Baja
"2011-02-04",44,C,293953.08,127.7195806,7.224,Estrés Moderado,Inflación Baja
"2011-02-11",44,C,307486.73,127.859129,7.224,Estrés Moderado,Inflación Baja
"2011-02-18",44,C,280785.76,127.99525,7.224,Estrés Moderado,Inflación Baja
"2011-02-25",44,C,279427.93,128.13,7.224,Estrés Moderado,Inflación Baja
"2011-03-04",44,C,293984.54,128.26475,7.224,Estrés Moderado,Inflación Baja
"2011-03-11",44,C,284496.14,128.3995,7.224,Estrés Moderado,Inflación Baja
"2011-03-18",44,C,281699.68,128.5121935,7.224,Estrés Moderado,Inflación Baja
"2011-03-25",44,C,285031.81,128.6160645,7.224,Estrés Moderado,Inflación Baja
"2011-04-01",44,C,281514.26,128.7199355,6.906,Estrés Moderado,Inflación Baja
"2011-04-08",44,C,292498.61,128.8238065,6.906,Estrés Moderado,Inflación Baja
"2011-04-15",44,C,289667.55,128.9107333,6.906,Estrés Moderado,Inflación Baja
"2011-04-22",44,C,280357.3,128.9553,6.906,Estrés Moderado,Inflación Baja
"2011-04-29",44,C,281247.97,128.9998667,6.906,Estrés Moderado,Inflación Baja
"2011-05-06",44,C,299354.67,129.0444333,6.906,Estrés Moderado,Inflación Baja
"2011-05-13",44,C,307095.31,129.089,6.906,Estrés Moderado,Inflación Baja
"2011-05-20",44,C,303559.23,129.0756774,6.906,Estrés Moderado,Inflación Baja
"2011-05-27",44,C,308442.49,129.0623548,6.906,Estrés Moderado,Inflación Baja
"2011-06-03",44,C,308950.04,129.0490323,6.906,Estrés Moderado,Inflación Baja
"2011-06-10",44,C,308770.42,129.0357097,6.906,Estrés Moderado,Inflación Baja
"2011-06-17",44,C,300255.87,129.0432,6.906,Estrés Moderado,Inflación Baja
"2011-06-24",44,C,296765.59,129.0663,6.906,Estrés Moderado,Inflación Baja
"2011-07-01",44,C,315273.08,129.0894,6.56,Estrés Moderado,Inflación Baja
"2011-07-08",44,C,295339.01,129.1125,6.56,Estrés Moderado,Inflación Baja
"2011-07-15",44,C,289201.20999999996,129.1338387,6.56,Estrés Moderado,Inflación Baja
"2011-07-22",44,C,303108.81,129.1507742,6.56,Estrés Moderado,Inflación Baja
"2011-07-29",44,C,279677.0,129.1677097,6.56,Estrés Moderado,Inflación Baja
"2011-08-05",44,C,298080.45,129.1846452,6.56,Estrés Moderado,Inflación Baja
"2011-08-12",44,C,290399.66,129.2015806,6.56,Estrés Moderado,Inflación Baja
"2011-08-19",44,C,290909.69,129.2405806,6.56,Estrés Moderado,Inflación Baja
"2011-08-26",44,C,324174.79,129.2832581,6.56,Estrés Moderado,Inflación Baja
"2011-09-02",44,C,309543.52,129.3259355,6.56,Estrés Moderado,Inflación Baja
"2011-09-09",44,C,295811.25,129.3686129,6.56,Estrés Moderado,Inflación Baja
"2011-09-16",44,C,303974.28,129.4306,6.56,Estrés Moderado,Inflación Baja
"2011-09-23",44,C,307409.13,129.5183333,6.56,Estrés Moderado,Inflación Baja
"2011-09-30",44,C,299757.75,129.6060667,6.56,Estrés Moderado,Inflación Baja
"2011-10-07",44,C,312577.36,129.6938,6.078,Estabilidad Laboral,Inflación Baja
"2011-10-14",44,C,293031.78,129.7706452,6.078,Estabilidad Laboral,Inflación Baja
"2011-10-21",44,C,305969.81,129.7821613,6.078,Estabilidad Laboral,Inflación Baja
"2011-10-28",44,C,306336.07,129.7936774,6.078,Estabilidad Laboral,Inflación Baja
"2011-11-04",44,C,307126.33999999997,129.8051935,6.078,Estabilidad Laboral,Inflación Baja
"2011-11-11",44,C,312233.56,129.8167097,6.078,Estabilidad Laboral,Inflación Baja
"2011-11-18",44,C,310531.04,129.8268333,6.078,Estabilidad Laboral,Inflación Baja
"2011-11-25",44,C,309129.01,129.8364,6.078,Estabilidad Laboral,Inflación Baja
"2011-12-02",44,C,284309.34,129.8459667,6.078,Estabilidad Laboral,Inflación Baja
"2011-12-09",44,C,304300.91,129.8555333,6.078,Estabilidad Laboral,Inflación Baja
"2011-12-16",44,C,311144.16,129.8980645,6.078,Estabilidad Laboral,Inflación Baja
"2011-12-23",44,C,376233.89,129.9845484,6.078,Estabilidad Laboral,Inflación Baja
"2011-12-30",44,C,263917.85,130.0710323,6.078,Estabilidad Laboral,Inflación Baja
"2012-01-06",44,C,325327.93,130.1575161,5.774,Estabilidad Laboral,Inflación Baja
"2012-01-13",44,C,312361.88,130.244,5.774,Estabilidad Laboral,Inflación Baja
"2012-01-20",44,C,316948.39,130.2792258,5.774,Estabilidad Laboral,Inflación Baja
"2012-01-27",44,C,308295.38,130.3144516,5.774,Estabilidad Laboral,Inflación Baja
"2012-02-03",44,C,325986.05,130.3496774,5.774,Estabilidad Laboral,Inflación Baja
"2012-02-10",44,C,325377.97000000003,130.3849032,5.774,Estabilidad Laboral,Inflación Baja
"2012-02-17",44,C,320691.21,130.4546207,5.774,Estabilidad Laboral,Inflación Baja
"2012-02-24",44,C,315641.8,130.5502069,5.774,Estabilidad Laboral,Inflación Baja
"2012-03-02",44,C,316687.22000000003,130.6457931,5.774,Estabilidad Laboral,Inflación Baja
"2012-03-09",44,C,303438.24,130.7413793,5.774,Estabilidad Laboral,Inflación Baja
"2012-03-16",44,C,331965.95,130.8261935,5.774,Estabilidad Laboral,Inflación Baja
"2012-03-23",44,C,296947.06,130.8966452,5.774,Estabilidad Laboral,Inflación Baja
"2012-03-30",44,C,310027.29,130.9670968,5.774,Estabilidad Laboral,Inflación Baja
"2012-04-06",44,C,320021.1,131.0375484,5.621,Estabilidad Laboral,Inflación Baja
"2012-04-13",44,C,311390.22000000003,131.108,5.621,Estabilidad Laboral,Inflación Baja
"2012-04-20",44,C,323233.8,131.1173333,5.621,Estabilidad Laboral,Inflación Baja
"2012-04-27",44,C,330338.36,131.1266667,5.621,Estabilidad Laboral,Inflación Baja
"2012-05-04",44,C,326053.28,131.136,5.621,Estabilidad Laboral,Inflación Baja
"2012-05-11",44,C,341381.08,131.1453333,5.621,Estabilidad Laboral,Inflación Baja
"2012-05-18",44,C,334042.43,131.0983226,5.621,Estabilidad Laboral,Inflación Baja
"2012-05-25",44,C,343268.29,131.0287742,5.621,Estabilidad Laboral,Inflación Baja
"2012-06-01",44,C,323410.94,130.9592258,5.621,Estabilidad Laboral,Inflación Baja
"2012-06-08",44,C,340238.38,130.8896774,5.621,Estabilidad Laboral,Inflación Baja
"2012-06-15",44,C,338400.82,130.8295333,5.621,Estabilidad Laboral,Inflación Baja
"2012-06-22",44,C,336241.0,130.7929,5.621,Estabilidad Laboral,Inflación Baja
"2012-06-29",44,C,338386.08,130.7562667,5.621,Estabilidad Laboral,Inflación Baja
"2012-07-06",44,C,358461.58,130.7196333,5.407,Estabilidad Laboral,Inflación Baja
"2012-07-13",44,C,336479.49,130.683,5.407,Estabilidad Laboral,Inflación Baja
"2012-07-20",44,C,337819.16,130.7012903,5.407,Estabilidad Laboral,Inflación Baja
"2012-07-27",44,C,319855.26,130.7195806,5.407,Estabilidad Laboral,Inflación Baja
"2012-08-03",44,C,342385.38,130.737871,5.407,Estabilidad Laboral,Inflación Baja
"2012-08-10",44,C,333594.81,130.7561613,5.407,Estabilidad Laboral,Inflación Baja
"2012-08-17",44,C,327389.51,130.7909677,5.407,Estabilidad Laboral,Inflación Baja
"2012-08-24",44,C,337985.74,130.8381613,5.407,Estabilidad Laboral,Inflación Baja
"2012-08-31",44,C,339490.69,130.8853548,5.407,Estabilidad Laboral,Inflación Baja
"2012-09-07",44,C,338737.33,130.9325484,5.407,Estabilidad Laboral,Inflación Baja
"2012-09-14",44,C,347726.67,130.9776667,5.407,Estabilidad Laboral,Inflación Baja
"2012-09-21",44,C,336017.6,131.0103333,5.407,Estabilidad Laboral,Inflación Baja
"2012-09-28",44,C,355307.94,131.043,5.407,Estabilidad Laboral,Inflación Baja
"2012-10-05",44,C,337390.44,131.0756667,5.217,Estabilidad Laboral,Inflación Baja
"2012-10-12",44,C,337796.13,131.1083333,5.217,Estabilidad Laboral,Inflación Baja
"2012-10-19",44,C,323766.77,131.1499677,5.217,Estabilidad Laboral,Inflación Baja
"2012-10-26",44,C,361067.07,131.1930968,5.217,Estabilidad Laboral,Inflación Baja
"2010-02-05",45,B,890689.51,181.8711898,8.992,Inestabilidad Laboral,Inflación Media
"2010-02-12",45,B,656988.64,181.982317,8.992,Inestabilidad Laboral,Inflación Media
"2010-02-19",45,B,841264.04,182.0347816,8.992,Inestabilidad Laboral,Inflación Media
"2010-02-26",45,B,741891.65,182.0774691,8.992,Inestabilidad Laboral,Inflación Media
"2010-03-05",45,B,777951.22,182.1201566,8.992,Inestabilidad Laboral,Inflación Media
"2010-03-12",45,B,765687.42,182.1628441,8.992,Inestabilidad Laboral,Inflación Media
"2010-03-19",45,B,773819.49,182.0779857,8.992,Inestabilidad Laboral,Inflación Media
"2010-03-26",45,B,782563.38,181.9718697,8.992,Inestabilidad Laboral,Inflación Media
"2010-04-02",45,B,877235.96,181.8657537,8.899,Inestabilidad Laboral,Inflación Media
"2010-04-09",45,B,833782.7,181.7596377,8.899,Inestabilidad Laboral,Inflación Media
"2010-04-16",45,B,782221.96,181.6924769,8.899,Inestabilidad Laboral,Inflación Media
"2010-04-23",45,B,749779.1,181.6772564,8.899,Inestabilidad Laboral,Inflación Media
"2010-04-30",45,B,737265.57,181.6620359,8.899,Inestabilidad Laboral,Inflación Media
"2010-05-07",45,B,812190.76,181.6468154,8.899,Inestabilidad Laboral,Inflación Media
"2010-05-14",45,B,758182.2,181.6612792,8.899,Inestabilidad Laboral,Inflación Media
"2010-05-21",45,B,747888.25,181.8538486,8.899,Inestabilidad Laboral,Inflación Media
"2010-05-28",45,B,801098.43,182.0464181,8.899,Inestabilidad Laboral,Inflación Media
"2010-06-04",45,B,837548.62,182.2389876,8.899,Inestabilidad Laboral,Inflación Media
"2010-06-11",45,B,794698.77,182.4315571,8.899,Inestabilidad Laboral,Inflación Media
"2010-06-18",45,B,815130.5,182.4424199,8.899,Inestabilidad Laboral,Inflación Media
"2010-06-25",45,B,792299.15,182.3806,8.899,Inestabilidad Laboral,Inflación Media
"2010-07-02",45,B,800147.84,182.3187801,8.743,Inestabilidad Laboral,Inflación Media
"2010-07-09",45,B,787062.0,182.2569603,8.743,Inestabilidad Laboral,Inflación Media
"2010-07-16",45,B,723708.99,182.2604411,8.743,Inestabilidad Laboral,Inflación Media
"2010-07-23",45,B,714601.11,182.3509895,8.743,Inestabilidad Laboral,Inflación Media
"2010-07-30",45,B,716859.27,182.4415378,8.743,Inestabilidad Laboral,Inflación Media
"2010-08-06",45,B,746517.32,182.5320862,8.743,Inestabilidad Laboral,Inflación Media
"2010-08-13",45,B,722262.21,182.6226346,8.743,Inestabilidad Laboral,Inflación Media
"2010-08-20",45,B,708568.29,182.6165205,8.743,Inestabilidad Laboral,Inflación Media
"2010-08-27",45,B,721744.33,182.6104063,8.743,Inestabilidad Laboral,Inflación Media
"2010-09-03",45,B,790144.7,182.6042922,8.743,Inestabilidad Laboral,Inflación Media
"2010-09-10",45,B,721460.22,182.598178,8.743,Inestabilidad Laboral,Inflación Media
"2010-09-17",45,B,716987.58,182.622509,8.743,Inestabilidad Laboral,Inflación Media
"2010-09-24",45,B,678228.58,182.6696737,8.743,Inestabilidad Laboral,Inflación Media
"2010-10-01",45,B,690007.76,182.7168385,8.724,Inestabilidad Laboral,Inflación Media
"2010-10-08",45,B,745782.1,182.7640032,8.724,Inestabilidad Laboral,Inflación Media
"2010-10-15",45,B,715263.3,182.8106203,8.724,Inestabilidad Laboral,Inflación Media
"2010-10-22",45,B,730899.37,182.8558685,8.724,Inestabilidad Laboral,Inflación Media
"2010-10-29",45,B,732859.76,182.9011166,8.724,Inestabilidad Laboral,Inflación Media
"2010-11-05",45,B,764014.0599999999,182.9463648,8.724,Inestabilidad Laboral,Inflación Media
"2010-11-12",45,B,765648.93,182.9916129,8.724,Inestabilidad Laboral,Inflación Media
"2010-11-19",45,B,723987.85,182.8989385,8.724,Inestabilidad Laboral,Inflación Media
"2010-11-26",45,B,1182500.16,182.7832769,8.724,Inestabilidad Laboral,Inflación Media
"2010-12-03",45,B,879244.9,182.6676154,8.724,Inestabilidad Laboral,Inflación Media
"2010-12-10",45,B,1002364.34,182.5519538,8.724,Inestabilidad Laboral,Inflación Media
"2010-12-17",45,B,1123282.85,182.517732,8.724,Inestabilidad Laboral,Inflación Media
"2010-12-24",45,B,1682862.03,182.54459,8.724,Inestabilidad Laboral,Inflación Media
"2010-12-31",45,B,679156.2,182.5714479,8.724,Inestabilidad Laboral,Inflación Media
"2011-01-07",45,B,680254.35,182.5983058,8.549,Inestabilidad Laboral,Inflación Media
"2011-01-14",45,B,654018.95,182.6585782,8.549,Inestabilidad Laboral,Inflación Media
"2011-01-21",45,B,644285.33,182.9193368,8.549,Inestabilidad Laboral,Inflación Media
"2011-01-28",45,B,617207.58,183.1800955,8.549,Inestabilidad Laboral,Inflación Media
"2011-02-04",45,B,759442.33,183.4408542,8.549,Inestabilidad Laboral,Inflación Media
"2011-02-11",45,B,766456.0,183.7016129,8.549,Inestabilidad Laboral,Inflación Media
"2011-02-18",45,B,802253.41,183.9371353,8.549,Inestabilidad Laboral,Inflación Media
"2011-02-25",45,B,733716.78,184.1625632,8.549,Inestabilidad Laboral,Inflación Media
"2011-03-04",45,B,761880.36,184.3879911,8.549,Inestabilidad Laboral,Inflación Media
"2011-03-11",45,B,714014.73,184.613419,8.549,Inestabilidad Laboral,Inflación Media
"2011-03-18",45,B,733564.77,184.809719,8.549,Inestabilidad Laboral,Inflación Media
"2011-03-25",45,B,719737.25,184.9943679,8.549,Inestabilidad Laboral,Inflación Media
"2011-04-01",45,B,712425.76,185.1790167,8.521,Inestabilidad Laboral,Inflación Media
"2011-04-08",45,B,750182.71,185.3636656,8.521,Inestabilidad Laboral,Inflación Media
"2011-04-15",45,B,765270.02,185.5339821,8.521,Inestabilidad Laboral,Inflación Media
"2011-04-22",45,B,813630.44,185.6684673,8.521,Inestabilidad Laboral,Inflación Media
"2011-04-29",45,B,786561.61,185.8029526,8.521,Inestabilidad Laboral,Inflación Media
"2011-05-06",45,B,810150.64,185.9374378,8.521,Inestabilidad Laboral,Inflación Media
"2011-05-13",45,B,793889.1,186.0719231,8.521,Inestabilidad Laboral,Inflación Media
"2011-05-20",45,B,727163.67,185.9661154,8.521,Inestabilidad Laboral,Inflación Media
"2011-05-27",45,B,817653.25,185.8603077,8.521,Inestabilidad Laboral,Inflación Media
"2011-06-03",45,B,877423.45,185.7545,8.521,Inestabilidad Laboral,Inflación Media
"2011-06-10",45,B,814395.17,185.6486923,8.521,Inestabilidad Laboral,Inflación Media
"2011-06-17",45,B,811153.67,185.6719333,8.521,Inestabilidad Laboral,Inflación Media
"2011-06-24",45,B,762861.78,185.7919609,8.521,Inestabilidad Laboral,Inflación Media
"2011-07-01",45,B,791495.25,185.9119885,8.625,Inestabilidad Laboral,Inflación Media
"2011-07-08",45,B,768718.11,186.032016,8.625,Inestabilidad Laboral,Inflación Media
"2011-07-15",45,B,748435.2,186.1399808,8.625,Inestabilidad Laboral,Inflación Media
"2011-07-22",45,B,741625.25,186.2177885,8.625,Inestabilidad Laboral,Inflación Media
"2011-07-29",45,B,704680.97,186.2955962,8.625,Inestabilidad Laboral,Inflación Media
"2011-08-05",45,B,765996.92,186.3734038,8.625,Inestabilidad Laboral,Inflación Media
"2011-08-12",45,B,724180.89,186.4512115,8.625,Inestabilidad Laboral,Inflación Media
"2011-08-19",45,B,712362.72,186.5093071,8.625,Inestabilidad Laboral,Inflación Media
"2011-08-26",45,B,833979.01,186.5641172,8.625,Inestabilidad Laboral,Inflación Media
"2011-09-02",45,B,726482.39,186.6189274,8.625,Inestabilidad Laboral,Inflación Media
"2011-09-09",45,B,746129.5599999999,186.6737376,8.625,Inestabilidad Laboral,Inflación Media
"2011-09-16",45,B,711367.56,186.8024,8.625,Inestabilidad Laboral,Inflación Media
"2011-09-23",45,B,714106.42,187.0295321,8.625,Inestabilidad Laboral,Inflación Media
"2011-09-30",45,B,698986.34,187.2566641,8.625,Inestabilidad Laboral,Inflación Media
"2011-10-07",45,B,753447.05,187.4837962,8.523,Inestabilidad Laboral,Inflación Media
"2011-10-14",45,B,720946.99,187.6917481,8.523,Inestabilidad Laboral,Inflación Media
"2011-10-21",45,B,771686.4,187.7846197,8.523,Inestabilidad Laboral,Inflación Media
"2011-10-28",45,B,781694.57,187.8774913,8.523,Inestabilidad Laboral,Inflación Media
"2011-11-04",45,B,833429.22,187.9703629,8.523,Inestabilidad Laboral,Inflación Media
"2011-11-11",45,B,808624.82,188.0632345,8.523,Inestabilidad Laboral,Inflación Media
"2011-11-18",45,B,773603.77,188.1983654,8.523,Inestabilidad Laboral,Inflación Media
"2011-11-25",45,B,1170672.94,188.3504,8.523,Inestabilidad Laboral,Inflación Media
"2011-12-02",45,B,875699.81,188.5024346,8.523,Inestabilidad Laboral,Inflación Media
"2011-12-09",45,B,957155.3099999999,188.6544692,8.523,Inestabilidad Laboral,Inflación Media
"2011-12-16",45,B,1078905.68,188.7979349,8.523,Inestabilidad Laboral,Inflación Media
"2011-12-23",45,B,1521957.99,188.9299752,8.523,Inestabilidad Laboral,Inflación Media
"2011-12-30",45,B,869403.63,189.0620155,8.523,Inestabilidad Laboral,Inflación Media
"2012-01-06",45,B,714081.05,189.1940558,8.424,Estrés Moderado,Inflación Media
"2012-01-13",45,B,676615.53,189.3260962,8.424,Estrés Moderado,Inflación Media
"2012-01-20",45,B,700392.21,189.4214733,8.424,Estrés Moderado,Inflación Media
"2012-01-27",45,B,624081.64,189.5168505,8.424,Estrés Moderado,Inflación Media
"2012-02-03",45,B,757330.95,189.6122277,8.424,Estrés Moderado,Inflación Media
"2012-02-10",45,B,803657.12,189.7076048,8.424,Estrés Moderado,Inflación Media
"2012-02-17",45,B,858853.75,189.8424834,8.424,Estrés Moderado,Inflación Media
"2012-02-24",45,B,753060.78,190.0069881,8.424,Estrés Moderado,Inflación Media
"2012-03-02",45,B,782796.01,190.1714927,8.424,Estrés Moderado,Inflación Media
"2012-03-09",45,B,776968.87,190.3359973,8.424,Estrés Moderado,Inflación Media
"2012-03-16",45,B,788340.23,190.4618964,8.424,Estrés Moderado,Inflación Media
"2012-03-23",45,B,791835.37,190.5363213,8.424,Estrés Moderado,Inflación Media
"2012-03-30",45,B,777254.06,190.6107463,8.424,Estrés Moderado,Inflación Media
"2012-04-06",45,B,899479.43,190.6851712,8.567,Inestabilidad Laboral,Inflación Media
"2012-04-13",45,B,781970.6,190.7595962,8.567,Inestabilidad Laboral,Inflación Media
"2012-04-20",45,B,776661.74,190.8138013,8.567,Inestabilidad Laboral,Inflación Media
"2012-04-27",45,B,711571.88,190.8680064,8.567,Inestabilidad Laboral,Inflación Media
"2012-05-04",45,B,782300.68,190.9222115,8.567,Inestabilidad Laboral,Inflación Media
"2012-05-11",45,B,770487.37,190.9764167,8.567,Inestabilidad Laboral,Inflación Media
"2012-05-18",45,B,800842.28,190.9964479,8.567,Inestabilidad Laboral,Inflación Media
"2012-05-25",45,B,817741.17,191.0028096,8.567,Inestabilidad Laboral,Inflación Media
"2012-06-01",45,B,837144.63,191.0091712,8.567,Inestabilidad Laboral,Inflación Media
"2012-06-08",45,B,795133.0,191.0155329,8.567,Inestabilidad Laboral,Inflación Media
"2012-06-15",45,B,821498.18,191.0299731,8.567,Inestabilidad Laboral,Inflación Media
"2012-06-22",45,B,822569.16,191.0646096,8.567,Inestabilidad Laboral,Inflación Media
"2012-06-29",45,B,773367.71,191.0992462,8.567,Inestabilidad Laboral,Inflación Media
"2012-07-06",45,B,843361.1,191.1338827,8.684,Inestabilidad Laboral,Inflación Media
"2012-07-13",45,B,749817.08,191.1685192,8.684,Inestabilidad Laboral,Inflación Media
"2012-07-20",45,B,737613.65,191.1670428,8.684,Inestabilidad Laboral,Inflación Media
"2012-07-27",45,B,711671.58,191.1655664,8.684,Inestabilidad Laboral,Inflación Media
"2012-08-03",45,B,725729.51,191.16409,8.684,Inestabilidad Laboral,Inflación Media
"2012-08-10",45,B,733037.32,191.1626135,8.684,Inestabilidad Laboral,Inflación Media
"2012-08-17",45,B,722496.9299999999,191.2284919,8.684,Inestabilidad Laboral,Inflación Media
"2012-08-24",45,B,718232.26,191.3448865,8.684,Inestabilidad Laboral,Inflación Media
"2012-08-31",45,B,734297.87,191.461281,8.684,Inestabilidad Laboral,Inflación Media
"2012-09-07",45,B,766512.66,191.5776756,8.684,Inestabilidad Laboral,Inflación Media
"2012-09-14",45,B,702238.27,191.69985,8.684,Inestabilidad Laboral,Inflación Media
"2012-09-21",45,B,723086.2,191.8567038,8.684,Inestabilidad Laboral,Inflación Media
"2012-09-28",45,B,713173.95,192.0135577,8.684,Inestabilidad Laboral,Inflación Media
"2012-10-05",45,B,733455.0700000001,192.1704115,8.667,Inestabilidad Laboral,Inflación Media
"2012-10-12",45,B,734464.36,192.3272654,8.667,Inestabilidad Laboral,Inflación Media
"2012-10-19",45,B,718125.53,192.3308542,8.667,Inestabilidad Laboral,Inflación Media
"2012-10-26",45,B,760281.43,192.3088989,8.667,Inestabilidad Laboral,Inflación Media
